train_0.jpg,208,537,422,814,object,3024,3024
train_0.jpg,1268,1923,1365,2209,object,3024,3024
train_0.jpg,1135,2074,1261,2166,object,3024,3024
train_0.jpg,1045,2085,1122,2258,object,3024,3024
train_0.jpg,976,2036,1040,2177,object,3024,3024
train_0.jpg,863,2048,937,2194,object,3024,3024
train_0.jpg,772,2097,843,2244,object,3024,3024
train_0.jpg,659,2157,724,2222,object,3024,3024
train_0.jpg,568,2066,645,2198,object,3024,3024
train_0.jpg,488,2097,558,2257,object,3024,3024
train_0.jpg,413,2093,481,2259,object,3024,3024
train_0.jpg,367,2082,406,2259,object,3024,3024
train_0.jpg,280,2082,366,2248,object,3024,3024
train_0.jpg,204,2097,276,2241,object,3024,3024
train_0.jpg,83,2017,185,2247,object,3024,3024
train_0.jpg,3,1741,71,1944,object,3024,3024
train_0.jpg,1128,1737,1213,1929,object,3024,3024
train_0.jpg,1033,1665,1120,1847,object,3024,3024
train_0.jpg,1120,6,1269,265,object,3024,3024
train_0.jpg,1048,91,1115,262,object,3024,3024
train_0.jpg,954,142,1049,261,object,3024,3024
train_0.jpg,833,91,942,257,object,3024,3024
train_0.jpg,651,23,754,273,object,3024,3024
train_0.jpg,522,30,651,271,object,3024,3024
train_0.jpg,1370,1774,1488,2210,object,3024,3024
train_0.jpg,356,1,472,261,object,3024,3024
train_0.jpg,114,4,236,261,object,3024,3024
train_0.jpg,8,15,111,262,object,3024,3024
train_0.jpg,378,1680,506,1894,object,3024,3024
train_0.jpg,704,1665,813,1827,object,3024,3024
train_0.jpg,814,1749,912,1942,object,3024,3024
train_0.jpg,923,1722,1014,1905,object,3024,3024
train_0.jpg,235,4,356,263,object,3024,3024
train_0.jpg,1491,1771,1615,2188,object,3024,3024
train_0.jpg,1620,1862,1717,2233,object,3024,3024
train_0.jpg,1718,2013,1888,2224,object,3024,3024
train_0.jpg,1018,2464,1188,2838,object,3024,3024
train_0.jpg,1204,2290,1323,2585,object,3024,3024
train_0.jpg,1328,2475,1484,2840,object,3024,3024
train_0.jpg,1484,2406,1615,2839,object,3024,3024
train_0.jpg,1624,2324,1755,2677,object,3024,3024
train_0.jpg,1764,2339,1920,2757,object,3024,3024
train_0.jpg,897,2418,1017,2827,object,3024,3024
train_0.jpg,1923,2331,2079,2759,object,3024,3024
train_0.jpg,2259,2585,2414,2832,object,3024,3024
train_0.jpg,2199,2286,2346,2446,object,3024,3024
train_0.jpg,2415,2494,2522,2659,object,3024,3024
train_0.jpg,2615,2577,2767,2788,object,3024,3024
train_0.jpg,2664,2275,2775,2508,object,3024,3024
train_0.jpg,439,534,683,821,object,3024,3024
train_0.jpg,2089,2396,2185,2670,object,3024,3024
train_0.jpg,1272,4,1425,279,object,3024,3024
train_0.jpg,795,2418,890,2835,object,3024,3024
train_0.jpg,526,2373,646,2745,object,3024,3024
train_0.jpg,1911,1775,2052,1990,object,3024,3024
train_0.jpg,1904,1995,2041,2217,object,3024,3024
train_0.jpg,2048,2010,2181,2222,object,3024,3024
train_0.jpg,2184,1975,2329,2222,object,3024,3024
train_0.jpg,2343,1930,2441,2224,object,3024,3024
train_0.jpg,2441,1789,2617,2225,object,3024,3024
train_0.jpg,677,2426,793,2835,object,3024,3024
train_0.jpg,2616,1762,2752,2169,object,3024,3024
train_0.jpg,2758,1949,2864,2120,object,3024,3024
train_0.jpg,0,2468,67,2839,object,3024,3024
train_0.jpg,68,2475,173,2837,object,3024,3024
train_0.jpg,174,2577,283,2865,object,3024,3024
train_0.jpg,303,2517,375,2770,object,3024,3024
train_0.jpg,375,2471,497,2856,object,3024,3024
train_0.jpg,2759,1794,2871,1947,object,3024,3024
train_0.jpg,1423,6,1591,280,object,3024,3024
train_0.jpg,2850,2290,3027,2732,object,3024,3024
train_0.jpg,1749,11,1888,276,object,3024,3024
train_0.jpg,643,905,700,1139,object,3024,3024
train_0.jpg,462,924,611,1181,object,3024,3024
train_0.jpg,288,920,448,1178,object,3024,3024
train_0.jpg,132,923,278,1200,object,3024,3024
train_0.jpg,4,927,130,1203,object,3024,3024
train_0.jpg,2865,95,2982,296,object,3024,3024
train_0.jpg,2929,587,3016,688,object,3024,3024
train_0.jpg,2854,471,2923,681,object,3024,3024
train_0.jpg,2774,431,2856,680,object,3024,3024
train_0.jpg,2596,434,2773,681,object,3024,3024
train_0.jpg,2460,454,2598,680,object,3024,3024
train_0.jpg,2287,477,2357,651,object,3024,3024
train_0.jpg,2184,455,2281,691,object,3024,3024
train_0.jpg,704,931,850,1190,object,3024,3024
train_0.jpg,68,1767,185,1954,object,3024,3024
train_0.jpg,15,534,210,814,object,3024,3024
train_0.jpg,2721,90,2857,284,object,3024,3024
train_0.jpg,2403,104,2577,288,object,3024,3024
train_0.jpg,2343,140,2402,287,object,3024,3024
train_0.jpg,2032,405,2128,655,object,3024,3024
train_0.jpg,1942,406,2032,666,object,3024,3024
train_0.jpg,1832,409,1927,665,object,3024,3024
train_0.jpg,1737,405,1819,677,object,3024,3024
train_0.jpg,1605,473,1726,684,object,3024,3024
train_0.jpg,1514,394,1587,655,object,3024,3024
train_0.jpg,1404,420,1501,659,object,3024,3024
train_0.jpg,1287,396,1378,662,object,3024,3024
train_0.jpg,1181,378,1281,659,object,3024,3024
train_0.jpg,254,1680,367,1842,object,3024,3024
train_0.jpg,870,1082,991,1197,object,3024,3024
train_0.jpg,1181,742,1398,1118,object,3024,3024
train_0.jpg,1408,830,1605,1120,object,3024,3024
train_0.jpg,2956,1332,3024,1646,object,3024,3024
train_0.jpg,2780,1325,2892,1662,object,3024,3024
train_0.jpg,2619,1340,2761,1650,object,3024,3024
train_0.jpg,2403,1263,2470,1665,object,3024,3024
train_0.jpg,2294,1241,2403,1667,object,3024,3024
train_0.jpg,2089,1204,2251,1593,object,3024,3024
train_0.jpg,1926,1205,2076,1605,object,3024,3024
train_0.jpg,1802,1268,1918,1652,object,3024,3024
train_0.jpg,1620,1306,1783,1669,object,3024,3024
train_0.jpg,1480,1344,1618,1669,object,3024,3024
train_0.jpg,1351,1336,1463,1675,object,3024,3024
train_0.jpg,1234,1226,1347,1573,object,3024,3024
train_0.jpg,1045,1328,1197,1597,object,3024,3024
train_0.jpg,859,1325,1044,1596,object,3024,3024
train_0.jpg,795,1328,861,1597,object,3024,3024
train_0.jpg,712,1317,795,1596,object,3024,3024
train_0.jpg,511,1317,697,1596,object,3024,3024
train_0.jpg,295,1317,477,1599,object,3024,3024
train_0.jpg,189,1279,288,1521,object,3024,3024
train_0.jpg,1,1321,49,1636,object,3024,3024
train_0.jpg,2895,923,3000,1099,object,3024,3024
train_0.jpg,2710,825,2884,1093,object,3024,3024
train_0.jpg,2487,719,2674,824,object,3024,3024
train_0.jpg,2519,836,2643,1103,object,3024,3024
train_0.jpg,2369,889,2517,1121,object,3024,3024
train_0.jpg,2164,878,2357,1115,object,3024,3024
train_0.jpg,1995,757,2089,1099,object,3024,3024
train_0.jpg,1802,825,1950,1081,object,3024,3024
train_0.jpg,1612,825,1799,1119,object,3024,3024
train_0.jpg,863,549,1019,811,object,3024,3024
train_0.jpg,1593,4,1740,279,object,3024,3024
train_0.jpg,2593,91,2721,286,object,3024,3024
train_0.jpg,2233,95,2348,288,object,3024,3024
train_0.jpg,1896,87,2013,272,object,3024,3024
train_0.jpg,2013,83,2142,273,object,3024,3024
train_0.jpg,2142,95,2233,288,object,3024,3024
train_0.jpg,685,558,861,821,object,3024,3024
train_1.jpg,516,1237,616,1367,object,1920,2560
train_1.jpg,516,1375,621,1492,object,1920,2560
train_1.jpg,623,1228,741,1470,object,1920,2560
train_1.jpg,744,1208,850,1333,object,1920,2560
train_1.jpg,746,1335,847,1448,object,1920,2560
train_1.jpg,853,1323,923,1430,object,1920,2560
train_1.jpg,927,1200,1033,1425,object,1920,2560
train_1.jpg,1038,1145,1140,1280,object,1920,2560
train_1.jpg,298,1725,399,1849,object,1920,2560
train_1.jpg,1697,1829,1807,2112,object,1920,2560
train_1.jpg,1602,1891,1692,2123,object,1920,2560
train_1.jpg,1504,1901,1598,2172,object,1920,2560
train_1.jpg,1424,1929,1500,2210,object,1920,2560
train_1.jpg,1298,2032,1417,2239,object,1920,2560
train_1.jpg,1219,2161,1289,2270,object,1920,2560
train_1.jpg,1209,2041,1293,2153,object,1920,2560
train_1.jpg,1105,2204,1209,2308,object,1920,2560
train_1.jpg,1105,2075,1205,2192,object,1920,2560
train_1.jpg,942,2096,1097,2388,object,1920,2560
train_1.jpg,792,2163,935,2446,object,1920,2560
train_1.jpg,405,1384,510,1504,object,1920,2560
train_1.jpg,405,1243,513,1375,object,1920,2560
train_1.jpg,255,1249,401,1522,object,1920,2560
train_1.jpg,101,1265,252,1532,object,1920,2560
train_1.jpg,1249,457,1328,737,object,1920,2560
train_1.jpg,1526,516,1607,742,object,1920,2560
train_1.jpg,1615,517,1678,737,object,1920,2560
train_1.jpg,1682,516,1746,747,object,1920,2560
train_1.jpg,1750,532,1830,749,object,1920,2560
train_1.jpg,40,767,183,1150,object,1920,2560
train_1.jpg,187,770,309,1133,object,1920,2560
train_1.jpg,313,789,427,1130,object,1920,2560
train_1.jpg,522,795,617,1120,object,1920,2560
train_1.jpg,620,795,720,1109,object,1920,2560
train_1.jpg,724,795,806,1087,object,1920,2560
train_1.jpg,820,789,899,1094,object,1920,2560
train_1.jpg,902,789,994,1092,object,1920,2560
train_1.jpg,998,792,1072,1088,object,1920,2560
train_1.jpg,1077,789,1147,1079,object,1920,2560
train_1.jpg,1151,798,1227,1077,object,1920,2560
train_1.jpg,1231,795,1309,1069,object,1920,2560
train_1.jpg,1314,792,1384,1068,object,1920,2560
train_1.jpg,1391,795,1483,1064,object,1920,2560
train_1.jpg,1510,859,1581,1045,object,1920,2560
train_1.jpg,1587,856,1635,1042,object,1920,2560
train_1.jpg,1639,859,1686,1044,object,1920,2560
train_1.jpg,1688,856,1738,1034,object,1920,2560
train_1.jpg,1744,850,1803,1031,object,1920,2560
train_1.jpg,0,1255,97,1547,object,1920,2560
train_1.jpg,583,2213,787,2461,object,1920,2560
train_1.jpg,368,2293,518,2556,object,1920,2560
train_1.jpg,0,2367,204,2560,object,1920,2560
train_1.jpg,209,2311,363,2559,object,1920,2560
train_1.jpg,1145,1443,1238,1548,object,1920,2560
train_1.jpg,1160,442,1244,737,object,1920,2560
train_1.jpg,1041,1556,1136,1691,object,1920,2560
train_1.jpg,1041,1486,1137,1553,object,1920,2560
train_1.jpg,936,1639,1028,1711,object,1920,2560
train_1.jpg,942,1569,1032,1633,object,1920,2560
train_1.jpg,942,1483,1033,1561,object,1920,2560
train_1.jpg,850,1627,926,1735,object,1920,2560
train_1.jpg,850,1510,931,1621,object,1920,2560
train_1.jpg,737,1654,847,1749,object,1920,2560
train_1.jpg,740,1510,848,1639,object,1920,2560
train_1.jpg,638,1661,726,1774,object,1920,2560
train_1.jpg,636,1529,735,1648,object,1920,2560
train_1.jpg,506,1550,628,1801,object,1920,2560
train_1.jpg,1044,1286,1150,1414,object,1920,2560
train_1.jpg,1145,1142,1251,1262,object,1920,2560
train_1.jpg,1154,1265,1246,1391,object,1920,2560
train_1.jpg,1259,1139,1407,1377,object,1920,2560
train_1.jpg,1458,1160,1523,1361,object,1920,2560
train_1.jpg,1581,1169,1650,1336,object,1920,2560
train_1.jpg,405,1704,502,1823,object,1920,2560
train_1.jpg,1713,1154,1799,1316,object,1920,2560
train_1.jpg,0,1605,134,1896,object,1920,2560
train_1.jpg,138,1602,291,1867,object,1920,2560
train_1.jpg,295,1584,399,1720,object,1920,2560
train_1.jpg,1142,1550,1237,1675,object,1920,2560
train_1.jpg,405,1569,501,1697,object,1920,2560
train_1.jpg,1243,1421,1371,1645,object,1920,2560
train_1.jpg,1427,1425,1470,1627,object,1920,2560
train_1.jpg,1676,1600,1753,1799,object,1920,2560
train_1.jpg,1605,1676,1665,1819,object,1920,2560
train_1.jpg,1538,1675,1600,1842,object,1920,2560
train_1.jpg,1492,1694,1533,1858,object,1920,2560
train_1.jpg,1412,1667,1486,1877,object,1920,2560
train_1.jpg,1332,1685,1408,1898,object,1920,2560
train_1.jpg,1249,1691,1326,1908,object,1920,2560
train_1.jpg,1111,1725,1245,1948,object,1920,2560
train_1.jpg,1001,1857,1104,1977,object,1920,2560
train_1.jpg,1004,1744,1100,1854,object,1920,2560
train_1.jpg,899,1879,995,2000,object,1920,2560
train_1.jpg,899,1774,996,1873,object,1920,2560
train_1.jpg,792,1839,895,2037,object,1920,2560
train_1.jpg,669,1857,785,2066,object,1920,2560
train_1.jpg,534,1879,663,2105,object,1920,2560
train_1.jpg,408,2038,528,2134,object,1920,2560
train_1.jpg,408,1918,526,2032,object,1920,2560
train_1.jpg,264,1915,402,2198,object,1920,2560
train_1.jpg,126,1952,262,2201,object,1920,2560
train_1.jpg,18,2121,117,2231,object,1920,2560
train_1.jpg,3,1968,111,2106,object,1920,2560
train_1.jpg,1694,1387,1767,1569,object,1920,2560
train_1.jpg,1624,1394,1690,1569,object,1920,2560
train_1.jpg,1541,1440,1604,1608,object,1920,2560
train_1.jpg,1473,1421,1535,1607,object,1920,2560
train_1.jpg,1375,1430,1422,1626,object,1920,2560
train_1.jpg,970,417,1067,727,object,1920,2560
train_1.jpg,1654,1153,1710,1326,object,1920,2560
train_1.jpg,761,408,860,735,object,1920,2560
train_1.jpg,866,411,963,739,object,1920,2560
train_1.jpg,71,3,202,274,object,1920,2560
train_1.jpg,206,10,338,276,object,1920,2560
train_1.jpg,353,3,475,292,object,1920,2560
train_1.jpg,700,3,796,335,object,1920,2560
train_1.jpg,801,58,856,336,object,1920,2560
train_1.jpg,859,95,919,338,object,1920,2560
train_1.jpg,924,111,997,350,object,1920,2560
train_1.jpg,1001,114,1081,363,object,1920,2560
train_1.jpg,1087,74,1176,362,object,1920,2560
train_1.jpg,1179,74,1256,374,object,1920,2560
train_1.jpg,583,2,694,325,object,1920,2560
train_1.jpg,1327,103,1398,378,object,1920,2560
train_1.jpg,1262,101,1322,378,object,1920,2560
train_1.jpg,553,387,645,731,object,1920,2560
train_1.jpg,273,381,406,727,object,1920,2560
train_1.jpg,15,350,136,720,object,1920,2560
train_1.jpg,144,359,261,721,object,1920,2560
train_1.jpg,1744,194,1804,421,object,1920,2560
train_1.jpg,1679,212,1741,419,object,1920,2560
train_1.jpg,1615,213,1676,411,object,1920,2560
train_1.jpg,1541,209,1608,410,object,1920,2560
train_1.jpg,1811,203,1871,424,object,1920,2560
train_1.jpg,651,402,754,747,object,1920,2560
train_10.jpg,1434,1264,1531,1519,object,2448,3264
train_10.jpg,898,1270,1004,1492,object,2448,3264
train_10.jpg,1342,1242,1416,1525,object,2448,3264
train_10.jpg,1221,1270,1322,1491,object,2448,3264
train_10.jpg,1117,1267,1214,1485,object,2448,3264
train_10.jpg,1040,1251,1111,1454,object,2448,3264
train_10.jpg,0,1061,230,1481,object,2448,3264
train_10.jpg,706,1278,795,1495,object,2448,3264
train_10.jpg,571,1285,674,1494,object,2448,3264
train_10.jpg,466,1292,568,1500,object,2448,3264
train_10.jpg,387,1282,461,1491,object,2448,3264
train_10.jpg,2276,808,2368,1055,object,2448,3264
train_10.jpg,2163,807,2271,1055,object,2448,3264
train_10.jpg,1540,1229,1609,1525,object,2448,3264
train_10.jpg,796,1277,894,1491,object,2448,3264
train_10.jpg,2373,666,2448,1072,object,2448,3264
train_10.jpg,402,1623,506,1956,object,2448,3264
train_10.jpg,1611,1228,1674,1529,object,2448,3264
train_10.jpg,943,1649,1018,1952,object,2448,3264
train_10.jpg,864,1649,941,1957,object,2448,3264
train_10.jpg,785,1615,858,1925,object,2448,3264
train_10.jpg,672,1623,772,1938,object,2448,3264
train_10.jpg,590,1626,670,1957,object,2448,3264
train_10.jpg,518,1627,590,1957,object,2448,3264
train_10.jpg,2058,792,2168,1063,object,2448,3264
train_10.jpg,102,544,223,928,object,2448,3264
train_10.jpg,156,1593,317,1889,object,2448,3264
train_10.jpg,2257,1247,2364,1505,object,2448,3264
train_10.jpg,2133,1255,2246,1509,object,2448,3264
train_10.jpg,2021,1235,2115,1510,object,2448,3264
train_10.jpg,1927,1266,2020,1513,object,2448,3264
train_10.jpg,1818,1244,1923,1517,object,2448,3264
train_10.jpg,1750,1270,1809,1511,object,2448,3264
train_10.jpg,1683,1277,1748,1521,object,2448,3264
train_10.jpg,2378,1263,2446,1514,object,2448,3264
train_10.jpg,1998,800,2060,1066,object,2448,3264
train_10.jpg,950,786,1039,1089,object,2448,3264
train_10.jpg,1754,793,1857,1068,object,2448,3264
train_10.jpg,1907,266,2019,552,object,2448,3264
train_10.jpg,1814,349,1899,568,object,2448,3264
train_10.jpg,1728,361,1806,567,object,2448,3264
train_10.jpg,1619,263,1715,563,object,2448,3264
train_10.jpg,1525,278,1613,564,object,2448,3264
train_10.jpg,1382,276,1510,571,object,2448,3264
train_10.jpg,1288,319,1378,575,object,2448,3264
train_10.jpg,1187,316,1285,582,object,2448,3264
train_10.jpg,1123,361,1180,582,object,2448,3264
train_10.jpg,1059,354,1121,578,object,2448,3264
train_10.jpg,954,320,1055,593,object,2448,3264
train_10.jpg,851,323,947,591,object,2448,3264
train_10.jpg,744,330,839,588,object,2448,3264
train_10.jpg,639,338,739,590,object,2448,3264
train_10.jpg,530,346,631,595,object,2448,3264
train_10.jpg,2021,300,2153,556,object,2448,3264
train_10.jpg,2163,304,2314,549,object,2448,3264
train_10.jpg,2336,264,2447,537,object,2448,3264
train_10.jpg,288,885,403,1106,object,2448,3264
train_10.jpg,1641,800,1741,1074,object,2448,3264
train_10.jpg,1551,808,1639,1064,object,2448,3264
train_10.jpg,1450,773,1550,1082,object,2448,3264
train_10.jpg,1322,897,1444,1082,object,2448,3264
train_10.jpg,1146,1004,1314,1085,object,2448,3264
train_10.jpg,1142,906,1304,1003,object,2448,3264
train_10.jpg,1149,825,1307,905,object,2448,3264
train_10.jpg,1867,789,1991,1070,object,2448,3264
train_10.jpg,1153,728,1320,824,object,2448,3264
train_10.jpg,1024,1643,1094,1946,object,2448,3264
train_10.jpg,864,789,944,1092,object,2448,3264
train_10.jpg,781,784,857,1101,object,2448,3264
train_10.jpg,668,789,761,1101,object,2448,3264
train_10.jpg,569,791,668,1097,object,2448,3264
train_10.jpg,483,793,567,1101,object,2448,3264
train_10.jpg,413,793,482,1104,object,2448,3264
train_10.jpg,1040,785,1137,1085,object,2448,3264
train_10.jpg,1101,1736,1191,1946,object,2448,3264
train_10.jpg,2340,1675,2440,1878,object,2448,3264
train_10.jpg,1281,1645,1346,1942,object,2448,3264
train_10.jpg,1686,2603,1835,2634,object,2448,3264
train_10.jpg,1668,2772,1816,2806,object,2448,3264
train_10.jpg,1668,2813,1818,2847,object,2448,3264
train_10.jpg,1510,2806,1663,2842,object,2448,3264
train_10.jpg,1502,2772,1667,2804,object,2448,3264
train_10.jpg,1514,2689,1676,2720,object,2448,3264
train_10.jpg,1510,2648,1668,2679,object,2448,3264
train_10.jpg,1510,2610,1665,2645,object,2448,3264
train_10.jpg,1332,2684,1505,2714,object,2448,3264
train_10.jpg,1348,2648,1496,2684,object,2448,3264
train_10.jpg,1326,2772,1503,2794,object,2448,3264
train_10.jpg,1322,2810,1491,2855,object,2448,3264
train_10.jpg,1146,2806,1303,2848,object,2448,3264
train_10.jpg,1127,2678,1291,2705,object,2448,3264
train_10.jpg,1131,2633,1299,2676,object,2448,3264
train_10.jpg,1679,2637,1827,2665,object,2448,3264
train_10.jpg,1682,2670,1848,2709,object,2448,3264
train_10.jpg,1886,2689,2038,2719,object,2448,3264
train_10.jpg,1844,2768,1998,2801,object,2448,3264
train_10.jpg,2043,2092,2150,2163,object,2448,3264
train_10.jpg,2349,2637,2446,2672,object,2448,3264
train_10.jpg,2351,2592,2446,2628,object,2448,3264
train_10.jpg,2329,2761,2447,2794,object,2448,3264
train_10.jpg,2333,2798,2446,2837,object,2448,3264
train_10.jpg,2179,2682,2336,2711,object,2448,3264
train_10.jpg,2179,2565,2340,2608,object,2448,3264
train_10.jpg,950,2772,1107,2804,object,2448,3264
train_10.jpg,2182,2640,2347,2674,object,2448,3264
train_10.jpg,2171,2810,2334,2844,object,2448,3264
train_10.jpg,2006,2764,2157,2801,object,2448,3264
train_10.jpg,2028,2644,2165,2671,object,2448,3264
train_10.jpg,2009,2592,2174,2630,object,2448,3264
train_10.jpg,2013,2562,2171,2591,object,2448,3264
train_10.jpg,2002,2810,2154,2839,object,2448,3264
train_10.jpg,1844,2802,1993,2839,object,2448,3264
train_10.jpg,2175,2761,2326,2796,object,2448,3264
train_10.jpg,1191,1664,1276,1941,object,2448,3264
train_10.jpg,935,2810,1104,2842,object,2448,3264
train_10.jpg,935,2565,1096,2611,object,2448,3264
train_10.jpg,626,2025,693,2296,object,2448,3264
train_10.jpg,536,2043,626,2314,object,2448,3264
train_10.jpg,443,2047,535,2340,object,2448,3264
train_10.jpg,0,1968,183,2209,object,2448,3264
train_10.jpg,222,1972,441,2301,object,2448,3264
train_10.jpg,424,327,526,591,object,2448,3264
train_10.jpg,2216,1783,2338,1919,object,2448,3264
train_10.jpg,1991,1694,2132,1919,object,2448,3264
train_10.jpg,1829,1671,1965,1909,object,2448,3264
train_10.jpg,1747,1736,1828,1934,object,2448,3264
train_10.jpg,1671,1593,1743,1907,object,2448,3264
train_10.jpg,1596,1635,1668,1938,object,2448,3264
train_10.jpg,1514,1630,1589,1942,object,2448,3264
train_10.jpg,1431,1633,1511,1938,object,2448,3264
train_10.jpg,1346,1654,1427,1939,object,2448,3264
train_10.jpg,695,2036,769,2304,object,2448,3264
train_10.jpg,770,2032,845,2302,object,2448,3264
train_10.jpg,853,2021,941,2285,object,2448,3264
train_10.jpg,1014,2043,1091,2336,object,2448,3264
train_10.jpg,714,2697,919,2855,object,2448,3264
train_10.jpg,838,2408,901,2669,object,2448,3264
train_10.jpg,597,2410,768,2678,object,2448,3264
train_10.jpg,560,2701,694,2836,object,2448,3264
train_10.jpg,34,2524,466,2841,object,2448,3264
train_10.jpg,2179,2047,2366,2297,object,2448,3264
train_10.jpg,2040,2231,2161,2292,object,2448,3264
train_10.jpg,954,2637,1116,2671,object,2448,3264
train_10.jpg,1904,2043,2033,2300,object,2448,3264
train_10.jpg,1671,2073,1780,2308,object,2448,3264
train_10.jpg,1547,2071,1669,2310,object,2448,3264
train_10.jpg,1435,2016,1543,2302,object,2448,3264
train_10.jpg,1311,2204,1421,2310,object,2448,3264
train_10.jpg,1321,2036,1438,2202,object,2448,3264
train_10.jpg,1202,2028,1303,2310,object,2448,3264
train_10.jpg,1090,2030,1191,2321,object,2448,3264
train_10.jpg,1783,2081,1901,2310,object,2448,3264
train_10.jpg,334,259,399,627,object,2448,3264
train_10.jpg,2355,2674,2449,2710,object,2448,3264
train_10.jpg,2043,2175,2154,2235,object,2448,3264
train_10.jpg,240,316,319,599,object,2448,3264
train_100.jpg,198,992,333,1223,object,2448,3264
train_100.jpg,330,990,485,1227,object,2448,3264
train_100.jpg,638,999,777,1219,object,2448,3264
train_100.jpg,779,990,914,1219,object,2448,3264
train_100.jpg,915,990,1054,1206,object,2448,3264
train_100.jpg,761,928,905,990,object,2448,3264
train_100.jpg,1060,981,1215,1204,object,2448,3264
train_100.jpg,1219,984,1365,1201,object,2448,3264
train_100.jpg,1377,981,1521,1208,object,2448,3264
train_100.jpg,1540,974,1696,1192,object,2448,3264
train_100.jpg,1698,963,1853,1199,object,2448,3264
train_100.jpg,1856,976,2002,1201,object,2448,3264
train_100.jpg,2010,959,2170,1193,object,2448,3264
train_100.jpg,2186,963,2304,1183,object,2448,3264
train_100.jpg,1079,2397,1289,2566,object,2448,3264
train_100.jpg,1306,2414,1513,2569,object,2448,3264
train_100.jpg,1513,2389,1742,2573,object,2448,3264
train_100.jpg,26,990,192,1226,object,2448,3264
train_100.jpg,2192,2389,2415,2551,object,2448,3264
train_100.jpg,2155,2141,2294,2305,object,2448,3264
train_100.jpg,2032,2116,2154,2308,object,2448,3264
train_100.jpg,677,531,787,862,object,2448,3264
train_100.jpg,538,537,651,876,object,2448,3264
train_100.jpg,383,541,523,875,object,2448,3264
train_100.jpg,272,541,374,863,object,2448,3264
train_100.jpg,131,548,260,875,object,2448,3264
train_100.jpg,1,545,114,878,object,2448,3264
train_100.jpg,317,2134,468,2349,object,2448,3264
train_100.jpg,471,2133,627,2334,object,2448,3264
train_100.jpg,625,2153,753,2336,object,2448,3264
train_100.jpg,757,2147,878,2335,object,2448,3264
train_100.jpg,1012,2112,1144,2318,object,2448,3264
train_100.jpg,1144,2116,1258,2327,object,2448,3264
train_100.jpg,1262,2128,1387,2327,object,2448,3264
train_100.jpg,1390,2125,1519,2313,object,2448,3264
train_100.jpg,1518,2126,1655,2314,object,2448,3264
train_100.jpg,1764,2125,1899,2318,object,2448,3264
train_100.jpg,1905,2126,2030,2318,object,2448,3264
train_100.jpg,1744,2387,1971,2565,object,2448,3264
train_100.jpg,2305,963,2397,1171,object,2448,3264
train_100.jpg,2294,1270,2411,1487,object,2448,3264
train_100.jpg,2193,1280,2283,1482,object,2448,3264
train_100.jpg,479,1658,599,1824,object,2448,3264
train_100.jpg,611,1667,715,1817,object,2448,3264
train_100.jpg,713,1667,820,1799,object,2448,3264
train_100.jpg,831,1670,919,1795,object,2448,3264
train_100.jpg,950,1672,1045,1795,object,2448,3264
train_100.jpg,1047,1670,1160,1795,object,2448,3264
train_100.jpg,1166,1656,1278,1786,object,2448,3264
train_100.jpg,1271,1654,1363,1795,object,2448,3264
train_100.jpg,1372,1665,1469,1795,object,2448,3264
train_100.jpg,1469,1663,1566,1786,object,2448,3264
train_100.jpg,1575,1661,1673,1786,object,2448,3264
train_100.jpg,1676,1658,1782,1790,object,2448,3264
train_100.jpg,1782,1650,1885,1790,object,2448,3264
train_100.jpg,1892,1650,1999,1790,object,2448,3264
train_100.jpg,1997,1658,2092,1790,object,2448,3264
train_100.jpg,2235,1614,2335,1801,object,2448,3264
train_100.jpg,2345,1583,2445,1790,object,2448,3264
train_100.jpg,378,1657,480,1817,object,2448,3264
train_100.jpg,299,1628,378,1816,object,2448,3264
train_100.jpg,216,1627,300,1808,object,2448,3264
train_100.jpg,110,1645,191,1805,object,2448,3264
train_100.jpg,2083,1358,2182,1478,object,2448,3264
train_100.jpg,1972,1359,2085,1482,object,2448,3264
train_100.jpg,1866,1359,1958,1491,object,2448,3264
train_100.jpg,1762,1342,1861,1491,object,2448,3264
train_100.jpg,1660,1349,1746,1491,object,2448,3264
train_100.jpg,1555,1350,1645,1489,object,2448,3264
train_100.jpg,1438,1350,1544,1487,object,2448,3264
train_100.jpg,1343,1350,1421,1518,object,2448,3264
train_100.jpg,799,528,933,857,object,2448,3264
train_100.jpg,1117,1375,1216,1518,object,2448,3264
train_100.jpg,790,1381,889,1519,object,2448,3264
train_100.jpg,684,1361,787,1518,object,2448,3264
train_100.jpg,596,1364,673,1506,object,2448,3264
train_100.jpg,464,1357,576,1513,object,2448,3264
train_100.jpg,376,1359,462,1525,object,2448,3264
train_100.jpg,258,1358,365,1526,object,2448,3264
train_100.jpg,162,1350,255,1523,object,2448,3264
train_100.jpg,4,1858,119,2191,object,2448,3264
train_100.jpg,899,1368,1003,1509,object,2448,3264
train_100.jpg,940,531,1073,858,object,2448,3264
train_100.jpg,488,999,604,1219,object,2448,3264
train_100.jpg,1204,527,1346,858,object,2448,3264
train_100.jpg,1575,2633,1717,2846,object,2448,3264
train_100.jpg,1724,2635,1848,2839,object,2448,3264
train_100.jpg,1852,2609,2007,2837,object,2448,3264
train_100.jpg,2010,2609,2137,2830,object,2448,3264
train_100.jpg,2138,2610,2307,2820,object,2448,3264
train_100.jpg,2309,2609,2433,2814,object,2448,3264
train_100.jpg,2288,2824,2433,2981,object,2448,3264
train_100.jpg,2136,2837,2279,2997,object,2448,3264
train_100.jpg,1425,2644,1566,2851,object,2448,3264
train_100.jpg,2006,2830,2129,2996,object,2448,3264
train_100.jpg,2,2251,110,2635,object,2448,3264
train_100.jpg,140,1911,216,2050,object,2448,3264
train_100.jpg,216,1896,304,2049,object,2448,3264
train_100.jpg,310,1902,387,2041,object,2448,3264
train_100.jpg,400,1900,488,2048,object,2448,3264
train_100.jpg,801,1894,893,2028,object,2448,3264
train_100.jpg,913,1887,994,2042,object,2448,3264
train_100.jpg,1099,1886,1192,2015,object,2448,3264
train_100.jpg,145,2138,318,2349,object,2448,3264
train_100.jpg,1276,2654,1427,2864,object,2448,3264
train_100.jpg,1117,2644,1265,2862,object,2448,3264
train_100.jpg,977,2645,1119,2859,object,2448,3264
train_100.jpg,1364,39,1485,413,object,2448,3264
train_100.jpg,1197,66,1355,414,object,2448,3264
train_100.jpg,1082,70,1195,418,object,2448,3264
train_100.jpg,928,48,1078,418,object,2448,3264
train_100.jpg,814,50,925,409,object,2448,3264
train_100.jpg,647,26,782,327,object,2448,3264
train_100.jpg,501,29,640,330,object,2448,3264
train_100.jpg,343,48,496,400,object,2448,3264
train_100.jpg,224,48,342,413,object,2448,3264
train_100.jpg,53,66,215,420,object,2448,3264
train_100.jpg,835,2414,1078,2569,object,2448,3264
train_100.jpg,603,2433,831,2579,object,2448,3264
train_100.jpg,362,2431,603,2582,object,2448,3264
train_100.jpg,130,2437,343,2576,object,2448,3264
train_100.jpg,220,2670,375,2885,object,2448,3264
train_100.jpg,405,2653,531,2851,object,2448,3264
train_100.jpg,541,2644,661,2857,object,2448,3264
train_100.jpg,677,2665,839,2855,object,2448,3264
train_100.jpg,845,2626,977,2858,object,2448,3264
train_100.jpg,1290,1883,1390,2022,object,2448,3264
train_100.jpg,1081,541,1201,860,object,2448,3264
train_100.jpg,1972,2389,2191,2563,object,2448,3264
train_100.jpg,1764,44,1917,391,object,2448,3264
train_100.jpg,405,2857,537,3022,object,2448,3264
train_100.jpg,538,2859,673,3025,object,2448,3264
train_100.jpg,692,2856,836,3035,object,2448,3264
train_100.jpg,848,2864,977,3034,object,2448,3264
train_100.jpg,976,2864,1113,3040,object,2448,3264
train_100.jpg,1116,2864,1258,3038,object,2448,3264
train_100.jpg,1266,2864,1412,3013,object,2448,3264
train_100.jpg,1432,2855,1548,3019,object,2448,3264
train_100.jpg,1567,2845,1702,2991,object,2448,3264
train_100.jpg,1600,1893,1702,2015,object,2448,3264
train_100.jpg,1705,1883,1812,2013,object,2448,3264
train_100.jpg,1699,2847,1834,2991,object,2448,3264
train_100.jpg,2039,527,2164,840,object,2448,3264
train_100.jpg,2164,515,2305,838,object,2448,3264
train_100.jpg,1850,2837,1993,3012,object,2448,3264
train_100.jpg,1487,40,1622,374,object,2448,3264
train_100.jpg,1641,43,1764,392,object,2448,3264
train_100.jpg,1390,1896,1487,2019,object,2448,3264
train_100.jpg,1922,61,2047,392,object,2448,3264
train_100.jpg,2050,53,2180,391,object,2448,3264
train_100.jpg,2186,53,2313,396,object,2448,3264
train_100.jpg,228,2881,392,3063,object,2448,3264
train_100.jpg,2314,53,2448,389,object,2448,3264
train_100.jpg,2304,518,2415,831,object,2448,3264
train_100.jpg,1504,1892,1597,2016,object,2448,3264
train_100.jpg,1365,519,1491,846,object,2448,3264
train_100.jpg,1811,1882,1896,2019,object,2448,3264
train_100.jpg,1636,528,1738,860,object,2448,3264
train_100.jpg,1741,520,1870,840,object,2448,3264
train_100.jpg,1892,519,2037,825,object,2448,3264
train_100.jpg,1498,521,1614,836,object,2448,3264
train_100.jpg,2100,1877,2204,2050,object,2448,3264
train_100.jpg,2002,1884,2098,2010,object,2448,3264
train_100.jpg,1903,1892,1993,2024,object,2448,3264
train_100.jpg,2296,1852,2407,2061,object,2448,3264
train_1000.jpg,541,2265,713,2405,object,2448,3264
train_1000.jpg,563,1601,615,1857,object,2448,3264
train_1000.jpg,497,1619,558,1863,object,2448,3264
train_1000.jpg,101,1658,161,2180,object,2448,3264
train_1000.jpg,0,1720,90,2220,object,2448,3264
train_1000.jpg,1043,1117,1082,1360,object,2448,3264
train_1000.jpg,1012,1113,1036,1359,object,2448,3264
train_1000.jpg,308,1051,338,1087,object,2448,3264
train_1000.jpg,875,1113,928,1376,object,2448,3264
train_1000.jpg,761,2270,895,2410,object,2448,3264
train_1000.jpg,370,1038,410,1074,object,2448,3264
train_1000.jpg,616,1597,663,1830,object,2448,3264
train_1000.jpg,75,418,246,912,object,2448,3264
train_1000.jpg,761,2125,885,2259,object,2448,3264
train_1000.jpg,959,1117,1005,1358,object,2448,3264
train_1000.jpg,559,2428,715,2552,object,2448,3264
train_1000.jpg,268,453,376,814,object,2448,3264
train_1000.jpg,757,1949,887,2111,object,2448,3264
train_1000.jpg,515,1104,574,1421,object,2448,3264
train_1000.jpg,457,1091,517,1429,object,2448,3264
train_1000.jpg,352,1087,453,1430,object,2448,3264
train_1000.jpg,185,1632,385,2060,object,2448,3264
train_1000.jpg,128,1060,206,1566,object,2448,3264
train_1000.jpg,0,1021,122,1584,object,2448,3264
train_1000.jpg,1210,642,1270,942,object,2448,3264
train_1000.jpg,576,1109,624,1424,object,2448,3264
train_1000.jpg,1148,611,1205,948,object,2448,3264
train_1000.jpg,1016,576,1079,934,object,2448,3264
train_1000.jpg,933,550,1015,923,object,2448,3264
train_1000.jpg,831,506,898,909,object,2448,3264
train_1000.jpg,752,479,824,892,object,2448,3264
train_1000.jpg,660,440,750,860,object,2448,3264
train_1000.jpg,515,410,654,849,object,2448,3264
train_1000.jpg,387,427,504,846,object,2448,3264
train_1000.jpg,1082,594,1148,941,object,2448,3264
train_1000.jpg,625,1122,677,1418,object,2448,3264
train_1000.jpg,686,1113,729,1418,object,2448,3264
train_1000.jpg,748,1113,798,1400,object,2448,3264
train_1000.jpg,911,2006,1029,2175,object,2448,3264
train_1000.jpg,519,1056,555,1094,object,2448,3264
train_1000.jpg,581,1060,611,1103,object,2448,3264
train_1000.jpg,625,1060,652,1098,object,2448,3264
train_1000.jpg,664,1060,702,1104,object,2448,3264
train_1000.jpg,721,1065,756,1095,object,2448,3264
train_1000.jpg,757,1065,786,1098,object,2448,3264
train_1000.jpg,796,1078,829,1101,object,2448,3264
train_1000.jpg,796,999,829,1035,object,2448,3264
train_1000.jpg,721,990,767,1030,object,2448,3264
train_1000.jpg,673,977,709,1027,object,2448,3264
train_1000.jpg,616,968,657,1016,object,2448,3264
train_1000.jpg,576,972,616,1021,object,2448,3264
train_1000.jpg,510,963,554,1007,object,2448,3264
train_1000.jpg,444,972,490,1003,object,2448,3264
train_1000.jpg,348,933,399,986,object,2448,3264
train_1000.jpg,805,1113,851,1394,object,2448,3264
train_1000.jpg,501,2045,760,2218,object,2448,3264
train_1000.jpg,405,968,439,1004,object,2448,3264
train_1000.jpg,1188,1465,1232,1636,object,2448,3264
train_1000.jpg,62,2279,177,2717,object,2448,3264
train_1000.jpg,53,2851,152,3265,object,2448,3264
train_1000.jpg,290,2270,404,2626,object,2448,3264
train_1000.jpg,180,2248,284,2648,object,2448,3264
train_1000.jpg,150,2793,241,3185,object,2448,3264
train_1000.jpg,255,2776,363,2949,object,2448,3264
train_1000.jpg,251,2974,356,3117,object,2448,3264
train_1000.jpg,370,2912,441,3055,object,2448,3264
train_1000.jpg,581,2763,724,2922,object,2448,3264
train_1000.jpg,559,2595,730,2730,object,2448,3264
train_1000.jpg,743,2436,897,2602,object,2448,3264
train_1000.jpg,743,2604,870,2723,object,2448,3264
train_1000.jpg,361,2727,446,2903,object,2448,3264
train_1000.jpg,1245,1465,1303,1639,object,2448,3264
train_1000.jpg,1087,1518,1132,1707,object,2448,3264
train_1000.jpg,990,1522,1050,1721,object,2448,3264
train_1000.jpg,906,1531,955,1741,object,2448,3264
train_1000.jpg,827,1557,868,1769,object,2448,3264
train_1000.jpg,765,1557,815,1790,object,2448,3264
train_1000.jpg,721,1575,769,1794,object,2448,3264
train_1000.jpg,902,2186,1039,2303,object,2448,3264
train_1000.jpg,919,2331,1056,2462,object,2448,3264
train_1000.jpg,669,1575,715,1806,object,2448,3264
train_1000.jpg,897,2459,1045,2590,object,2448,3264
train_1001.jpg,300,873,385,1038,object,1920,2560
train_1001.jpg,179,884,243,1049,object,1920,2560
train_1001.jpg,88,881,169,1051,object,1920,2560
train_1001.jpg,54,569,150,762,object,1920,2560
train_1001.jpg,169,570,257,765,object,1920,2560
train_1001.jpg,465,591,550,765,object,1920,2560
train_1001.jpg,372,586,455,757,object,1920,2560
train_1001.jpg,554,589,635,760,object,1920,2560
train_1001.jpg,637,585,723,762,object,1920,2560
train_1001.jpg,749,586,827,765,object,1920,2560
train_1001.jpg,396,879,474,1046,object,1920,2560
train_1001.jpg,270,585,361,757,object,1920,2560
train_1001.jpg,586,881,674,1049,object,1920,2560
train_1001.jpg,492,879,575,1043,object,1920,2560
train_1001.jpg,773,883,853,1043,object,1920,2560
train_1001.jpg,861,882,947,1043,object,1920,2560
train_1001.jpg,958,883,1043,1113,object,1920,2560
train_1001.jpg,1051,885,1120,1113,object,1920,2560
train_1001.jpg,1126,886,1192,1107,object,1920,2560
train_1001.jpg,1196,882,1265,1107,object,1920,2560
train_1001.jpg,1265,879,1329,1107,object,1920,2560
train_1001.jpg,837,577,912,762,object,1920,2560
train_1001.jpg,134,1162,199,1311,object,1920,2560
train_1001.jpg,235,1167,305,1313,object,1920,2560
train_1001.jpg,310,1177,359,1311,object,1920,2560
train_1001.jpg,399,1164,474,1303,object,1920,2560
train_1001.jpg,484,1170,562,1311,object,1920,2560
train_1001.jpg,682,887,762,1043,object,1920,2560
train_1001.jpg,936,606,1021,827,object,1920,2560
train_1001.jpg,1586,324,1647,500,object,1920,2560
train_1001.jpg,1118,574,1213,827,object,1920,2560
train_1001.jpg,32,217,116,439,object,1920,2560
train_1001.jpg,128,227,229,444,object,1920,2560
train_1001.jpg,246,233,343,444,object,1920,2560
train_1001.jpg,364,228,440,439,object,1920,2560
train_1001.jpg,460,244,558,447,object,1920,2560
train_1001.jpg,564,231,637,444,object,1920,2560
train_1001.jpg,645,231,730,447,object,1920,2560
train_1001.jpg,744,232,839,449,object,1920,2560
train_1001.jpg,859,239,943,444,object,1920,2560
train_1001.jpg,971,256,1070,495,object,1920,2560
train_1001.jpg,1075,252,1172,500,object,1920,2560
train_1001.jpg,1174,257,1245,498,object,1920,2560
train_1001.jpg,1252,188,1346,503,object,1920,2560
train_1001.jpg,1351,184,1438,500,object,1920,2560
train_1001.jpg,1439,233,1512,498,object,1920,2560
train_1001.jpg,1517,238,1582,498,object,1920,2560
train_1001.jpg,599,1166,666,1313,object,1920,2560
train_1001.jpg,1648,320,1715,503,object,1920,2560
train_1001.jpg,1717,332,1791,503,object,1920,2560
train_1001.jpg,1800,267,1873,500,object,1920,2560
train_1001.jpg,1806,605,1898,835,object,1920,2560
train_1001.jpg,1683,648,1782,843,object,1920,2560
train_1001.jpg,1517,691,1595,832,object,1920,2560
train_1001.jpg,1423,653,1515,829,object,1920,2560
train_1001.jpg,1364,582,1418,827,object,1920,2560
train_1001.jpg,1295,576,1361,829,object,1920,2560
train_1001.jpg,1222,574,1291,835,object,1920,2560
train_1001.jpg,1027,567,1116,829,object,1920,2560
train_1001.jpg,687,1159,781,1311,object,1920,2560
train_1001.jpg,837,1428,912,1565,object,1920,2560
train_1001.jpg,912,1168,988,1378,object,1920,2560
train_1001.jpg,556,1412,644,1568,object,1920,2560
train_1001.jpg,482,1411,551,1573,object,1920,2560
train_1001.jpg,401,1418,469,1565,object,1920,2560
train_1001.jpg,332,1421,395,1570,object,1920,2560
train_1001.jpg,254,1413,327,1565,object,1920,2560
train_1001.jpg,166,1421,245,1573,object,1920,2560
train_1001.jpg,163,1689,335,1883,object,1920,2560
train_1001.jpg,348,1675,546,1899,object,1920,2560
train_1001.jpg,548,1677,740,1883,object,1920,2560
train_1001.jpg,741,1675,939,1883,object,1920,2560
train_1001.jpg,1140,1669,1315,1865,object,1920,2560
train_1001.jpg,642,1422,718,1568,object,1920,2560
train_1001.jpg,1319,1664,1493,1855,object,1920,2560
train_1001.jpg,1752,1640,1824,1833,object,1920,2560
train_1001.jpg,1677,1878,1835,2113,object,1920,2560
train_1001.jpg,1495,1894,1673,2122,object,1920,2560
train_1001.jpg,1308,1915,1493,2129,object,1920,2560
train_1001.jpg,1132,1923,1295,2138,object,1920,2560
train_1001.jpg,960,1939,1137,2139,object,1920,2560
train_1001.jpg,765,1933,954,2153,object,1920,2560
train_1001.jpg,556,1922,758,2156,object,1920,2560
train_1001.jpg,361,1917,551,2167,object,1920,2560
train_1001.jpg,152,1917,357,2175,object,1920,2560
train_1001.jpg,805,1158,893,1311,object,1920,2560
train_1001.jpg,1501,1650,1693,1849,object,1920,2560
train_1001.jpg,722,1420,803,1562,object,1920,2560
train_1001.jpg,947,1667,1138,1874,object,1920,2560
train_1001.jpg,1576,1203,1636,1364,object,1920,2560
train_1001.jpg,928,1483,1010,1616,object,1920,2560
train_1001.jpg,1081,1172,1150,1359,object,1920,2560
train_1001.jpg,1158,1222,1222,1372,object,1920,2560
train_1001.jpg,1225,1216,1291,1372,object,1920,2560
train_1001.jpg,1292,1223,1358,1372,object,1920,2560
train_1001.jpg,1362,1216,1431,1367,object,1920,2560
train_1001.jpg,1436,1186,1502,1364,object,1920,2560
train_1001.jpg,1506,1180,1572,1364,object,1920,2560
train_1001.jpg,1640,1194,1684,1359,object,1920,2560
train_1001.jpg,1696,1163,1772,1356,object,1920,2560
train_1001.jpg,1790,1154,1861,1356,object,1920,2560
train_1001.jpg,1000,1164,1077,1370,object,1920,2560
train_1001.jpg,1814,1397,1882,1602,object,1920,2560
train_1001.jpg,1873,1158,1919,1356,object,1920,2560
train_1001.jpg,1720,1398,1772,1586,object,1920,2560
train_1001.jpg,1779,1422,1806,1576,object,1920,2560
train_1001.jpg,1594,1440,1714,1597,object,1920,2560
train_1001.jpg,1552,1438,1589,1613,object,1920,2560
train_1001.jpg,1495,1408,1550,1605,object,1920,2560
train_1001.jpg,1434,1408,1487,1605,object,1920,2560
train_1001.jpg,1375,1409,1431,1608,object,1920,2560
train_1001.jpg,1313,1416,1364,1610,object,1920,2560
train_1001.jpg,1244,1461,1307,1610,object,1920,2560
train_1001.jpg,1169,1469,1239,1616,object,1920,2560
train_1002.jpg,654,489,739,554,object,1920,2560
train_1002.jpg,861,497,946,557,object,1920,2560
train_1002.jpg,995,353,1074,415,object,1920,2560
train_1002.jpg,967,513,1043,558,object,1920,2560
train_1002.jpg,759,493,844,553,object,1920,2560
train_1002.jpg,1061,501,1146,557,object,1920,2560
train_1002.jpg,1651,1164,1721,1264,object,1920,2560
train_1002.jpg,1159,497,1249,558,object,1920,2560
train_1002.jpg,1112,364,1197,423,object,1920,2560
train_1002.jpg,1264,497,1343,557,object,1920,2560
train_1002.jpg,1354,501,1434,560,object,1920,2560
train_1002.jpg,1452,505,1541,565,object,1920,2560
train_1002.jpg,951,1969,1054,2067,object,1920,2560
train_1002.jpg,1217,360,1296,425,object,1920,2560
train_1002.jpg,106,2008,236,2108,object,1920,2560
train_1002.jpg,548,497,633,549,object,1920,2560
train_1002.jpg,1648,364,1718,426,object,1920,2560
train_1002.jpg,1534,372,1615,428,object,1920,2560
train_1002.jpg,1425,360,1510,421,object,1920,2560
train_1002.jpg,834,1981,944,2076,object,1920,2560
train_1002.jpg,724,1989,832,2079,object,1920,2560
train_1002.jpg,615,1996,720,2086,object,1920,2560
train_1002.jpg,489,2008,612,2094,object,1920,2560
train_1002.jpg,356,2004,476,2092,object,1920,2560
train_1002.jpg,240,2015,349,2102,object,1920,2560
train_1002.jpg,1562,501,1625,563,object,1920,2560
train_1002.jpg,653,356,742,424,object,1920,2560
train_1002.jpg,544,344,640,411,object,1920,2560
train_1002.jpg,1315,360,1409,428,object,1920,2560
train_1002.jpg,1664,501,1724,562,object,1920,2560
train_1002.jpg,1668,861,1754,947,object,1920,2560
train_1002.jpg,1166,1961,1271,2059,object,1920,2560
train_1002.jpg,885,356,962,420,object,1920,2560
train_1002.jpg,1335,1331,1448,1456,object,1920,2560
train_1002.jpg,1687,1263,1803,1383,object,1920,2560
train_1002.jpg,1730,998,1848,1111,object,1920,2560
train_1002.jpg,1793,900,1880,994,object,1920,2560
train_1002.jpg,0,1974,102,2117,object,1920,2560
train_1002.jpg,1859,1758,1920,1800,object,1920,2560
train_1002.jpg,1853,1710,1920,1756,object,1920,2560
train_1002.jpg,1773,1758,1857,1801,object,1920,2560
train_1002.jpg,1769,1711,1853,1754,object,1920,2560
train_1002.jpg,1684,1764,1767,1807,object,1920,2560
train_1002.jpg,1687,1718,1770,1761,object,1920,2560
train_1002.jpg,1527,1738,1646,1825,object,1920,2560
train_1002.jpg,1401,1746,1518,1829,object,1920,2560
train_1002.jpg,1260,1754,1386,1835,object,1920,2560
train_1002.jpg,1135,1742,1257,1839,object,1920,2560
train_1002.jpg,1726,1139,1862,1255,object,1920,2560
train_1002.jpg,1867,1855,1920,2025,object,1920,2560
train_1002.jpg,1808,1859,1864,2026,object,1920,2560
train_1002.jpg,1760,1894,1806,2037,object,1920,2560
train_1002.jpg,1706,1899,1756,2037,object,1920,2560
train_1002.jpg,1656,1895,1707,2035,object,1920,2560
train_1002.jpg,1546,1887,1652,1960,object,1920,2560
train_1002.jpg,1542,1969,1652,2048,object,1920,2560
train_1002.jpg,1450,1999,1532,2047,object,1920,2560
train_1002.jpg,1453,1948,1536,1996,object,1920,2560
train_1002.jpg,1361,2012,1444,2051,object,1920,2560
train_1002.jpg,1358,1961,1446,2007,object,1920,2560
train_1002.jpg,1276,2008,1353,2053,object,1920,2560
train_1002.jpg,1053,1965,1160,2062,object,1920,2560
train_1002.jpg,767,352,859,413,object,1920,2560
train_1002.jpg,1206,1323,1315,1459,object,1920,2560
train_1002.jpg,799,1750,893,1857,object,1920,2560
train_1002.jpg,204,986,360,1194,object,1920,2560
train_1002.jpg,380,936,521,1077,object,1920,2560
train_1002.jpg,525,936,658,1081,object,1920,2560
train_1002.jpg,658,939,795,1078,object,1920,2560
train_1002.jpg,799,943,930,1085,object,1920,2560
train_1002.jpg,936,939,1005,1076,object,1920,2560
train_1002.jpg,1010,937,1093,1076,object,1920,2560
train_1002.jpg,1096,939,1211,1074,object,1920,2560
train_1002.jpg,1221,939,1354,1074,object,1920,2560
train_1002.jpg,1362,936,1485,1081,object,1920,2560
train_1002.jpg,1495,967,1538,1075,object,1920,2560
train_1002.jpg,1546,963,1596,1076,object,1920,2560
train_1002.jpg,1601,936,1653,1078,object,1920,2560
train_1002.jpg,0,1318,100,1418,object,1920,2560
train_1002.jpg,106,1319,234,1428,object,1920,2560
train_1002.jpg,243,1323,385,1435,object,1920,2560
train_1002.jpg,384,1186,500,1292,object,1920,2560
train_1002.jpg,117,973,189,1190,object,1920,2560
train_1002.jpg,505,1182,617,1280,object,1920,2560
train_1002.jpg,39,990,106,1189,object,1920,2560
train_1002.jpg,1585,709,1755,831,object,1920,2560
train_1002.jpg,665,1765,790,1861,object,1920,2560
train_1002.jpg,30,351,93,585,object,1920,2560
train_1002.jpg,102,387,163,590,object,1920,2560
train_1002.jpg,169,391,235,591,object,1920,2560
train_1002.jpg,238,419,300,596,object,1920,2560
train_1002.jpg,301,446,351,596,object,1920,2560
train_1002.jpg,1773,497,1866,616,object,1920,2560
train_1002.jpg,55,677,121,894,object,1920,2560
train_1002.jpg,129,682,200,889,object,1920,2560
train_1002.jpg,215,673,288,895,object,1920,2560
train_1002.jpg,297,678,363,896,object,1920,2560
train_1002.jpg,380,689,540,841,object,1920,2560
train_1002.jpg,552,677,717,843,object,1920,2560
train_1002.jpg,732,689,917,847,object,1920,2560
train_1002.jpg,1210,705,1309,856,object,1920,2560
train_1002.jpg,1315,701,1415,856,object,1920,2560
train_1002.jpg,1472,701,1569,851,object,1920,2560
train_1002.jpg,1769,681,1882,791,object,1920,2560
train_1002.jpg,622,1186,745,1282,object,1920,2560
train_1002.jpg,1100,701,1201,852,object,1920,2560
train_1002.jpg,853,1186,967,1282,object,1920,2560
train_1002.jpg,1206,1531,1305,1661,object,1920,2560
train_1002.jpg,939,1527,1068,1667,object,1920,2560
train_1002.jpg,806,1542,929,1681,object,1920,2560
train_1002.jpg,658,1546,788,1684,object,1920,2560
train_1002.jpg,525,1550,650,1685,object,1920,2560
train_1002.jpg,407,1554,513,1697,object,1920,2560
train_1002.jpg,251,1511,389,1616,object,1920,2560
train_1002.jpg,1452,1323,1554,1445,object,1920,2560
train_1002.jpg,536,1769,662,1868,object,1920,2560
train_1002.jpg,117,1511,249,1615,object,1920,2560
train_1002.jpg,337,1701,407,1863,object,1920,2560
train_1002.jpg,411,1777,534,1873,object,1920,2560
train_1002.jpg,0,1515,112,1618,object,1920,2560
train_1002.jpg,1844,1296,1913,1416,object,1920,2560
train_1002.jpg,1570,1319,1684,1450,object,1920,2560
train_1002.jpg,1319,1531,1420,1654,object,1920,2560
train_1002.jpg,1433,1527,1546,1653,object,1920,2560
train_1002.jpg,1073,1538,1197,1669,object,1920,2560
train_1002.jpg,1691,1484,1784,1628,object,1920,2560
train_1002.jpg,971,1186,1086,1280,object,1920,2560
train_1002.jpg,1096,1182,1196,1274,object,1920,2560
train_1002.jpg,1198,1221,1299,1271,object,1920,2560
train_1002.jpg,1303,1178,1408,1265,object,1920,2560
train_1002.jpg,1413,1170,1473,1271,object,1920,2560
train_1002.jpg,1558,1574,1673,1654,object,1920,2560
train_1002.jpg,395,1362,547,1468,object,1920,2560
train_1002.jpg,556,1382,694,1472,object,1920,2560
train_1002.jpg,701,1382,846,1468,object,1920,2560
train_1002.jpg,1472,1182,1586,1265,object,1920,2560
train_1002.jpg,963,1327,1070,1450,object,1920,2560
train_1002.jpg,1080,1331,1195,1466,object,1920,2560
train_1002.jpg,258,1714,333,1867,object,1920,2560
train_1002.jpg,149,1734,249,1871,object,1920,2560
train_1002.jpg,35,1738,142,1875,object,1920,2560
train_1002.jpg,1801,1519,1878,1623,object,1920,2560
train_1002.jpg,853,1335,947,1465,object,1920,2560
train_1002.jpg,748,1182,844,1280,object,1920,2560
train_1003.jpg,434,2155,596,2259,object,2340,4160
train_1003.jpg,618,1625,763,1980,object,2340,4160
train_1003.jpg,209,2101,361,2504,object,2340,4160
train_1003.jpg,15,2085,191,2498,object,2340,4160
train_1003.jpg,4,1607,95,1970,object,2340,4160
train_1003.jpg,91,1586,175,1987,object,2340,4160
train_1003.jpg,187,1597,338,1984,object,2340,4160
train_1003.jpg,465,1621,619,1988,object,2340,4160
train_1003.jpg,1062,3085,1160,3402,object,2340,4160
train_1003.jpg,906,1661,1028,1990,object,2340,4160
train_1003.jpg,1027,1661,1142,1990,object,2340,4160
train_1003.jpg,1159,1745,1227,2000,object,2340,4160
train_1003.jpg,1236,1726,1302,1991,object,2340,4160
train_1003.jpg,1341,1652,1476,1985,object,2340,4160
train_1003.jpg,1704,1801,1885,1998,object,2340,4160
train_1003.jpg,1904,1883,2020,2215,object,2340,4160
train_1003.jpg,584,3083,667,3430,object,2340,4160
train_1003.jpg,683,3083,777,3432,object,2340,4160
train_1003.jpg,798,3073,874,3412,object,2340,4160
train_1003.jpg,883,3069,979,3412,object,2340,4160
train_1003.jpg,993,3068,1062,3401,object,2340,4160
train_1003.jpg,499,3087,583,3422,object,2340,4160
train_1003.jpg,1172,3073,1252,3412,object,2340,4160
train_1003.jpg,769,1651,903,1974,object,2340,4160
train_1003.jpg,379,3073,483,3412,object,2340,4160
train_1003.jpg,1400,2717,1501,2973,object,2340,4160
train_1003.jpg,31,2763,125,2983,object,2340,4160
train_1003.jpg,1257,3061,1361,3402,object,2340,4160
train_1003.jpg,923,2090,1076,2501,object,2340,4160
train_1003.jpg,1102,2111,1266,2504,object,2340,4160
train_1003.jpg,1302,2195,1448,2352,object,2340,4160
train_1003.jpg,713,2094,871,2519,object,2340,4160
train_1003.jpg,424,2369,637,2481,object,2340,4160
train_1003.jpg,434,2260,604,2365,object,2340,4160
train_1003.jpg,1300,2354,1452,2502,object,2340,4160
train_1003.jpg,1456,2315,1630,2499,object,2340,4160
train_1003.jpg,1450,2102,1631,2309,object,2340,4160
train_1003.jpg,1666,2095,1848,2498,object,2340,4160
train_1003.jpg,1968,2374,2090,2807,object,2340,4160
train_1003.jpg,1863,2386,1960,2831,object,2340,4160
train_1003.jpg,1747,2699,1841,2964,object,2340,4160
train_1003.jpg,1641,2683,1741,2978,object,2340,4160
train_1003.jpg,1511,2713,1611,2965,object,2340,4160
train_1003.jpg,1310,2704,1402,2981,object,2340,4160
train_1003.jpg,1215,2712,1307,2978,object,2340,4160
train_1003.jpg,1105,2738,1207,2960,object,2340,4160
train_1003.jpg,1021,2725,1102,2983,object,2340,4160
train_1003.jpg,941,2728,1013,2970,object,2340,4160
train_1003.jpg,848,2752,928,2978,object,2340,4160
train_1003.jpg,721,2738,823,3002,object,2340,4160
train_1003.jpg,628,2742,708,2988,object,2340,4160
train_1003.jpg,551,2743,619,2973,object,2340,4160
train_1003.jpg,457,2731,549,2973,object,2340,4160
train_1003.jpg,350,2753,444,2969,object,2340,4160
train_1003.jpg,246,2773,354,2973,object,2340,4160
train_1003.jpg,147,2773,244,2973,object,2340,4160
train_1003.jpg,5,3063,125,3430,object,2340,4160
train_1003.jpg,1372,3053,1491,3392,object,2340,4160
train_1003.jpg,1106,699,1402,943,object,2340,4160
train_1003.jpg,1661,3043,1783,3416,object,2340,4160
train_1003.jpg,833,1210,1094,1322,object,2340,4160
train_1003.jpg,823,1335,1102,1437,object,2340,4160
train_1003.jpg,833,1440,1100,1551,object,2340,4160
train_1003.jpg,683,1066,817,1545,object,2340,4160
train_1003.jpg,574,1050,683,1541,object,2340,4160
train_1003.jpg,449,1047,561,1540,object,2340,4160
train_1003.jpg,738,564,1032,673,object,2340,4160
train_1003.jpg,88,678,379,894,object,2340,4160
train_1003.jpg,390,651,723,913,object,2340,4160
train_1003.jpg,735,693,1092,913,object,2340,4160
train_1003.jpg,1421,658,1606,944,object,2340,4160
train_1003.jpg,1610,661,1786,953,object,2340,4160
train_1003.jpg,1786,663,1985,949,object,2340,4160
train_1003.jpg,1082,1112,1410,1216,object,2340,4160
train_1003.jpg,2050,557,2170,1087,object,2340,4160
train_1003.jpg,2095,6,2316,419,object,2340,4160
train_1003.jpg,1890,125,2080,418,object,2340,4160
train_1003.jpg,1686,129,1873,414,object,2340,4160
train_1003.jpg,1491,100,1681,407,object,2340,4160
train_1003.jpg,1327,147,1468,384,object,2340,4160
train_1003.jpg,1132,115,1308,376,object,2340,4160
train_1003.jpg,893,12,1106,389,object,2340,4160
train_1003.jpg,633,10,875,389,object,2340,4160
train_1003.jpg,404,15,625,364,object,2340,4160
train_1003.jpg,1511,3054,1651,3417,object,2340,4160
train_1003.jpg,234,5,386,370,object,2340,4160
train_1003.jpg,95,68,210,379,object,2340,4160
train_1003.jpg,5,10,81,359,object,2340,4160
train_1003.jpg,2171,554,2285,1086,object,2340,4160
train_1003.jpg,1130,1217,1422,1291,object,2340,4160
train_1003.jpg,2100,3014,2166,3337,object,2340,4160
train_1003.jpg,1432,1308,1705,1561,object,2340,4160
train_1003.jpg,1117,1317,1411,1558,object,2340,4160
train_1003.jpg,2231,3447,2334,3782,object,2340,4160
train_1003.jpg,2131,3476,2205,3781,object,2340,4160
train_1003.jpg,2039,3432,2125,3775,object,2340,4160
train_1003.jpg,1930,3448,2020,3771,object,2340,4160
train_1003.jpg,1827,3437,1920,3774,object,2340,4160
train_1003.jpg,1614,3495,1726,3786,object,2340,4160
train_1003.jpg,1537,3477,1611,3782,object,2340,4160
train_1003.jpg,2180,3008,2266,3325,object,2340,4160
train_1003.jpg,1990,2938,2084,3333,object,2340,4160
train_1003.jpg,1413,3514,1516,3821,object,2340,4160
train_1003.jpg,1308,3527,1412,3772,object,2340,4160
train_1003.jpg,1166,3526,1292,3771,object,2340,4160
train_1003.jpg,1058,3541,1152,3759,object,2340,4160
train_1003.jpg,2275,3029,2341,3332,object,2340,4160
train_1003.jpg,807,3571,883,3765,object,2340,4160
train_1003.jpg,1711,1362,1944,1571,object,2340,4160
train_1003.jpg,1960,1362,2096,1667,object,2340,4160
train_1003.jpg,897,3536,1033,3796,object,2340,4160
train_1003.jpg,2279,1900,2344,2218,object,2340,4160
train_1003.jpg,2178,1897,2270,2215,object,2340,4160
train_1003.jpg,2055,1905,2135,2201,object,2340,4160
train_1003.jpg,5,3527,135,3800,object,2340,4160
train_1003.jpg,2100,1370,2289,1671,object,2340,4160
train_1003.jpg,291,3522,449,3799,object,2340,4160
train_1003.jpg,449,3538,569,3786,object,2340,4160
train_1003.jpg,703,3550,803,3786,object,2340,4160
train_1003.jpg,569,3522,698,3781,object,2340,4160
train_1003.jpg,143,3541,264,3781,object,2340,4160
train_1004.jpg,813,1970,921,2278,object,2336,4160
train_1004.jpg,2112,1976,2228,2283,object,2336,4160
train_1004.jpg,1970,2041,2095,2298,object,2336,4160
train_1004.jpg,1813,2029,1928,2292,object,2336,4160
train_1004.jpg,1710,1991,1775,2278,object,2336,4160
train_1004.jpg,1607,2053,1689,2297,object,2336,4160
train_1004.jpg,1039,3582,1223,3959,object,2336,4160
train_1004.jpg,1219,2057,1319,2291,object,2336,4160
train_1004.jpg,1093,2020,1204,2283,object,2336,4160
train_1004.jpg,941,2014,1062,2285,object,2336,4160
train_1004.jpg,0,2381,69,2710,object,2336,4160
train_1004.jpg,539,2085,746,2274,object,2336,4160
train_1004.jpg,1470,2005,1589,2288,object,2336,4160
train_1004.jpg,93,2416,212,2700,object,2336,4160
train_1004.jpg,1735,2445,1823,2716,object,2336,4160
train_1004.jpg,407,2386,541,2700,object,2336,4160
train_1004.jpg,568,2460,687,2710,object,2336,4160
train_1004.jpg,710,2435,821,2705,object,2336,4160
train_1004.jpg,833,2435,932,2700,object,2336,4160
train_1004.jpg,955,2428,1080,2690,object,2336,4160
train_1004.jpg,1098,2406,1200,2677,object,2336,4160
train_1004.jpg,1225,2397,1343,2680,object,2336,4160
train_1004.jpg,1347,2470,1425,2688,object,2336,4160
train_1004.jpg,1426,2402,1496,2700,object,2336,4160
train_1004.jpg,1509,2406,1588,2706,object,2336,4160
train_1004.jpg,1612,2402,1715,2700,object,2336,4160
train_1004.jpg,122,1945,513,2274,object,2336,4160
train_1004.jpg,1847,2468,1977,2685,object,2336,4160
train_1004.jpg,1989,2470,2117,2696,object,2336,4160
train_1004.jpg,230,2425,359,2689,object,2336,4160
train_1004.jpg,5,1984,109,2261,object,2336,4160
train_1004.jpg,2171,1622,2253,1861,object,2336,4160
train_1004.jpg,299,1624,539,1681,object,2336,4160
train_1004.jpg,975,1113,1058,1396,object,2336,4160
train_1004.jpg,857,1102,962,1396,object,2336,4160
train_1004.jpg,725,1088,838,1372,object,2336,4160
train_1004.jpg,603,1083,706,1387,object,2336,4160
train_1004.jpg,485,1044,581,1387,object,2336,4160
train_1004.jpg,353,1093,479,1392,object,2336,4160
train_1004.jpg,1073,1098,1192,1403,object,2336,4160
train_1004.jpg,225,1077,331,1382,object,2336,4160
train_1004.jpg,1906,220,2337,652,object,2336,4160
train_1004.jpg,1534,83,1863,642,object,2336,4160
train_1004.jpg,1264,416,1507,634,object,2336,4160
train_1004.jpg,1279,176,1532,392,object,2336,4160
train_1004.jpg,1248,0,1531,151,object,2336,4160
train_1004.jpg,10,73,396,634,object,2336,4160
train_1004.jpg,34,1067,146,1376,object,2336,4160
train_1004.jpg,1205,1116,1329,1401,object,2336,4160
train_1004.jpg,1343,1098,1464,1401,object,2336,4160
train_1004.jpg,1494,1174,1716,1396,object,2336,4160
train_1004.jpg,294,1692,554,1842,object,2336,4160
train_1004.jpg,73,1539,266,1848,object,2336,4160
train_1004.jpg,583,1539,712,1852,object,2336,4160
train_1004.jpg,755,1548,861,1862,object,2336,4160
train_1004.jpg,872,1563,987,1855,object,2336,4160
train_1004.jpg,1034,1553,1143,1852,object,2336,4160
train_1004.jpg,1156,1583,1254,1858,object,2336,4160
train_1004.jpg,1475,1563,1615,1866,object,2336,4160
train_1004.jpg,1656,1564,1779,1867,object,2336,4160
train_1004.jpg,1788,1558,1873,1852,object,2336,4160
train_1004.jpg,1888,1559,2000,1863,object,2336,4160
train_1004.jpg,2119,1174,2307,1403,object,2336,4160
train_1004.jpg,2024,1155,2108,1396,object,2336,4160
train_1004.jpg,1877,1117,1991,1410,object,2336,4160
train_1004.jpg,1739,1109,1862,1396,object,2336,4160
train_1004.jpg,318,1529,570,1611,object,2336,4160
train_1004.jpg,157,1102,206,1367,object,2336,4160
train_1004.jpg,49,3611,233,3712,object,2336,4160
train_1004.jpg,1343,2014,1448,2285,object,2336,4160
train_1004.jpg,686,3182,854,3303,object,2336,4160
train_1004.jpg,461,3303,605,3448,object,2336,4160
train_1004.jpg,632,3325,824,3450,object,2336,4160
train_1004.jpg,867,3185,1071,3300,object,2336,4160
train_1004.jpg,1098,3185,1284,3288,object,2336,4160
train_1004.jpg,877,3327,1066,3465,object,2336,4160
train_1004.jpg,1087,3301,1278,3469,object,2336,4160
train_1004.jpg,1338,3190,1514,3295,object,2336,4160
train_1004.jpg,1534,3178,1726,3298,object,2336,4160
train_1004.jpg,1323,3307,1497,3452,object,2336,4160
train_1004.jpg,1519,3307,1706,3459,object,2336,4160
train_1004.jpg,1754,3180,1932,3314,object,2336,4160
train_1004.jpg,1960,3180,2128,3317,object,2336,4160
train_1004.jpg,1984,3325,2145,3484,object,2336,4160
train_1004.jpg,2225,2813,2337,2907,object,2336,4160
train_1004.jpg,1921,3821,2134,3910,object,2336,4160
train_1004.jpg,1935,3611,2135,3790,object,2336,4160
train_1004.jpg,1245,3577,1454,3955,object,2336,4160
train_1004.jpg,2269,2602,2338,2715,object,2336,4160
train_1004.jpg,461,3195,650,3288,object,2336,4160
train_1004.jpg,2220,2940,2337,3104,object,2336,4160
train_1004.jpg,225,3329,410,3469,object,2336,4160
train_1004.jpg,245,3195,439,3300,object,2336,4160
train_1004.jpg,0,2808,61,3100,object,2336,4160
train_1004.jpg,78,2824,179,3072,object,2336,4160
train_1004.jpg,186,2827,256,3093,object,2336,4160
train_1004.jpg,269,2848,327,3092,object,2336,4160
train_1004.jpg,372,2881,426,3102,object,2336,4160
train_1004.jpg,451,2937,681,3097,object,2336,4160
train_1004.jpg,456,2798,663,2925,object,2336,4160
train_1004.jpg,921,2891,1128,3113,object,2336,4160
train_1004.jpg,1142,2849,1307,3107,object,2336,4160
train_1004.jpg,1338,2913,1508,3103,object,2336,4160
train_1004.jpg,1518,2822,1595,3084,object,2336,4160
train_1004.jpg,1612,2803,1703,3075,object,2336,4160
train_1004.jpg,1735,3011,1837,3087,object,2336,4160
train_1004.jpg,1735,2901,1836,3001,object,2336,4160
train_1004.jpg,1845,2907,1959,2998,object,2336,4160
train_1004.jpg,1850,3016,1965,3088,object,2336,4160
train_1004.jpg,1964,2825,2071,3086,object,2336,4160
train_1004.jpg,2097,2817,2195,3077,object,2336,4160
train_1004.jpg,15,3200,227,3315,object,2336,4160
train_1004.jpg,15,3337,205,3474,object,2336,4160
train_1004.jpg,2180,3289,2256,3533,object,2336,4160
train_1004.jpg,1759,3327,1938,3489,object,2336,4160
train_1004.jpg,2171,3626,2340,3769,object,2336,4160
train_1004.jpg,2151,3788,2340,3927,object,2336,4160
train_1004.jpg,1715,3606,1907,3769,object,2336,4160
train_1004.jpg,1725,3783,1897,3915,object,2336,4160
train_1004.jpg,2269,3289,2338,3543,object,2336,4160
train_1004.jpg,191,3807,376,3984,object,2336,4160
train_1004.jpg,10,3812,184,3984,object,2336,4160
train_1005.jpg,1862,1823,1939,2097,object,2592,4608
train_1005.jpg,1950,1818,2047,2094,object,2592,4608
train_1005.jpg,2055,1823,2148,2094,object,2592,4608
train_1005.jpg,2254,1812,2339,2087,object,2592,4608
train_1005.jpg,1763,1823,1850,2105,object,2592,4608
train_1005.jpg,1448,2216,1539,2484,object,2592,4608
train_1005.jpg,1547,2213,1629,2486,object,2592,4608
train_1005.jpg,1635,2210,1720,2489,object,2592,4608
train_1005.jpg,845,1055,931,1111,object,2592,4608
train_1005.jpg,939,1050,1036,1115,object,2592,4608
train_1005.jpg,2155,1811,2247,2094,object,2592,4608
train_1005.jpg,1658,1823,1750,2100,object,2592,4608
train_1005.jpg,1105,2216,1177,2503,object,2592,4608
train_1005.jpg,1453,1829,1548,2113,object,2592,4608
train_1005.jpg,459,2569,541,2845,object,2592,4608
train_1005.jpg,553,2569,627,2852,object,2592,4608
train_1005.jpg,635,2569,721,2851,object,2592,4608
train_1005.jpg,729,2575,823,2843,object,2592,4608
train_1005.jpg,829,2572,899,2851,object,2592,4608
train_1005.jpg,906,2575,1001,2855,object,2592,4608
train_1005.jpg,1006,2572,1097,2857,object,2592,4608
train_1005.jpg,1100,2580,1182,2836,object,2592,4608
train_1005.jpg,1442,2569,1514,2837,object,2592,4608
train_1005.jpg,1530,2565,1620,2840,object,2592,4608
train_1005.jpg,1558,1822,1651,2116,object,2592,4608
train_1005.jpg,1044,1055,1144,1115,object,2592,4608
train_1005.jpg,945,1133,1036,1202,object,2592,4608
train_1005.jpg,1044,1127,1140,1193,object,2592,4608
train_1005.jpg,1155,1182,1242,1256,object,2592,4608
train_1005.jpg,1066,1304,1156,1394,object,2592,4608
train_1005.jpg,961,1309,1053,1392,object,2592,4608
train_1005.jpg,856,1304,952,1387,object,2592,4608
train_1005.jpg,1630,2575,1705,2836,object,2592,4608
train_1005.jpg,757,1304,851,1384,object,2592,4608
train_1005.jpg,1729,2214,1814,2492,object,2592,4608
train_1005.jpg,1928,2211,2015,2497,object,2592,4608
train_1005.jpg,663,1298,749,1373,object,2592,4608
train_1005.jpg,553,1298,646,1376,object,2592,4608
train_1005.jpg,453,1287,543,1370,object,2592,4608
train_1005.jpg,365,1282,446,1347,object,2592,4608
train_1005.jpg,856,1122,935,1198,object,2592,4608
train_1005.jpg,267,1271,351,1347,object,2592,4608
train_1005.jpg,950,1221,1040,1289,object,2592,4608
train_1005.jpg,856,1221,943,1286,object,2592,4608
train_1005.jpg,757,1227,843,1287,object,2592,4608
train_1005.jpg,663,1216,749,1282,object,2592,4608
train_1005.jpg,547,1227,644,1280,object,2592,4608
train_1005.jpg,453,1210,543,1275,object,2592,4608
train_1005.jpg,359,1204,449,1265,object,2592,4608
train_1005.jpg,260,1199,351,1263,object,2592,4608
train_1005.jpg,2017,2210,2111,2503,object,2592,4608
train_1005.jpg,2122,2192,2211,2503,object,2592,4608
train_1005.jpg,2216,2199,2293,2506,object,2592,4608
train_1005.jpg,348,2564,453,2847,object,2592,4608
train_1005.jpg,1050,1216,1145,1287,object,2592,4608
train_1005.jpg,1713,2573,1800,2834,object,2592,4608
train_1005.jpg,1818,2210,1919,2486,object,2592,4608
train_1005.jpg,1906,2579,1996,2845,object,2592,4608
train_1005.jpg,1558,1315,1652,1384,object,2592,4608
train_1005.jpg,1464,1304,1547,1379,object,2592,4608
train_1005.jpg,2260,1210,2351,1278,object,2592,4608
train_1005.jpg,2155,1221,2256,1285,object,2592,4608
train_1005.jpg,2061,1221,2151,1285,object,2592,4608
train_1005.jpg,1956,1221,2051,1289,object,2592,4608
train_1005.jpg,1856,1227,1942,1297,object,2592,4608
train_1005.jpg,1763,1227,1850,1298,object,2592,4608
train_1005.jpg,1652,1221,1754,1296,object,2592,4608
train_1005.jpg,1558,1227,1642,1303,object,2592,4608
train_1005.jpg,1464,1216,1550,1289,object,2592,4608
train_1005.jpg,1464,1138,1548,1210,object,2592,4608
train_1005.jpg,1558,1133,1651,1200,object,2592,4608
train_1005.jpg,1658,1127,1750,1209,object,2592,4608
train_1005.jpg,1652,1039,1754,1115,object,2592,4608
train_1005.jpg,1459,1039,1542,1124,object,2592,4608
train_1005.jpg,1354,1265,1443,1350,object,2592,4608
train_1005.jpg,1260,1265,1348,1341,object,2592,4608
train_1005.jpg,1160,1271,1247,1340,object,2592,4608
train_1005.jpg,1254,1182,1344,1247,object,2592,4608
train_1005.jpg,2160,1390,2224,1691,object,2592,4608
train_1005.jpg,1663,1321,1753,1384,object,2592,4608
train_1005.jpg,2238,1392,2347,1681,object,2592,4608
train_1005.jpg,1763,1309,1859,1385,object,2592,4608
train_1005.jpg,1956,1304,2060,1383,object,2592,4608
train_1005.jpg,1807,2580,1887,2837,object,2592,4608
train_1005.jpg,1459,1392,1565,1684,object,2592,4608
train_1005.jpg,1083,1409,1170,1680,object,2592,4608
train_1005.jpg,989,1403,1075,1681,object,2592,4608
train_1005.jpg,895,1406,983,1685,object,2592,4608
train_1005.jpg,785,1398,876,1691,object,2592,4608
train_1005.jpg,691,1399,779,1685,object,2592,4608
train_1005.jpg,591,1398,677,1688,object,2592,4608
train_1005.jpg,483,1383,570,1676,object,2592,4608
train_1005.jpg,392,1379,481,1669,object,2592,4608
train_1005.jpg,287,1376,383,1664,object,2592,4608
train_1005.jpg,2265,1293,2362,1369,object,2592,4608
train_1005.jpg,2171,1298,2256,1381,object,2592,4608
train_1005.jpg,1575,1395,1658,1685,object,2592,4608
train_1005.jpg,1669,1398,1754,1685,object,2592,4608
train_1005.jpg,1768,1391,1856,1680,object,2592,4608
train_1005.jpg,1868,1398,1955,1698,object,2592,4608
train_1005.jpg,1961,1388,2058,1691,object,2592,4608
train_1005.jpg,2072,1387,2149,1693,object,2592,4608
train_1005.jpg,1354,1182,1450,1250,object,2592,4608
train_1005.jpg,2066,1298,2166,1377,object,2592,4608
train_1005.jpg,1868,1309,1953,1380,object,2592,4608
train_1005.jpg,315,1801,430,2102,object,2592,4608
train_1005.jpg,1558,1044,1640,1116,object,2592,4608
train_1005.jpg,525,1812,612,2115,object,2592,4608
train_1005.jpg,2006,2575,2093,2825,object,2592,4608
train_1005.jpg,221,2934,2447,4052,object,2592,4608
train_1005.jpg,431,1812,518,2105,object,2592,4608
train_1005.jpg,1017,2211,1100,2492,object,2592,4608
train_1005.jpg,917,2210,1007,2489,object,2592,4608
train_1005.jpg,829,2211,908,2492,object,2592,4608
train_1005.jpg,740,2210,829,2490,object,2592,4608
train_1005.jpg,635,2207,732,2486,object,2592,4608
train_1005.jpg,2205,2586,2289,2833,object,2592,4608
train_1005.jpg,453,2203,540,2481,object,2592,4608
train_1005.jpg,547,2210,627,2488,object,2592,4608
train_1005.jpg,2111,2572,2196,2834,object,2592,4608
train_1005.jpg,1100,1823,1178,2115,object,2592,4608
train_1005.jpg,1006,1825,1095,2111,object,2592,4608
train_1005.jpg,901,1823,993,2119,object,2592,4608
train_1005.jpg,812,1819,892,2111,object,2592,4608
train_1005.jpg,619,1816,714,2116,object,2592,4608
train_1005.jpg,718,1818,800,2109,object,2592,4608
train_1005.jpg,348,2205,446,2485,object,2592,4608
train_1006.jpg,1592,1258,1742,1355,object,3120,4160
train_1006.jpg,1750,1267,1898,1364,object,3120,4160
train_1006.jpg,1903,1277,2045,1374,object,3120,4160
train_1006.jpg,2371,1301,2494,1395,object,3120,4160
train_1006.jpg,2213,1282,2346,1381,object,3120,4160
train_1006.jpg,2765,1338,2877,1415,object,3120,4160
train_1006.jpg,2637,1311,2753,1405,object,3120,4160
train_1006.jpg,2509,1306,2626,1399,object,3120,4160
train_1006.jpg,2055,1278,2203,1375,object,3120,4160
train_1006.jpg,2888,1341,3007,1420,object,3120,4160
train_1006.jpg,1277,2351,1424,2452,object,3120,4160
train_1006.jpg,1104,1104,1259,1217,object,3120,4160
train_1006.jpg,932,1104,1098,1208,object,3120,4160
train_1006.jpg,956,2346,1102,2446,object,3120,4160
train_1006.jpg,1109,2344,1273,2455,object,3120,4160
train_1006.jpg,3026,1337,3122,1415,object,3120,4160
train_1006.jpg,1434,2233,1524,2304,object,3120,4160
train_1006.jpg,1528,2235,1629,2307,object,3120,4160
train_1006.jpg,1636,2228,1734,2310,object,3120,4160
train_1006.jpg,1745,2227,1852,2312,object,3120,4160
train_1006.jpg,1863,2243,2012,2360,object,3120,4160
train_1006.jpg,2016,2264,2198,2356,object,3120,4160
train_1006.jpg,2410,596,2503,727,object,3120,4160
train_1006.jpg,1262,1130,1417,1227,object,3120,4160
train_1006.jpg,25,1311,127,1386,object,3120,4160
train_1006.jpg,1957,808,2108,917,object,3120,4160
train_1006.jpg,217,1341,301,1438,object,3120,4160
train_1006.jpg,246,685,413,806,object,3120,4160
train_1006.jpg,51,670,225,782,object,3120,4160
train_1006.jpg,3036,644,3119,779,object,3120,4160
train_1006.jpg,2947,631,3037,769,object,3120,4160
train_1006.jpg,2257,612,2404,715,object,3120,4160
train_1006.jpg,2859,628,2946,759,object,3120,4160
train_1006.jpg,2775,621,2854,760,object,3120,4160
train_1006.jpg,2686,620,2764,749,object,3120,4160
train_1006.jpg,2598,606,2684,742,object,3120,4160
train_1006.jpg,2509,607,2596,734,object,3120,4160
train_1006.jpg,833,1893,946,1991,object,3120,4160
train_1006.jpg,665,1882,816,1981,object,3120,4160
train_1006.jpg,532,1873,657,1967,object,3120,4160
train_1006.jpg,424,705,600,813,object,3120,4160
train_1006.jpg,626,715,800,837,object,3120,4160
train_1006.jpg,803,739,975,838,object,3120,4160
train_1006.jpg,991,749,1146,872,object,3120,4160
train_1006.jpg,1153,769,1310,877,object,3120,4160
train_1006.jpg,1311,769,1479,880,object,3120,4160
train_1006.jpg,1484,791,1643,892,object,3120,4160
train_1006.jpg,1646,789,1792,912,object,3120,4160
train_1006.jpg,1799,802,1953,912,object,3120,4160
train_1006.jpg,1735,2020,1829,2100,object,3120,4160
train_1006.jpg,966,1819,1078,1909,object,3120,4160
train_1006.jpg,1084,1825,1219,1922,object,3120,4160
train_1006.jpg,1222,1829,1326,1927,object,3120,4160
train_1006.jpg,306,1349,393,1439,object,3120,4160
train_1006.jpg,133,1316,212,1392,object,3120,4160
train_1006.jpg,2110,606,2251,716,object,3120,4160
train_1006.jpg,2548,444,2648,540,object,3120,4160
train_1006.jpg,1814,590,1958,690,object,3120,4160
train_1006.jpg,375,1656,494,1762,object,3120,4160
train_1006.jpg,503,1655,616,1755,object,3120,4160
train_1006.jpg,15,1750,124,1859,object,3120,4160
train_1006.jpg,133,1756,234,1853,object,3120,4160
train_1006.jpg,242,1755,350,1855,object,3120,4160
train_1006.jpg,360,1774,519,1873,object,3120,4160
train_1006.jpg,522,1784,673,1871,object,3120,4160
train_1006.jpg,680,1779,817,1866,object,3120,4160
train_1006.jpg,1434,1242,1582,1344,object,3120,4160
train_1006.jpg,266,1654,364,1755,object,3120,4160
train_1006.jpg,823,1789,948,1869,object,3120,4160
train_1006.jpg,1898,1693,2004,1819,object,3120,4160
train_1006.jpg,1779,1691,1887,1820,object,3120,4160
train_1006.jpg,1898,1628,2004,1686,object,3120,4160
train_1006.jpg,1789,1631,1885,1687,object,3120,4160
train_1006.jpg,1641,1730,1767,1816,object,3120,4160
train_1006.jpg,1503,1730,1633,1809,object,3120,4160
train_1006.jpg,1449,1735,1498,1808,object,3120,4160
train_1006.jpg,1631,1631,1771,1725,object,3120,4160
train_1006.jpg,1498,1629,1628,1725,object,3120,4160
train_1006.jpg,2016,1646,2163,1721,object,3120,4160
train_1006.jpg,1449,1622,1491,1729,object,3120,4160
train_1006.jpg,182,1651,262,1755,object,3120,4160
train_1006.jpg,5,1661,89,1745,object,3120,4160
train_1006.jpg,2213,1740,2293,1794,object,3120,4160
train_1006.jpg,2302,1740,2371,1802,object,3120,4160
train_1006.jpg,2450,1671,2547,1753,object,3120,4160
train_1006.jpg,2558,1671,2651,1755,object,3120,4160
train_1006.jpg,2657,1691,2742,1766,object,3120,4160
train_1006.jpg,2750,1675,2891,1750,object,3120,4160
train_1006.jpg,2903,1686,3035,1757,object,3120,4160
train_1006.jpg,2363,1671,2437,1736,object,3120,4160
train_1006.jpg,2297,1672,2361,1730,object,3120,4160
train_1006.jpg,99,1661,174,1745,object,3120,4160
train_1006.jpg,2208,1666,2291,1740,object,3120,4160
train_1006.jpg,2379,1745,2455,1805,object,3120,4160
train_1006.jpg,2460,1760,2547,1850,object,3120,4160
train_1006.jpg,2553,1769,2644,1858,object,3120,4160
train_1006.jpg,2652,1766,2731,1853,object,3120,4160
train_1006.jpg,2750,1760,2895,1850,object,3120,4160
train_1006.jpg,2898,1769,3037,1858,object,3120,4160
train_1006.jpg,2213,1799,2282,1831,object,3120,4160
train_1006.jpg,2297,1804,2367,1832,object,3120,4160
train_1006.jpg,2376,1808,2452,1843,object,3120,4160
train_1006.jpg,2023,1720,2163,1821,object,3120,4160
train_1006.jpg,2918,1082,3042,1173,object,3120,4160
train_1006.jpg,2785,1075,2907,1161,object,3120,4160
train_1006.jpg,2667,1072,2784,1153,object,3120,4160
train_1006.jpg,1533,2022,1623,2090,object,3120,4160
train_1006.jpg,1631,2021,1724,2100,object,3120,4160
train_1006.jpg,1829,388,1970,493,object,3120,4160
train_1006.jpg,1972,389,2121,506,object,3120,4160
train_1006.jpg,2134,415,2251,513,object,3120,4160
train_1006.jpg,2257,414,2418,527,object,3120,4160
train_1006.jpg,2425,439,2542,532,object,3120,4160
train_1006.jpg,2652,461,2780,547,object,3120,4160
train_1006.jpg,2790,458,2906,559,object,3120,4160
train_1006.jpg,1429,2016,1525,2091,object,3120,4160
train_1006.jpg,2918,473,3029,564,object,3120,4160
train_1006.jpg,301,463,467,574,object,3120,4160
train_1006.jpg,498,488,669,594,object,3120,4160
train_1006.jpg,690,498,856,605,object,3120,4160
train_1006.jpg,867,508,1009,616,object,3120,4160
train_1006.jpg,1020,518,1173,637,object,3120,4160
train_1006.jpg,1183,548,1338,646,object,3120,4160
train_1006.jpg,1355,557,1497,663,object,3120,4160
train_1006.jpg,1503,569,1651,665,object,3120,4160
train_1006.jpg,1661,572,1806,684,object,3120,4160
train_1006.jpg,3041,483,3122,580,object,3120,4160
train_1006.jpg,1272,2124,1428,2206,object,3120,4160
train_1006.jpg,1124,2118,1264,2198,object,3120,4160
train_1006.jpg,971,2124,1111,2201,object,3120,4160
train_1006.jpg,2543,1070,2660,1153,object,3120,4160
train_1006.jpg,2415,1050,2535,1141,object,3120,4160
train_1006.jpg,2903,1010,3028,1077,object,3120,4160
train_1006.jpg,2786,1005,2899,1075,object,3120,4160
train_1006.jpg,2667,996,2776,1061,object,3120,4160
train_1006.jpg,2533,993,2659,1060,object,3120,4160
train_1006.jpg,2410,981,2526,1045,object,3120,4160
train_1006.jpg,2262,1030,2400,1139,object,3120,4160
train_1006.jpg,2110,1025,2250,1140,object,3120,4160
train_1006.jpg,1952,1018,2105,1124,object,3120,4160
train_1006.jpg,1804,1005,1940,1131,object,3120,4160
train_1006.jpg,35,1040,207,1161,object,3120,4160
train_1006.jpg,217,1070,397,1163,object,3120,4160
train_1006.jpg,407,1075,582,1182,object,3120,4160
train_1006.jpg,591,1093,760,1198,object,3120,4160
train_1006.jpg,25,1858,129,1962,object,3120,4160
train_1006.jpg,133,1858,239,1967,object,3120,4160
train_1006.jpg,251,1858,354,1967,object,3120,4160
train_1006.jpg,370,1874,516,1967,object,3120,4160
train_1006.jpg,769,1089,919,1193,object,3120,4160
train_1006.jpg,1286,2031,1426,2122,object,3120,4160
train_1006.jpg,1962,606,2100,704,object,3120,4160
train_1006.jpg,1267,1227,1424,1342,object,3120,4160
train_1006.jpg,966,2016,1119,2117,object,3120,4160
train_1006.jpg,932,1217,1091,1320,object,3120,4160
train_1006.jpg,2213,2119,2288,2229,object,3120,4160
train_1006.jpg,2297,2055,2400,2119,object,3120,4160
train_1006.jpg,2326,2134,2440,2235,object,3120,4160
train_1006.jpg,2440,2060,2548,2161,object,3120,4160
train_1006.jpg,2553,2060,2644,2159,object,3120,4160
train_1006.jpg,2647,2060,2745,2166,object,3120,4160
train_1006.jpg,2445,2164,2549,2239,object,3120,4160
train_1006.jpg,2553,2165,2638,2243,object,3120,4160
train_1006.jpg,2647,2169,2739,2239,object,3120,4160
train_1006.jpg,2750,2075,2887,2144,object,3120,4160
train_1006.jpg,2218,1474,2282,1546,object,3120,4160
train_1006.jpg,2292,1470,2360,1543,object,3120,4160
train_1006.jpg,2376,1469,2455,1534,object,3120,4160
train_1006.jpg,2453,1479,2531,1548,object,3120,4160
train_1006.jpg,2538,1484,2614,1553,object,3120,4160
train_1006.jpg,2617,1481,2696,1553,object,3120,4160
train_1006.jpg,2701,1484,2774,1551,object,3120,4160
train_1006.jpg,2223,1545,2293,1640,object,3120,4160
train_1006.jpg,2297,1548,2372,1644,object,3120,4160
train_1006.jpg,2381,1548,2452,1651,object,3120,4160
train_1006.jpg,2460,1548,2535,1656,object,3120,4160
train_1006.jpg,2050,2139,2197,2224,object,3120,4160
train_1006.jpg,2548,1559,2625,1656,object,3120,4160
train_1006.jpg,2045,2045,2191,2135,object,3120,4160
train_1006.jpg,2464,1868,2557,1967,object,3120,4160
train_1006.jpg,2533,866,2654,961,object,3120,4160
train_1006.jpg,2386,863,2529,954,object,3120,4160
train_1006.jpg,2913,789,3040,892,object,3120,4160
train_1006.jpg,2795,792,2911,877,object,3120,4160
train_1006.jpg,2657,774,2785,874,object,3120,4160
train_1006.jpg,2529,771,2652,858,object,3120,4160
train_1006.jpg,2391,754,2522,858,object,3120,4160
train_1006.jpg,2272,789,2377,946,object,3120,4160
train_1006.jpg,2119,829,2260,932,object,3120,4160
train_1006.jpg,1622,1899,1712,2016,object,3120,4160
train_1006.jpg,1715,1903,1782,2020,object,3120,4160
train_1006.jpg,1793,1930,1911,2018,object,3120,4160
train_1006.jpg,1799,1858,1907,1932,object,3120,4160
train_1006.jpg,1912,1848,1974,1932,object,3120,4160
train_1006.jpg,1917,1937,1973,2028,object,3120,4160
train_1006.jpg,1981,1848,2095,1907,object,3120,4160
train_1006.jpg,2100,1843,2196,1912,object,3120,4160
train_1006.jpg,1991,1912,2091,2031,object,3120,4160
train_1006.jpg,2095,1920,2208,2031,object,3120,4160
train_1006.jpg,2245,1840,2356,1937,object,3120,4160
train_1006.jpg,2361,1868,2460,1965,object,3120,4160
train_1006.jpg,2563,1871,2657,1967,object,3120,4160
train_1006.jpg,2627,1558,2706,1660,object,3120,4160
train_1006.jpg,2716,1567,2784,1671,object,3120,4160
train_1006.jpg,2795,1556,2899,1665,object,3120,4160
train_1006.jpg,513,2336,600,2431,object,3120,4160
train_1006.jpg,616,2305,765,2430,object,3120,4160
train_1006.jpg,779,2302,927,2425,object,3120,4160
train_1006.jpg,946,2233,1099,2339,object,3120,4160
train_1006.jpg,1109,2239,1265,2336,object,3120,4160
train_1006.jpg,2908,1965,3056,2055,object,3120,4160
train_1006.jpg,30,1972,150,2069,object,3120,4160
train_1006.jpg,158,1970,260,2085,object,3120,4160
train_1006.jpg,261,1976,441,2089,object,3120,4160
train_1006.jpg,449,1984,621,2090,object,3120,4160
train_1006.jpg,631,2006,744,2095,object,3120,4160
train_1006.jpg,749,2011,847,2107,object,3120,4160
train_1006.jpg,853,2015,940,2105,object,3120,4160
train_1006.jpg,25,2075,138,2167,object,3120,4160
train_1006.jpg,148,2091,255,2174,object,3120,4160
train_1006.jpg,271,2095,445,2177,object,3120,4160
train_1006.jpg,453,2095,617,2179,object,3120,4160
train_1006.jpg,631,2100,750,2180,object,3120,4160
train_1006.jpg,1272,2248,1431,2341,object,3120,4160
train_1006.jpg,759,2116,848,2184,object,3120,4160
train_1006.jpg,853,2115,956,2188,object,3120,4160
train_1006.jpg,384,2338,500,2435,object,3120,4160
train_1006.jpg,256,2331,375,2436,object,3120,4160
train_1006.jpg,138,2338,240,2420,object,3120,4160
train_1006.jpg,15,2326,121,2424,object,3120,4160
train_1006.jpg,2775,1439,2898,1546,object,3120,4160
train_1006.jpg,2899,1453,3035,1558,object,3120,4160
train_1006.jpg,2657,1878,2717,1970,object,3120,4160
train_1006.jpg,2760,1883,2915,1944,object,3120,4160
train_1006.jpg,2923,1878,3063,1963,object,3120,4160
train_1006.jpg,2760,1967,2897,2057,object,3120,4160
train_1006.jpg,2908,1567,3023,1680,object,3120,4160
train_1006.jpg,0,1572,113,1656,object,3120,4160
train_1006.jpg,187,1562,269,1645,object,3120,4160
train_1006.jpg,276,1556,360,1651,object,3120,4160
train_1006.jpg,2662,877,2787,966,object,3120,4160
train_1006.jpg,380,1558,492,1647,object,3120,4160
train_1006.jpg,2898,2074,3071,2149,object,3120,4160
train_1006.jpg,2755,2159,2893,2238,object,3120,4160
train_1006.jpg,2903,2159,3033,2241,object,3120,4160
train_1006.jpg,35,2213,166,2312,object,3120,4160
train_1006.jpg,173,2219,253,2317,object,3120,4160
train_1006.jpg,261,2223,380,2326,object,3120,4160
train_1006.jpg,384,2227,485,2331,object,3120,4160
train_1006.jpg,493,2233,598,2329,object,3120,4160
train_1006.jpg,606,2193,762,2294,object,3120,4160
train_1006.jpg,774,2196,933,2292,object,3120,4160
train_1006.jpg,503,1564,606,1656,object,3120,4160
train_1006.jpg,1104,1225,1263,1326,object,3120,4160
train_1006.jpg,2795,880,2911,971,object,3120,4160
train_1006.jpg,0,887,156,1003,object,3120,4160
train_1006.jpg,2055,1173,2207,1277,object,3120,4160
train_1006.jpg,1907,1158,2039,1273,object,3120,4160
train_1006.jpg,1745,1147,1901,1257,object,3120,4160
train_1006.jpg,1592,1144,1739,1253,object,3120,4160
train_1006.jpg,1429,1131,1585,1237,object,3120,4160
train_1006.jpg,306,1449,394,1548,object,3120,4160
train_1006.jpg,399,1450,504,1548,object,3120,4160
train_1006.jpg,508,1454,604,1551,object,3120,4160
train_1006.jpg,616,1400,741,1486,object,3120,4160
train_1006.jpg,749,1415,864,1485,object,3120,4160
train_1006.jpg,867,1439,972,1495,object,3120,4160
train_1006.jpg,616,1493,738,1565,object,3120,4160
train_1006.jpg,749,1493,860,1583,object,3120,4160
train_1006.jpg,872,1498,965,1578,object,3120,4160
train_1006.jpg,991,1429,1137,1503,object,3120,4160
train_1006.jpg,1148,1434,1289,1506,object,3120,4160
train_1006.jpg,1296,1444,1431,1521,object,3120,4160
train_1006.jpg,1434,1380,1537,1459,object,3120,4160
train_1006.jpg,1538,1384,1645,1459,object,3120,4160
train_1006.jpg,1656,1394,1771,1459,object,3120,4160
train_1006.jpg,1774,1400,1873,1468,object,3120,4160
train_1006.jpg,2213,1173,2367,1265,object,3120,4160
train_1006.jpg,1878,1413,1963,1479,object,3120,4160
train_1006.jpg,2376,1203,2496,1295,object,3120,4160
train_1006.jpg,207,1445,303,1553,object,3120,4160
train_1006.jpg,764,1204,923,1306,object,3120,4160
train_1006.jpg,591,1203,758,1300,object,3120,4160
train_1006.jpg,404,1203,573,1296,object,3120,4160
train_1006.jpg,217,1173,391,1286,object,3120,4160
train_1006.jpg,39,1168,206,1272,object,3120,4160
train_1006.jpg,3026,1236,3120,1331,object,3120,4160
train_1006.jpg,2888,1242,3010,1330,object,3120,4160
train_1006.jpg,2765,1237,2883,1331,object,3120,4160
train_1006.jpg,2652,1222,2750,1312,object,3120,4160
train_1006.jpg,404,1351,509,1445,object,3120,4160
train_1006.jpg,518,1365,601,1454,object,3120,4160
train_1006.jpg,611,1341,734,1397,object,3120,4160
train_1006.jpg,739,1346,859,1405,object,3120,4160
train_1006.jpg,863,1360,975,1428,object,3120,4160
train_1006.jpg,986,1360,1132,1429,object,3120,4160
train_1006.jpg,1144,1368,1282,1429,object,3120,4160
train_1006.jpg,1286,1370,1427,1442,object,3120,4160
train_1006.jpg,20,1390,106,1468,object,3120,4160
train_1006.jpg,118,1400,208,1465,object,3120,4160
train_1006.jpg,25,1469,105,1546,object,3120,4160
train_1006.jpg,108,1474,196,1555,object,3120,4160
train_1006.jpg,2509,1209,2637,1296,object,3120,4160
train_1006.jpg,1972,1415,2087,1489,object,3120,4160
train_1006.jpg,1444,1459,1544,1527,object,3120,4160
train_1006.jpg,1553,1464,1654,1533,object,3120,4160
train_1006.jpg,1715,1819,1789,1893,object,3120,4160
train_1006.jpg,1454,1906,1523,2006,object,3120,4160
train_1006.jpg,1533,1903,1615,2012,object,3120,4160
train_1006.jpg,1656,1001,1799,1111,object,3120,4160
train_1006.jpg,1503,997,1650,1099,object,3120,4160
train_1006.jpg,1331,981,1495,1095,object,3120,4160
train_1006.jpg,1193,983,1328,1089,object,3120,4160
train_1006.jpg,1025,961,1183,1082,object,3120,4160
train_1006.jpg,1834,2041,1895,2147,object,3120,4160
train_1006.jpg,1907,2054,2031,2149,object,3120,4160
train_1006.jpg,1439,2105,1524,2213,object,3120,4160
train_1006.jpg,1528,2103,1620,2213,object,3120,4160
train_1006.jpg,1627,2115,1729,2219,object,3120,4160
train_1006.jpg,1735,2117,1820,2218,object,3120,4160
train_1006.jpg,1829,2139,1917,2214,object,3120,4160
train_1006.jpg,1917,2153,2045,2213,object,3120,4160
train_1006.jpg,858,957,1020,1060,object,3120,4160
train_1006.jpg,705,946,850,1054,object,3120,4160
train_1006.jpg,527,930,684,1040,object,3120,4160
train_1006.jpg,340,912,519,1025,object,3120,4160
train_1006.jpg,177,909,339,1020,object,3120,4160
train_1006.jpg,1627,1820,1704,1898,object,3120,4160
train_1006.jpg,1538,1809,1618,1895,object,3120,4160
train_1006.jpg,1454,1820,1528,1903,object,3120,4160
train_1006.jpg,1337,1943,1447,2001,object,3120,4160
train_1006.jpg,1666,1469,1778,1538,object,3120,4160
train_1006.jpg,1784,1471,1872,1543,object,3120,4160
train_1006.jpg,1883,1484,1984,1548,object,3120,4160
train_1006.jpg,1991,1498,2090,1548,object,3120,4160
train_1006.jpg,2095,1424,2191,1482,object,3120,4160
train_1006.jpg,2096,1489,2206,1558,object,3120,4160
train_1006.jpg,991,1508,1132,1588,object,3120,4160
train_1006.jpg,1144,1516,1285,1592,object,3120,4160
train_1006.jpg,1296,1528,1442,1593,object,3120,4160
train_1006.jpg,1449,1528,1551,1599,object,3120,4160
train_1006.jpg,2918,897,3040,976,object,3120,4160
train_1006.jpg,1553,1544,1666,1602,object,3120,4160
train_1006.jpg,1789,1546,1883,1607,object,3120,4160
train_1006.jpg,1888,1553,1976,1624,object,3120,4160
train_1006.jpg,1129,2034,1278,2115,object,3120,4160
train_1006.jpg,2105,1562,2217,1631,object,3120,4160
train_1006.jpg,2238,1410,2312,1470,object,3120,4160
train_1006.jpg,2326,1415,2394,1469,object,3120,4160
train_1006.jpg,1331,1829,1447,1937,object,3120,4160
train_1006.jpg,961,1912,1082,1999,object,3120,4160
train_1006.jpg,1094,1921,1214,2001,object,3120,4160
train_1006.jpg,1222,1932,1331,2007,object,3120,4160
train_1006.jpg,1671,1543,1782,1607,object,3120,4160
train_1006.jpg,1981,1554,2092,1622,object,3120,4160
train_1006.jpg,1853,2371,1995,2467,object,3120,4160
train_1006.jpg,1484,372,1650,468,object,3120,4160
train_1006.jpg,306,2993,478,3115,object,3120,4160
train_1006.jpg,99,3125,291,3232,object,3120,4160
train_1006.jpg,2893,2893,3004,2947,object,3120,4160
train_1006.jpg,2750,2893,2882,2952,object,3120,4160
train_1006.jpg,3002,2740,3049,2867,object,3120,4160
train_1006.jpg,2888,2823,2998,2888,object,3120,4160
train_1006.jpg,2750,2814,2882,2887,object,3120,4160
train_1006.jpg,2874,2727,2998,2809,object,3120,4160
train_1006.jpg,2755,2731,2872,2808,object,3120,4160
train_1006.jpg,2588,2726,2738,2945,object,3120,4160
train_1006.jpg,2188,2864,2397,2934,object,3120,4160
train_1006.jpg,2479,2764,2559,2844,object,3120,4160
train_1006.jpg,2376,2760,2472,2845,object,3120,4160
train_1006.jpg,2011,2736,2170,2843,object,3120,4160
train_1006.jpg,1843,2726,2002,2849,object,3120,4160
train_1006.jpg,483,3007,628,3113,object,3120,4160
train_1006.jpg,306,3120,465,3224,object,3120,4160
train_1006.jpg,473,3122,619,3209,object,3120,4160
train_1006.jpg,641,3012,927,3110,object,3120,4160
train_1006.jpg,1853,3120,2012,3216,object,3120,4160
train_1006.jpg,2021,2997,2200,3098,object,3120,4160
train_1006.jpg,1848,2976,2016,3110,object,3120,4160
train_1006.jpg,1671,3122,1838,3214,object,3120,4160
train_1006.jpg,1528,3120,1660,3216,object,3120,4160
train_1006.jpg,1666,3004,1830,3120,object,3120,4160
train_1006.jpg,1528,3036,1660,3116,object,3120,4160
train_1006.jpg,1681,2736,1835,2853,object,3120,4160
train_1006.jpg,1528,2923,1662,3029,object,3120,4160
train_1006.jpg,1227,3120,1371,3219,object,3120,4160
train_1006.jpg,1380,2987,1521,3108,object,3120,4160
train_1006.jpg,1232,2991,1373,3115,object,3120,4160
train_1006.jpg,1139,2967,1217,3196,object,3120,4160
train_1006.jpg,936,2956,1136,3110,object,3120,4160
train_1006.jpg,922,3125,1129,3219,object,3120,4160
train_1006.jpg,641,3120,913,3226,object,3120,4160
train_1006.jpg,1380,3116,1513,3219,object,3120,4160
train_1006.jpg,1528,2722,1673,2839,object,3120,4160
train_1006.jpg,1449,2729,1522,2849,object,3120,4160
train_1006.jpg,1316,2736,1439,2848,object,3120,4160
train_1006.jpg,2538,2627,2664,2713,object,3120,4160
train_1006.jpg,2686,2525,2834,2632,object,3120,4160
train_1006.jpg,2538,2524,2680,2623,object,3120,4160
train_1006.jpg,1651,375,1808,479,object,3120,4160
train_1006.jpg,1301,1715,1436,1794,object,3120,4160
train_1006.jpg,1134,1709,1283,1794,object,3120,4160
train_1006.jpg,981,1700,1124,1793,object,3120,4160
train_1006.jpg,2671,2632,2822,2716,object,3120,4160
train_1006.jpg,1296,1627,1439,1712,object,3120,4160
train_1006.jpg,961,1607,1121,1693,object,3120,4160
train_1006.jpg,877,1700,973,1776,object,3120,4160
train_1006.jpg,749,1731,866,1779,object,3120,4160
train_1006.jpg,626,1725,745,1773,object,3120,4160
train_1006.jpg,858,1607,955,1693,object,3120,4160
train_1006.jpg,759,1608,858,1730,object,3120,4160
train_1006.jpg,621,1602,753,1724,object,3120,4160
train_1006.jpg,1129,1622,1283,1700,object,3120,4160
train_1006.jpg,2026,3108,2190,3214,object,3120,4160
train_1006.jpg,2943,2494,3074,2572,object,3120,4160
train_1006.jpg,2957,2574,3058,2642,object,3120,4160
train_1006.jpg,1158,2734,1310,2834,object,3120,4160
train_1006.jpg,956,2721,1152,2842,object,3120,4160
train_1006.jpg,794,2813,930,2938,object,3120,4160
train_1006.jpg,621,2824,785,2940,object,3120,4160
train_1006.jpg,784,2704,940,2805,object,3120,4160
train_1006.jpg,621,2706,779,2814,object,3120,4160
train_1006.jpg,444,2853,617,2943,object,3120,4160
train_1006.jpg,2844,2563,2947,2639,object,3120,4160
train_1006.jpg,286,2849,434,2944,object,3120,4160
train_1006.jpg,0,2839,126,2951,object,3120,4160
train_1006.jpg,444,2740,610,2844,object,3120,4160
train_1006.jpg,286,2711,435,2840,object,3120,4160
train_1006.jpg,148,2713,274,2814,object,3120,4160
train_1006.jpg,0,2711,140,2838,object,3120,4160
train_1006.jpg,2952,2648,3040,2716,object,3120,4160
train_1006.jpg,2839,2652,2941,2717,object,3120,4160
train_1006.jpg,138,2830,266,2952,object,3120,4160
train_1006.jpg,2218,2992,2391,3196,object,3120,4160
train_1006.jpg,104,2987,285,3104,object,3120,4160
train_1006.jpg,2351,2611,2531,2706,object,3120,4160
train_1006.jpg,2839,2256,2952,2331,object,3120,4160
train_1006.jpg,2957,2257,3055,2336,object,3120,4160
train_1006.jpg,2844,2336,2949,2413,object,3120,4160
train_1006.jpg,2957,2339,3053,2415,object,3120,4160
train_1006.jpg,2844,2420,2943,2479,object,3120,4160
train_1006.jpg,2952,2421,3057,2484,object,3120,4160
train_1006.jpg,0,2464,126,2582,object,3120,4160
train_1006.jpg,128,2468,298,2583,object,3120,4160
train_1006.jpg,315,2450,469,2553,object,3120,4160
train_1006.jpg,478,2450,574,2553,object,3120,4160
train_1006.jpg,616,2464,766,2565,object,3120,4160
train_1006.jpg,774,2463,863,2568,object,3120,4160
train_1006.jpg,867,2464,919,2686,object,3120,4160
train_1006.jpg,335,2568,497,2679,object,3120,4160
train_1006.jpg,513,2569,599,2681,object,3120,4160
train_1006.jpg,2662,2381,2806,2473,object,3120,4160
train_1006.jpg,621,2583,769,2679,object,3120,4160
train_1006.jpg,2622,2278,2773,2366,object,3120,4160
train_1006.jpg,2484,2376,2644,2472,object,3120,4160
train_1006.jpg,1316,350,1480,471,object,3120,4160
train_1006.jpg,1158,347,1311,444,object,3120,4160
train_1006.jpg,1005,315,1153,441,object,3120,4160
train_1006.jpg,1439,2307,1519,2377,object,3120,4160
train_1006.jpg,1528,2317,1622,2383,object,3120,4160
train_1006.jpg,1627,2317,1739,2381,object,3120,4160
train_1006.jpg,1740,2317,1845,2381,object,3120,4160
train_1006.jpg,1434,2386,1523,2458,object,3120,4160
train_1006.jpg,1538,2389,1635,2455,object,3120,4160
train_1006.jpg,1651,2391,1741,2460,object,3120,4160
train_1006.jpg,2400,2973,2565,3194,object,3120,4160
train_1006.jpg,2016,2371,2181,2455,object,3120,4160
train_1006.jpg,2208,2257,2336,2340,object,3120,4160
train_1006.jpg,2386,2264,2499,2346,object,3120,4160
train_1006.jpg,2238,2351,2421,2469,object,3120,4160
train_1006.jpg,2504,2277,2614,2371,object,3120,4160
train_1006.jpg,774,2570,860,2686,object,3120,4160
train_1006.jpg,1760,2384,1837,2460,object,3120,4160
train_1006.jpg,1070,2500,1211,2598,object,3120,4160
train_1006.jpg,1558,2563,1655,2627,object,3120,4160
train_1006.jpg,932,2494,1062,2595,object,3120,4160
train_1006.jpg,1666,2573,1798,2637,object,3120,4160
train_1006.jpg,1464,2627,1566,2705,object,3120,4160
train_1006.jpg,1572,2633,1661,2701,object,3120,4160
train_1006.jpg,1676,2642,1808,2713,object,3120,4160
train_1006.jpg,1819,2598,1970,2701,object,3120,4160
train_1006.jpg,1981,2610,2154,2706,object,3120,4160
train_1006.jpg,2760,3056,2867,3167,object,3120,4160
train_1006.jpg,2883,3056,2980,3174,object,3120,4160
train_1006.jpg,2987,3061,3105,3183,object,3120,4160
train_1006.jpg,2174,2494,2342,2584,object,3120,4160
train_1006.jpg,2346,2492,2526,2598,object,3120,4160
train_1006.jpg,2174,2593,2335,2700,object,3120,4160
train_1006.jpg,2573,2967,2744,3175,object,3120,4160
train_1006.jpg,1967,2519,2148,2598,object,3120,4160
train_1006.jpg,1454,2553,1551,2627,object,3120,4160
train_1006.jpg,1213,2504,1360,2593,object,3120,4160
train_1006.jpg,1365,2606,1442,2701,object,3120,4160
train_1006.jpg,1237,2607,1365,2702,object,3120,4160
train_1006.jpg,1084,2605,1226,2701,object,3120,4160
train_1006.jpg,946,2602,1076,2701,object,3120,4160
train_1006.jpg,1360,2492,1437,2598,object,3120,4160
train_1006.jpg,1799,2489,1960,2596,object,3120,4160
train_1006.jpg,1656,2464,1789,2562,object,3120,4160
train_1006.jpg,1553,2462,1652,2558,object,3120,4160
train_1006.jpg,1444,2461,1545,2554,object,3120,4160
train_1007.jpg,34,1400,125,1712,object,2448,3264
train_1007.jpg,0,1969,65,2044,object,2448,3264
train_1007.jpg,30,1898,109,1931,object,2448,3264
train_1007.jpg,138,1797,218,1958,object,2448,3264
train_1007.jpg,921,1434,982,1730,object,2448,3264
train_1007.jpg,236,1800,295,2004,object,2448,3264
train_1007.jpg,303,1883,430,2061,object,2448,3264
train_1007.jpg,438,1864,566,2070,object,2448,3264
train_1007.jpg,580,1842,697,2063,object,2448,3264
train_1007.jpg,132,1402,164,1712,object,2448,3264
train_1007.jpg,168,1400,218,1711,object,2448,3264
train_1007.jpg,559,1434,644,1714,object,2448,3264
train_1007.jpg,307,1434,372,1712,object,2448,3264
train_1007.jpg,378,1460,458,1710,object,2448,3264
train_1007.jpg,472,1490,555,1702,object,2448,3264
train_1007.jpg,846,1437,916,1725,object,2448,3264
train_1007.jpg,651,1452,719,1702,object,2448,3264
train_1007.jpg,771,1419,838,1723,object,2448,3264
train_1007.jpg,711,1894,769,2076,object,2448,3264
train_1007.jpg,988,2122,1129,2325,object,2448,3264
train_1007.jpg,845,2122,955,2363,object,2448,3264
train_1007.jpg,2175,303,2266,621,object,2448,3264
train_1007.jpg,992,1422,1062,1720,object,2448,3264
train_1007.jpg,216,1419,305,1704,object,2448,3264
train_1007.jpg,779,1857,900,2047,object,2448,3264
train_1007.jpg,1853,1887,1951,2076,object,2448,3264
train_1007.jpg,1029,1838,1127,2069,object,2448,3264
train_1007.jpg,1145,2175,1217,2415,object,2448,3264
train_1007.jpg,153,2369,288,2395,object,2448,3264
train_1007.jpg,22,2392,103,2458,object,2448,3264
train_1007.jpg,7,2208,100,2343,object,2448,3264
train_1007.jpg,138,2171,225,2310,object,2448,3264
train_1007.jpg,1235,2167,1279,2436,object,2448,3264
train_1007.jpg,232,2129,397,2340,object,2448,3264
train_1007.jpg,371,2336,486,2421,object,2448,3264
train_1007.jpg,427,2107,541,2298,object,2448,3264
train_1007.jpg,576,2205,672,2477,object,2448,3264
train_1007.jpg,824,2388,967,2413,object,2448,3264
train_1007.jpg,681,2351,810,2418,object,2448,3264
train_1007.jpg,734,2111,837,2339,object,2448,3264
train_1007.jpg,977,2366,1119,2414,object,2448,3264
train_1007.jpg,1063,1419,1143,1718,object,2448,3264
train_1007.jpg,1295,2171,1434,2428,object,2448,3264
train_1007.jpg,913,1860,1013,2069,object,2448,3264
train_1007.jpg,1467,2197,1584,2498,object,2448,3264
train_1007.jpg,1606,2141,1751,2391,object,2448,3264
train_1007.jpg,1142,1827,1245,2062,object,2448,3264
train_1007.jpg,1269,1827,1329,2062,object,2448,3264
train_1007.jpg,1340,1838,1457,2072,object,2448,3264
train_1007.jpg,1471,1860,1581,2047,object,2448,3264
train_1007.jpg,1595,1943,1700,2041,object,2448,3264
train_1007.jpg,1722,1902,1827,2074,object,2448,3264
train_1007.jpg,2014,1920,2138,1964,object,2448,3264
train_1007.jpg,2044,1763,2183,1858,object,2448,3264
train_1007.jpg,2145,1868,2343,1952,object,2448,3264
train_1007.jpg,2362,1838,2448,1949,object,2448,3264
train_1007.jpg,2122,1988,2300,2071,object,2448,3264
train_1007.jpg,2291,2160,2438,2363,object,2448,3264
train_1007.jpg,2085,2212,2222,2434,object,2448,3264
train_1007.jpg,1950,2145,2058,2427,object,2448,3264
train_1007.jpg,1782,2205,1911,2553,object,2448,3264
train_1007.jpg,1651,2399,1774,2457,object,2448,3264
train_1007.jpg,1145,1426,1216,1723,object,2448,3264
train_1007.jpg,2186,1276,2322,1671,object,2448,3264
train_1007.jpg,1220,1434,1286,1721,object,2448,3264
train_1007.jpg,1595,663,1679,908,object,2448,3264
train_1007.jpg,1452,648,1583,904,object,2448,3264
train_1007.jpg,1325,670,1439,889,object,2448,3264
train_1007.jpg,1149,603,1315,901,object,2448,3264
train_1007.jpg,999,659,1143,896,object,2448,3264
train_1007.jpg,883,696,994,902,object,2448,3264
train_1007.jpg,775,678,870,914,object,2448,3264
train_1007.jpg,636,715,753,902,object,2448,3264
train_1007.jpg,509,648,603,897,object,2448,3264
train_1007.jpg,367,651,503,904,object,2448,3264
train_1007.jpg,284,666,366,910,object,2448,3264
train_1007.jpg,240,689,284,911,object,2448,3264
train_1007.jpg,180,696,231,909,object,2448,3264
train_1007.jpg,112,685,178,911,object,2448,3264
train_1007.jpg,30,722,102,911,object,2448,3264
train_1007.jpg,2392,371,2447,600,object,2448,3264
train_1007.jpg,2280,299,2389,485,object,2448,3264
train_1007.jpg,4,82,72,443,object,2448,3264
train_1007.jpg,168,120,398,418,object,2448,3264
train_1007.jpg,554,168,697,398,object,2448,3264
train_1007.jpg,760,168,830,409,object,2448,3264
train_1007.jpg,868,153,947,444,object,2448,3264
train_1007.jpg,1314,165,1406,430,object,2448,3264
train_1007.jpg,1419,157,1505,454,object,2448,3264
train_1007.jpg,1516,67,1696,430,object,2448,3264
train_1007.jpg,1722,49,1897,431,object,2448,3264
train_1007.jpg,1905,90,2078,424,object,2448,3264
train_1007.jpg,1299,1396,1378,1724,object,2448,3264
train_1007.jpg,2092,311,2167,680,object,2448,3264
train_1007.jpg,1752,666,1839,897,object,2448,3264
train_1007.jpg,1849,666,1933,899,object,2448,3264
train_1007.jpg,954,22,1314,443,object,2448,3264
train_1007.jpg,2072,812,2194,1089,object,2448,3264
train_1007.jpg,1390,1389,1464,1718,object,2448,3264
train_1007.jpg,1946,659,2065,897,object,2448,3264
train_1007.jpg,1501,1572,1550,1663,object,2448,3264
train_1007.jpg,1565,1456,1640,1718,object,2448,3264
train_1007.jpg,1647,1497,1767,1717,object,2448,3264
train_1007.jpg,1905,1462,2010,1724,object,2448,3264
train_1007.jpg,2354,1254,2448,1752,object,2448,3264
train_1007.jpg,2035,1296,2162,1729,object,2448,3264
train_1007.jpg,1898,1071,2028,1314,object,2448,3264
train_1007.jpg,1752,1119,1876,1327,object,2448,3264
train_1007.jpg,1621,1130,1747,1314,object,2448,3264
train_1007.jpg,1477,1060,1615,1317,object,2448,3264
train_1007.jpg,1355,1100,1476,1325,object,2448,3264
train_1007.jpg,1217,1067,1341,1326,object,2448,3264
train_1007.jpg,1770,1460,1902,1724,object,2448,3264
train_1007.jpg,936,1052,1076,1325,object,2448,3264
train_1007.jpg,2205,820,2355,1112,object,2448,3264
train_1007.jpg,2358,771,2448,1088,object,2448,3264
train_1007.jpg,1086,1052,1207,1319,object,2448,3264
train_1007.jpg,131,1089,212,1323,object,2448,3264
train_1007.jpg,217,1093,276,1326,object,2448,3264
train_1007.jpg,311,1071,400,1333,object,2448,3264
train_1007.jpg,404,1086,488,1329,object,2448,3264
train_1007.jpg,0,1067,126,1323,object,2448,3264
train_1007.jpg,842,1086,918,1326,object,2448,3264
train_1007.jpg,505,1089,580,1330,object,2448,3264
train_1007.jpg,591,1097,666,1337,object,2448,3264
train_1007.jpg,670,1108,745,1339,object,2448,3264
train_1007.jpg,756,1074,838,1331,object,2448,3264
train_1008.jpg,1190,2514,1283,2610,object,2448,3264
train_1008.jpg,336,2678,387,2783,object,2448,3264
train_1008.jpg,39,2613,114,2705,object,2448,3264
train_1008.jpg,129,2610,192,2682,object,2448,3264
train_1008.jpg,470,2367,694,2454,object,2448,3264
train_1008.jpg,476,2458,694,2560,object,2448,3264
train_1008.jpg,448,2565,678,2658,object,2448,3264
train_1008.jpg,434,2673,651,2783,object,2448,3264
train_1008.jpg,707,2471,812,2578,object,2448,3264
train_1008.jpg,824,2462,922,2561,object,2448,3264
train_1008.jpg,828,2574,937,2669,object,2448,3264
train_1008.jpg,1289,2401,1386,2505,object,2448,3264
train_1008.jpg,699,2686,794,2785,object,2448,3264
train_1008.jpg,806,2687,910,2790,object,2448,3264
train_1008.jpg,970,2350,1041,2411,object,2448,3264
train_1008.jpg,974,2410,1046,2486,object,2448,3264
train_1008.jpg,1052,2410,1135,2488,object,2448,3264
train_1008.jpg,970,2497,1054,2550,object,2448,3264
train_1008.jpg,1074,2493,1145,2553,object,2448,3264
train_1008.jpg,1181,2406,1281,2508,object,2448,3264
train_1008.jpg,250,2675,320,2790,object,2448,3264
train_1008.jpg,707,2587,784,2673,object,2448,3264
train_1008.jpg,177,2682,243,2795,object,2448,3264
train_1008.jpg,2104,2035,2161,2113,object,2448,3264
train_1008.jpg,2259,2172,2314,2251,object,2448,3264
train_1008.jpg,1647,2091,1704,2152,object,2448,3264
train_1008.jpg,1289,2526,1386,2613,object,2448,3264
train_1008.jpg,1720,2027,1789,2097,object,2448,3264
train_1008.jpg,1807,2025,1856,2096,object,2448,3264
train_1008.jpg,1867,2031,1930,2098,object,2448,3264
train_1008.jpg,1725,2104,1782,2159,object,2448,3264
train_1008.jpg,1725,2169,1788,2233,object,2448,3264
train_1008.jpg,1789,2177,1853,2233,object,2448,3264
train_1008.jpg,1863,2169,1921,2231,object,2448,3264
train_1008.jpg,1876,2104,1930,2170,object,2448,3264
train_1008.jpg,1970,2039,2037,2115,object,2448,3264
train_1008.jpg,2044,2029,2100,2100,object,2448,3264
train_1008.jpg,1962,2117,2022,2163,object,2448,3264
train_1008.jpg,1970,2173,2024,2238,object,2448,3264
train_1008.jpg,2027,2183,2098,2238,object,2448,3264
train_1008.jpg,2104,2177,2159,2240,object,2448,3264
train_1008.jpg,2113,2117,2166,2176,object,2448,3264
train_1008.jpg,2182,2052,2227,2131,object,2448,3264
train_1008.jpg,2238,2049,2285,2130,object,2448,3264
train_1008.jpg,2044,1889,2098,1955,object,2448,3264
train_1008.jpg,2104,1893,2150,1958,object,2448,3264
train_1008.jpg,2160,1889,2212,1948,object,2448,3264
train_1008.jpg,2186,2177,2256,2250,object,2448,3264
train_1008.jpg,2328,2177,2389,2255,object,2448,3264
train_1008.jpg,1177,2622,1284,2734,object,2448,3264
train_1008.jpg,660,3003,733,3087,object,2448,3264
train_1008.jpg,1406,2591,1491,2703,object,2448,3264
train_1008.jpg,604,3005,655,3085,object,2448,3264
train_1008.jpg,750,2997,807,3070,object,2448,3264
train_1008.jpg,466,3092,533,3149,object,2448,3264
train_1008.jpg,535,3088,597,3148,object,2448,3264
train_1008.jpg,608,3092,663,3147,object,2448,3264
train_1008.jpg,664,3090,735,3143,object,2448,3264
train_1008.jpg,474,3161,536,3211,object,2448,3264
train_1008.jpg,543,3156,607,3204,object,2448,3264
train_1008.jpg,617,3156,669,3199,object,2448,3264
train_1008.jpg,673,3145,738,3191,object,2448,3264
train_1008.jpg,474,3221,539,3259,object,2448,3264
train_1008.jpg,548,3205,595,3255,object,2448,3264
train_1008.jpg,612,3208,660,3252,object,2448,3264
train_1008.jpg,677,3199,731,3260,object,2448,3264
train_1008.jpg,1319,3156,1417,3265,object,2448,3264
train_1008.jpg,1423,3137,1524,3260,object,2448,3264
train_1008.jpg,1526,3079,1606,3261,object,2448,3264
train_1008.jpg,2190,2893,2287,3123,object,2448,3264
train_1008.jpg,2298,2886,2411,3126,object,2448,3264
train_1008.jpg,1440,1880,1488,1947,object,2448,3264
train_1008.jpg,1496,1880,1541,1944,object,2448,3264
train_1008.jpg,1548,1880,1595,1942,object,2448,3264
train_1008.jpg,1634,2156,1683,2222,object,2448,3264
train_1008.jpg,526,3006,598,3087,object,2448,3264
train_1008.jpg,1298,2623,1383,2729,object,2448,3264
train_1008.jpg,457,3014,523,3085,object,2448,3264
train_1008.jpg,2083,2540,2130,2624,object,2448,3264
train_1008.jpg,1500,2589,1591,2708,object,2448,3264
train_1008.jpg,1393,2350,1447,2420,object,2448,3264
train_1008.jpg,1457,2349,1551,2423,object,2448,3264
train_1008.jpg,1401,2423,1453,2500,object,2448,3264
train_1008.jpg,1462,2426,1540,2501,object,2448,3264
train_1008.jpg,1600,2354,1775,2396,object,2448,3264
train_1008.jpg,1594,2397,1776,2442,object,2448,3264
train_1008.jpg,1621,2514,1827,2564,object,2448,3264
train_1008.jpg,1616,2587,1815,2637,object,2448,3264
train_1008.jpg,1656,2699,1765,2775,object,2448,3264
train_1008.jpg,1772,2689,1862,2781,object,2448,3264
train_1008.jpg,1863,2570,1924,2669,object,2448,3264
train_1008.jpg,1927,2576,1992,2669,object,2448,3264
train_1008.jpg,1992,2583,2052,2686,object,2448,3264
train_1008.jpg,1832,2341,1883,2416,object,2448,3264
train_1008.jpg,1893,2339,1947,2415,object,2448,3264
train_1008.jpg,1949,2337,1992,2398,object,2448,3264
train_1008.jpg,1811,2423,1856,2487,object,2448,3264
train_1008.jpg,1863,2419,1910,2484,object,2448,3264
train_1008.jpg,1914,2419,1969,2482,object,2448,3264
train_1008.jpg,2143,2350,2222,2508,object,2448,3264
train_1008.jpg,2238,2356,2308,2518,object,2448,3264
train_1008.jpg,2328,2350,2393,2527,object,2448,3264
train_1008.jpg,2134,2539,2200,2622,object,2448,3264
train_1008.jpg,1561,2154,1629,2221,object,2448,3264
train_1008.jpg,1056,2346,1139,2402,object,2448,3264
train_1008.jpg,1056,819,1162,941,object,2448,3264
train_1008.jpg,871,2030,1038,2182,object,2448,3264
train_1008.jpg,923,1776,1049,1885,object,2448,3264
train_1008.jpg,1052,2009,1225,2120,object,2448,3264
train_1008.jpg,1054,2121,1225,2240,object,2448,3264
train_1008.jpg,1263,2018,1323,2086,object,2448,3264
train_1008.jpg,2078,893,2217,1049,object,2448,3264
train_1008.jpg,1332,2019,1391,2087,object,2448,3264
train_1008.jpg,1406,2014,1463,2075,object,2448,3264
train_1008.jpg,1255,2091,1316,2145,object,2448,3264
train_1008.jpg,1250,2156,1324,2216,object,2448,3264
train_1008.jpg,1324,2152,1384,2216,object,2448,3264
train_1008.jpg,711,2044,860,2196,object,2448,3264
train_1008.jpg,1388,2147,1454,2222,object,2448,3264
train_1008.jpg,1505,2014,1571,2079,object,2448,3264
train_1008.jpg,1582,2020,1637,2083,object,2448,3264
train_1008.jpg,1643,2009,1703,2085,object,2448,3264
train_1008.jpg,1505,2087,1555,2138,object,2448,3264
train_1008.jpg,1841,1056,1991,1199,object,2448,3264
train_1008.jpg,1699,953,1792,1050,object,2448,3264
train_1008.jpg,1557,990,1673,1181,object,2448,3264
train_1008.jpg,1380,776,1510,964,object,2448,3264
train_1008.jpg,1186,816,1324,940,object,2448,3264
train_1008.jpg,1246,957,1380,1194,object,2448,3264
train_1008.jpg,1061,953,1212,1173,object,2448,3264
train_1008.jpg,1410,2091,1464,2144,object,2448,3264
train_1008.jpg,854,884,1035,1186,object,2448,3264
train_1008.jpg,526,2029,683,2199,object,2448,3264
train_1008.jpg,267,1945,350,2093,object,2448,3264
train_1008.jpg,82,1358,261,1496,object,2448,3264
train_1008.jpg,103,1250,262,1339,object,2448,3264
train_1008.jpg,2057,1065,2199,1200,object,2448,3264
train_1008.jpg,2294,755,2414,1110,object,2448,3264
train_1008.jpg,280,1363,427,1496,object,2448,3264
train_1008.jpg,0,1518,177,1672,object,2448,3264
train_1008.jpg,190,1512,358,1669,object,2448,3264
train_1008.jpg,466,1457,565,1607,object,2448,3264
train_1008.jpg,569,1521,725,1660,object,2448,3264
train_1008.jpg,737,1393,909,1539,object,2448,3264
train_1008.jpg,742,1548,898,1666,object,2448,3264
train_1008.jpg,362,2035,506,2189,object,2448,3264
train_1008.jpg,914,1550,1065,1673,object,2448,3264
train_1008.jpg,1125,1436,1275,1678,object,2448,3264
train_1008.jpg,1324,1449,1476,1673,object,2448,3264
train_1008.jpg,1483,1496,1643,1676,object,2448,3264
train_1008.jpg,1457,1298,1564,1442,object,2448,3264
train_1008.jpg,1587,1371,1663,1488,object,2448,3264
train_1008.jpg,1703,1462,1816,1621,object,2448,3264
train_1008.jpg,1919,1401,2028,1689,object,2448,3264
train_1008.jpg,2100,1388,2204,1675,object,2448,3264
train_1008.jpg,2238,1416,2332,1664,object,2448,3264
train_1008.jpg,34,1828,211,1987,object,2448,3264
train_1008.jpg,9,2052,158,2168,object,2448,3264
train_1008.jpg,936,1382,1076,1544,object,2448,3264
train_1008.jpg,630,880,828,1160,object,2448,3264
train_1008.jpg,1410,974,1545,1181,object,2448,3264
train_1008.jpg,1125,169,1249,470,object,2448,3264
train_1008.jpg,440,22,562,444,object,2448,3264
train_1008.jpg,569,176,707,457,object,2448,3264
train_1008.jpg,711,168,843,450,object,2448,3264
train_1008.jpg,854,168,984,457,object,2448,3264
train_1008.jpg,987,155,1120,468,object,2448,3264
train_1008.jpg,1276,112,1398,481,object,2448,3264
train_1008.jpg,1488,14,1648,483,object,2448,3264
train_1008.jpg,1651,47,1803,512,object,2448,3264
train_1008.jpg,1815,56,2028,509,object,2448,3264
train_1008.jpg,2104,99,2251,509,object,2448,3264
train_1008.jpg,9,599,259,785,object,2448,3264
train_1008.jpg,298,34,431,435,object,2448,3264
train_1008.jpg,13,802,185,1121,object,2448,3264
train_1008.jpg,1496,2147,1554,2219,object,2448,3264
train_1008.jpg,470,867,617,1156,object,2448,3264
train_1008.jpg,267,888,431,1138,object,2448,3264
train_1008.jpg,160,34,290,429,object,2448,3264
train_1009.jpg,1243,391,1309,594,object,2448,3264
train_1009.jpg,1165,398,1231,602,object,2448,3264
train_1009.jpg,993,375,1057,590,object,2448,3264
train_1009.jpg,1069,383,1153,600,object,2448,3264
train_1009.jpg,1178,1654,1241,1885,object,2448,3264
train_1009.jpg,1711,734,1781,937,object,2448,3264
train_1009.jpg,1650,734,1708,944,object,2448,3264
train_1009.jpg,1561,726,1625,949,object,2448,3264
train_1009.jpg,1485,722,1552,948,object,2448,3264
train_1009.jpg,1418,714,1473,948,object,2448,3264
train_1009.jpg,1089,1638,1167,1885,object,2448,3264
train_1009.jpg,1275,1634,1348,1880,object,2448,3264
train_1009.jpg,1356,1646,1426,1870,object,2448,3264
train_1009.jpg,1440,1634,1515,1865,object,2448,3264
train_1009.jpg,1517,1630,1595,1851,object,2448,3264
train_1009.jpg,1610,1630,1663,1846,object,2448,3264
train_1009.jpg,1666,1610,1752,1832,object,2448,3264
train_1009.jpg,1009,1985,1079,2179,object,2448,3264
train_1009.jpg,1093,1949,1153,2125,object,2448,3264
train_1009.jpg,1194,1957,1264,2154,object,2448,3264
train_1009.jpg,1283,1961,1344,2143,object,2448,3264
train_1009.jpg,1360,1933,1430,2138,object,2448,3264
train_1009.jpg,1352,710,1414,940,object,2448,3264
train_1009.jpg,1243,714,1313,928,object,2448,3264
train_1009.jpg,1324,1045,1396,1267,object,2448,3264
train_1009.jpg,1077,710,1151,944,object,2448,3264
train_1009.jpg,993,1634,1073,1906,object,2448,3264
train_1009.jpg,985,1361,1045,1573,object,2448,3264
train_1009.jpg,1073,1368,1135,1580,object,2448,3264
train_1009.jpg,1154,1364,1213,1573,object,2448,3264
train_1009.jpg,1448,1929,1516,2132,object,2448,3264
train_1009.jpg,1231,1344,1295,1567,object,2448,3264
train_1009.jpg,1322,1352,1372,1561,object,2448,3264
train_1009.jpg,1396,1348,1456,1554,object,2448,3264
train_1009.jpg,1473,1344,1525,1545,object,2448,3264
train_1009.jpg,1537,1339,1602,1540,object,2448,3264
train_1009.jpg,1168,710,1235,960,object,2448,3264
train_1009.jpg,1614,1331,1669,1540,object,2448,3264
train_1009.jpg,1069,1061,1146,1283,object,2448,3264
train_1009.jpg,993,1049,1049,1270,object,2448,3264
train_1009.jpg,1162,1057,1240,1265,object,2448,3264
train_1009.jpg,1259,1057,1321,1266,object,2448,3264
train_1009.jpg,1400,1057,1467,1268,object,2448,3264
train_1009.jpg,1480,1054,1537,1275,object,2448,3264
train_1009.jpg,1553,1057,1613,1255,object,2448,3264
train_1009.jpg,1620,1050,1678,1259,object,2448,3264
train_1009.jpg,1703,1053,1752,1259,object,2448,3264
train_1009.jpg,986,686,1057,940,object,2448,3264
train_1009.jpg,1695,1339,1756,1534,object,2448,3264
train_1009.jpg,1520,1917,1582,2086,object,2448,3264
train_1009.jpg,1376,416,1461,620,object,2448,3264
train_1009.jpg,1680,1908,1760,2105,object,2448,3264
train_1009.jpg,730,1715,818,1931,object,2448,3264
train_1009.jpg,629,1719,716,1944,object,2448,3264
train_1009.jpg,529,1731,623,1948,object,2448,3264
train_1009.jpg,416,1731,511,1956,object,2448,3264
train_1009.jpg,311,1739,404,1977,object,2448,3264
train_1009.jpg,190,1751,283,1983,object,2448,3264
train_1009.jpg,77,1763,168,2000,object,2448,3264
train_1009.jpg,2,1774,65,1997,object,2448,3264
train_1009.jpg,178,1408,282,1643,object,2448,3264
train_1009.jpg,63,1398,153,1670,object,2448,3264
train_1009.jpg,288,1418,391,1638,object,2448,3264
train_1009.jpg,399,1408,499,1640,object,2448,3264
train_1009.jpg,524,1388,609,1636,object,2448,3264
train_1009.jpg,624,1395,714,1630,object,2448,3264
train_1009.jpg,726,1392,805,1629,object,2448,3264
train_1009.jpg,1598,1920,1665,2113,object,2448,3264
train_1009.jpg,524,1049,624,1299,object,2448,3264
train_1009.jpg,633,1057,722,1323,object,2448,3264
train_1009.jpg,730,1057,825,1317,object,2448,3264
train_1009.jpg,286,1045,389,1300,object,2448,3264
train_1009.jpg,182,1049,274,1304,object,2448,3264
train_1009.jpg,65,1057,160,1301,object,2448,3264
train_1009.jpg,0,1047,42,1315,object,2448,3264
train_1009.jpg,5,2098,77,2332,object,2448,3264
train_1009.jpg,93,2086,170,2317,object,2448,3264
train_1009.jpg,190,2074,283,2292,object,2448,3264
train_1009.jpg,303,2058,398,2288,object,2448,3264
train_1009.jpg,1477,420,1538,622,object,2448,3264
train_1009.jpg,1545,432,1605,628,object,2448,3264
train_1009.jpg,1614,387,1683,634,object,2448,3264
train_1009.jpg,1723,452,1865,652,object,2448,3264
train_1009.jpg,714,2320,824,2582,object,2448,3264
train_1009.jpg,609,2308,702,2614,object,2448,3264
train_1009.jpg,504,2324,590,2631,object,2448,3264
train_1009.jpg,399,2348,478,2634,object,2448,3264
train_1009.jpg,274,2368,376,2646,object,2448,3264
train_1009.jpg,161,2380,261,2665,object,2448,3264
train_1009.jpg,44,2376,150,2681,object,2448,3264
train_1009.jpg,706,694,801,966,object,2448,3264
train_1009.jpg,754,2655,840,2844,object,2448,3264
train_1009.jpg,557,2675,648,2889,object,2448,3264
train_1009.jpg,452,2699,551,2894,object,2448,3264
train_1009.jpg,355,2719,438,2934,object,2448,3264
train_1009.jpg,258,2731,328,2944,object,2448,3264
train_1009.jpg,141,2748,245,2967,object,2448,3264
train_1009.jpg,40,2764,125,2986,object,2448,3264
train_1009.jpg,0,2424,24,2703,object,2448,3264
train_1009.jpg,722,2009,806,2238,object,2448,3264
train_1009.jpg,617,2029,695,2247,object,2448,3264
train_1009.jpg,512,2042,599,2258,object,2448,3264
train_1009.jpg,412,2050,489,2275,object,2448,3264
train_1009.jpg,658,2663,741,2867,object,2448,3264
train_1009.jpg,581,698,691,956,object,2448,3264
train_1009.jpg,409,1050,519,1307,object,2448,3264
train_1009.jpg,1654,2223,1741,2426,object,2448,3264
train_1009.jpg,133,686,241,946,object,2448,3264
train_1009.jpg,17,657,121,940,object,2448,3264
train_1009.jpg,373,674,473,951,object,2448,3264
train_1009.jpg,1549,2510,1619,2700,object,2448,3264
train_1009.jpg,1448,2522,1524,2704,object,2448,3264
train_1009.jpg,1364,2534,1426,2736,object,2448,3264
train_1009.jpg,1263,2546,1339,2737,object,2448,3264
train_1009.jpg,1182,2558,1254,2771,object,2448,3264
train_1009.jpg,1101,2590,1174,2774,object,2448,3264
train_1009.jpg,993,2582,1086,2799,object,2448,3264
train_1009.jpg,488,682,576,937,object,2448,3264
train_1009.jpg,1578,2231,1632,2402,object,2448,3264
train_1009.jpg,1497,2271,1569,2459,object,2448,3264
train_1009.jpg,1424,2235,1456,2413,object,2448,3264
train_1009.jpg,254,674,356,943,object,2448,3264
train_1009.jpg,1348,2284,1410,2470,object,2448,3264
train_1009.jpg,1170,2304,1243,2515,object,2448,3264
train_1009.jpg,1093,2320,1167,2508,object,2448,3264
train_1009.jpg,694,311,798,577,object,2448,3264
train_1009.jpg,581,307,672,564,object,2448,3264
train_1009.jpg,456,299,568,574,object,2448,3264
train_1009.jpg,355,286,448,571,object,2448,3264
train_1009.jpg,226,286,327,541,object,2448,3264
train_1009.jpg,117,282,225,544,object,2448,3264
train_1009.jpg,1,261,85,553,object,2448,3264
train_1009.jpg,1001,2320,1081,2519,object,2448,3264
train_1009.jpg,1263,2292,1334,2481,object,2448,3264
train_1009.jpg,1630,2493,1714,2668,object,2448,3264
train_101.jpg,466,1645,563,1884,object,2448,3264
train_101.jpg,374,1638,460,1867,object,2448,3264
train_101.jpg,197,1557,351,1877,object,2448,3264
train_101.jpg,2366,1087,2449,1305,object,2448,3264
train_101.jpg,250,2220,431,2475,object,2448,3264
train_101.jpg,2220,1045,2349,1295,object,2448,3264
train_101.jpg,694,1645,788,1877,object,2448,3264
train_101.jpg,798,1642,898,1871,object,2448,3264
train_101.jpg,906,1633,990,1846,object,2448,3264
train_101.jpg,1002,1638,1101,1881,object,2448,3264
train_101.jpg,582,1630,689,1872,object,2448,3264
train_101.jpg,2066,1129,2212,1296,object,2448,3264
train_101.jpg,382,1199,631,1430,object,2448,3264
train_101.jpg,1518,1183,1759,1429,object,2448,3264
train_101.jpg,389,738,613,1025,object,2448,3264
train_101.jpg,628,763,761,1033,object,2448,3264
train_101.jpg,775,790,910,1033,object,2448,3264
train_101.jpg,921,790,1061,1033,object,2448,3264
train_101.jpg,1156,782,1286,1025,object,2448,3264
train_101.jpg,1295,798,1409,1033,object,2448,3264
train_101.jpg,1422,798,1534,1027,object,2448,3264
train_101.jpg,1538,785,1671,1025,object,2448,3264
train_101.jpg,1773,802,1885,1036,object,2448,3264
train_101.jpg,1892,846,2037,1029,object,2448,3264
train_101.jpg,2123,655,2215,891,object,2448,3264
train_101.jpg,2227,665,2305,886,object,2448,3264
train_101.jpg,2312,663,2399,889,object,2448,3264
train_101.jpg,2412,667,2451,886,object,2448,3264
train_101.jpg,150,1198,364,1434,object,2448,3264
train_101.jpg,894,1198,1000,1432,object,2448,3264
train_101.jpg,1010,1198,1098,1437,object,2448,3264
train_101.jpg,1110,1198,1213,1429,object,2448,3264
train_101.jpg,1222,1190,1311,1430,object,2448,3264
train_101.jpg,1314,1195,1423,1427,object,2448,3264
train_101.jpg,1430,1189,1505,1426,object,2448,3264
train_101.jpg,1911,1195,2063,1423,object,2448,3264
train_101.jpg,1114,1626,1281,1865,object,2448,3264
train_101.jpg,2281,1418,2448,1866,object,2448,3264
train_101.jpg,1457,1626,1602,1876,object,2448,3264
train_101.jpg,728,2231,861,2466,object,2448,3264
train_101.jpg,220,1973,289,2120,object,2448,3264
train_101.jpg,297,1947,351,2108,object,2448,3264
train_101.jpg,366,1950,428,2119,object,2448,3264
train_101.jpg,432,1952,488,2119,object,2448,3264
train_101.jpg,501,1958,589,2112,object,2448,3264
train_101.jpg,767,1950,880,2117,object,2448,3264
train_101.jpg,890,1973,948,2104,object,2448,3264
train_101.jpg,987,1985,1037,2119,object,2448,3264
train_101.jpg,1044,1973,1098,2116,object,2448,3264
train_101.jpg,1106,1977,1171,2119,object,2448,3264
train_101.jpg,875,2235,1017,2425,object,2448,3264
train_101.jpg,1372,1988,1418,2118,object,2448,3264
train_101.jpg,1499,1946,1544,2115,object,2448,3264
train_101.jpg,1553,1942,1601,2116,object,2448,3264
train_101.jpg,1619,1942,1677,2112,object,2448,3264
train_101.jpg,1688,1970,1758,2112,object,2448,3264
train_101.jpg,1765,1973,1815,2121,object,2448,3264
train_101.jpg,1827,1961,1888,2112,object,2448,3264
train_101.jpg,1892,1935,1925,2064,object,2448,3264
train_101.jpg,1935,1929,1996,2062,object,2448,3264
train_101.jpg,2027,2073,2150,2362,object,2448,3264
train_101.jpg,2154,1981,2290,2351,object,2448,3264
train_101.jpg,2324,2023,2451,2394,object,2448,3264
train_101.jpg,1422,1975,1486,2112,object,2448,3264
train_101.jpg,1287,1630,1447,1869,object,2448,3264
train_101.jpg,1048,2259,1164,2432,object,2448,3264
train_101.jpg,1259,2271,1356,2457,object,2448,3264
train_101.jpg,1607,1621,1716,1873,object,2448,3264
train_101.jpg,1734,1583,1819,1869,object,2448,3264
train_101.jpg,1830,1592,1962,1848,object,2448,3264
train_101.jpg,1985,1558,2114,1842,object,2448,3264
train_101.jpg,574,2304,712,2465,object,2448,3264
train_101.jpg,154,728,381,1031,object,2448,3264
train_101.jpg,2212,2713,2287,2935,object,2448,3264
train_101.jpg,2162,2721,2208,2940,object,2448,3264
train_101.jpg,2031,2790,2158,3011,object,2448,3264
train_101.jpg,1881,2636,2005,2940,object,2448,3264
train_101.jpg,1611,2617,1740,2969,object,2448,3264
train_101.jpg,1183,2258,1251,2426,object,2448,3264
train_101.jpg,1437,2651,1589,3025,object,2448,3264
train_101.jpg,909,2694,1174,2873,object,2448,3264
train_101.jpg,605,2824,883,3002,object,2448,3264
train_101.jpg,258,2852,591,3059,object,2448,3264
train_101.jpg,250,2728,557,2830,object,2448,3264
train_101.jpg,1923,2264,1993,2420,object,2448,3264
train_101.jpg,1803,2293,1915,2456,object,2448,3264
train_101.jpg,1699,2247,1782,2416,object,2448,3264
train_101.jpg,1626,2274,1692,2448,object,2448,3264
train_101.jpg,1538,2284,1619,2462,object,2448,3264
train_101.jpg,1445,2285,1531,2461,object,2448,3264
train_101.jpg,1364,2285,1437,2466,object,2448,3264
train_101.jpg,1198,2728,1423,3028,object,2448,3264
train_101.jpg,2270,275,2420,540,object,2448,3264
train_101.jpg,1461,197,1514,534,object,2448,3264
train_101.jpg,1915,76,2067,540,object,2448,3264
train_101.jpg,2077,73,2240,537,object,2448,3264
train_101.jpg,116,177,217,535,object,2448,3264
train_101.jpg,227,161,285,528,object,2448,3264
train_101.jpg,297,185,359,532,object,2448,3264
train_101.jpg,366,138,465,528,object,2448,3264
train_101.jpg,482,170,574,538,object,2448,3264
train_101.jpg,605,318,660,536,object,2448,3264
train_101.jpg,671,199,768,536,object,2448,3264
train_101.jpg,775,266,842,532,object,2448,3264
train_101.jpg,2331,2782,2448,3017,object,2448,3264
train_101.jpg,1788,175,1899,536,object,2448,3264
train_101.jpg,848,106,923,528,object,2448,3264
train_101.jpg,1669,127,1780,535,object,2448,3264
train_101.jpg,1530,131,1649,536,object,2448,3264
train_101.jpg,1341,91,1454,532,object,2448,3264
train_101.jpg,1229,294,1333,532,object,2448,3264
train_101.jpg,1121,254,1222,538,object,2448,3264
train_101.jpg,1037,184,1112,536,object,2448,3264
train_101.jpg,936,131,1023,537,object,2448,3264
train_1010.jpg,6,1047,78,1339,object,1920,2560
train_1010.jpg,191,1351,279,1659,object,1920,2560
train_1010.jpg,326,1325,404,1658,object,1920,2560
train_1010.jpg,410,1363,467,1655,object,1920,2560
train_1010.jpg,476,1357,539,1651,object,1920,2560
train_1010.jpg,548,1363,611,1653,object,1920,2560
train_1010.jpg,602,692,673,927,object,1920,2560
train_1010.jpg,627,1369,689,1658,object,1920,2560
train_1010.jpg,696,1354,755,1648,object,1920,2560
train_1010.jpg,765,1363,825,1656,object,1920,2560
train_1010.jpg,830,1388,884,1656,object,1920,2560
train_1010.jpg,981,1385,1057,1651,object,1920,2560
train_1010.jpg,1075,1426,1152,1646,object,1920,2560
train_1010.jpg,1166,1435,1236,1643,object,1920,2560
train_1010.jpg,1256,1554,1333,1591,object,1920,2560
train_1010.jpg,1260,1598,1336,1639,object,1920,2560
train_1010.jpg,1357,1435,1423,1648,object,1920,2560
train_1010.jpg,1441,1426,1500,1651,object,1920,2560
train_1010.jpg,1513,1404,1587,1658,object,1920,2560
train_1010.jpg,1864,1752,1920,1935,object,1920,2560
train_1010.jpg,103,774,195,1347,object,1920,2560
train_1010.jpg,34,1523,156,1746,object,1920,2560
train_1010.jpg,1513,1178,1603,1223,object,1920,2560
train_1010.jpg,1727,1379,1839,1555,object,1920,2560
train_1010.jpg,934,244,996,554,object,1920,2560
train_1010.jpg,871,159,930,557,object,1920,2560
train_1010.jpg,796,192,865,560,object,1920,2560
train_1010.jpg,727,195,795,566,object,1920,2560
train_1010.jpg,649,171,720,565,object,1920,2560
train_1010.jpg,567,207,637,568,object,1920,2560
train_1010.jpg,501,276,563,575,object,1920,2560
train_1010.jpg,410,285,478,571,object,1920,2560
train_1010.jpg,345,244,407,574,object,1920,2560
train_1010.jpg,1858,1372,1920,1562,object,1920,2560
train_1010.jpg,262,238,335,579,object,1920,2560
train_1010.jpg,135,295,185,583,object,1920,2560
train_1010.jpg,6,269,98,495,object,1920,2560
train_1010.jpg,1191,1100,1248,1292,object,1920,2560
train_1010.jpg,1266,1094,1321,1299,object,1920,2560
train_1010.jpg,1341,1175,1436,1228,object,1920,2560
train_1010.jpg,1441,1231,1502,1287,object,1920,2560
train_1010.jpg,1742,1742,1847,1925,object,1920,2560
train_1010.jpg,1526,1231,1607,1285,object,1920,2560
train_1010.jpg,1639,1360,1723,1553,object,1920,2560
train_1010.jpg,197,310,256,577,object,1920,2560
train_1010.jpg,1617,1752,1718,1921,object,1920,2560
train_1010.jpg,1329,1701,1386,1960,object,1920,2560
train_1010.jpg,1479,1714,1533,1973,object,1920,2560
train_1010.jpg,517,2084,565,2292,object,1920,2560
train_1010.jpg,573,2090,625,2293,object,1920,2560
train_1010.jpg,633,2012,686,2282,object,1920,2560
train_1010.jpg,689,2018,748,2295,object,1920,2560
train_1010.jpg,755,2015,820,2284,object,1920,2560
train_1010.jpg,824,2024,882,2286,object,1920,2560
train_1010.jpg,887,2037,951,2289,object,1920,2560
train_1010.jpg,1040,2012,1114,2296,object,1920,2560
train_1010.jpg,1119,1999,1173,2289,object,1920,2560
train_1010.jpg,464,2090,518,2289,object,1920,2560
train_1010.jpg,1181,1996,1245,2293,object,1920,2560
train_1010.jpg,1329,2062,1404,2304,object,1920,2560
train_1010.jpg,1410,2062,1484,2295,object,1920,2560
train_1010.jpg,1495,2065,1580,2301,object,1920,2560
train_1010.jpg,1582,2037,1639,2297,object,1920,2560
train_1010.jpg,1648,2043,1696,2301,object,1920,2560
train_1010.jpg,1711,2037,1758,2301,object,1920,2560
train_1010.jpg,1774,2049,1821,2302,object,1920,2560
train_1010.jpg,1830,2077,1874,2304,object,1920,2560
train_1010.jpg,1883,2046,1920,2301,object,1920,2560
train_1010.jpg,1247,2090,1311,2296,object,1920,2560
train_1010.jpg,404,2094,455,2286,object,1920,2560
train_1010.jpg,335,2093,394,2287,object,1920,2560
train_1010.jpg,273,2087,329,2290,object,1920,2560
train_1010.jpg,1394,1692,1468,1965,object,1920,2560
train_1010.jpg,1003,167,1059,554,object,1920,2560
train_1010.jpg,1250,1692,1313,1970,object,1920,2560
train_1010.jpg,1184,1695,1242,1963,object,1920,2560
train_1010.jpg,1117,1689,1177,1958,object,1920,2560
train_1010.jpg,1053,1695,1109,1962,object,1920,2560
train_1010.jpg,984,1698,1042,1959,object,1920,2560
train_1010.jpg,912,1689,976,1967,object,1920,2560
train_1010.jpg,837,1695,906,1968,object,1920,2560
train_1010.jpg,775,1689,830,1963,object,1920,2560
train_1010.jpg,702,1692,766,1962,object,1920,2560
train_1010.jpg,645,1705,698,1963,object,1920,2560
train_1010.jpg,586,1692,640,1965,object,1920,2560
train_1010.jpg,514,1698,575,1963,object,1920,2560
train_1010.jpg,410,1692,471,1958,object,1920,2560
train_1010.jpg,329,1698,384,1962,object,1920,2560
train_1010.jpg,266,1717,316,1972,object,1920,2560
train_1010.jpg,197,1720,263,1967,object,1920,2560
train_1010.jpg,3,1824,115,2066,object,1920,2560
train_1010.jpg,132,1846,194,2052,object,1920,2560
train_1010.jpg,219,2080,272,2286,object,1920,2560
train_1010.jpg,1539,1799,1601,1973,object,1920,2560
train_1010.jpg,1065,174,1138,559,object,1920,2560
train_1010.jpg,1338,1238,1419,1288,object,1920,2560
train_1010.jpg,1225,179,1290,555,object,1920,2560
train_1010.jpg,1661,605,1760,818,object,1920,2560
train_1010.jpg,1839,135,1906,392,object,1920,2560
train_1010.jpg,1758,141,1829,403,object,1920,2560
train_1010.jpg,1034,1009,1085,1297,object,1920,2560
train_1010.jpg,1087,1065,1154,1296,object,1920,2560
train_1010.jpg,968,1028,1028,1301,object,1920,2560
train_1010.jpg,906,1031,966,1297,object,1920,2560
train_1010.jpg,849,1034,898,1302,object,1920,2560
train_1010.jpg,793,1009,847,1296,object,1920,2560
train_1010.jpg,711,1037,771,1294,object,1920,2560
train_1010.jpg,624,1047,695,1302,object,1920,2560
train_1010.jpg,1642,997,1746,1201,object,1920,2560
train_1010.jpg,558,1006,619,1300,object,1920,2560
train_1010.jpg,395,1015,469,1296,object,1920,2560
train_1010.jpg,1009,627,1069,916,object,1920,2560
train_1010.jpg,1078,627,1133,915,object,1920,2560
train_1010.jpg,1144,777,1185,933,object,1920,2560
train_1010.jpg,1200,642,1262,912,object,1920,2560
train_1010.jpg,1344,711,1424,913,object,1920,2560
train_1010.jpg,1435,708,1513,905,object,1920,2560
train_1010.jpg,326,1012,390,1304,object,1920,2560
train_1010.jpg,241,1015,310,1312,object,1920,2560
train_1010.jpg,1535,847,1626,907,object,1920,2560
train_1010.jpg,1539,774,1634,838,object,1920,2560
train_1010.jpg,479,1015,542,1304,object,1920,2560
train_1010.jpg,1767,1003,1855,1194,object,1920,2560
train_1010.jpg,1792,602,1889,808,object,1920,2560
train_1010.jpg,197,692,269,936,object,1920,2560
train_1010.jpg,535,627,593,926,object,1920,2560
train_1010.jpg,448,880,527,923,object,1920,2560
train_1010.jpg,451,830,531,870,object,1920,2560
train_1010.jpg,1147,173,1215,555,object,1920,2560
train_1010.jpg,1300,212,1374,550,object,1920,2560
train_1010.jpg,1401,183,1477,551,object,1920,2560
train_1010.jpg,1482,168,1550,553,object,1920,2560
train_1010.jpg,1880,1000,1923,1193,object,1920,2560
train_1010.jpg,1686,144,1748,395,object,1920,2560
train_1010.jpg,1557,163,1627,554,object,1920,2560
train_1010.jpg,689,689,760,924,object,1920,2560
train_1010.jpg,771,724,826,926,object,1920,2560
train_1010.jpg,830,718,883,928,object,1920,2560
train_1010.jpg,890,683,948,929,object,1920,2560
train_1010.jpg,288,708,346,940,object,1920,2560
train_1010.jpg,953,699,1006,916,object,1920,2560
train_1010.jpg,373,721,436,933,object,1920,2560
train_1011.jpg,2083,1479,2191,1696,object,2448,3264
train_1011.jpg,1448,1949,1515,2212,object,2448,3264
train_1011.jpg,1514,1870,1588,2214,object,2448,3264
train_1011.jpg,1592,1859,1652,2184,object,2448,3264
train_1011.jpg,1654,1886,1721,2172,object,2448,3264
train_1011.jpg,1318,2051,1419,2189,object,2448,3264
train_1011.jpg,1692,1459,1813,1765,object,2448,3264
train_1011.jpg,1813,1487,1894,1737,object,2448,3264
train_1011.jpg,1894,1463,1940,1728,object,2448,3264
train_1011.jpg,1720,1868,1777,2136,object,2448,3264
train_1011.jpg,1946,1483,1998,1713,object,2448,3264
train_1011.jpg,2011,1455,2063,1710,object,2448,3264
train_1011.jpg,1813,1813,1845,2070,object,2448,3264
train_1011.jpg,1197,2039,1312,2279,object,2448,3264
train_1011.jpg,2011,2120,2068,2330,object,2448,3264
train_1011.jpg,823,2019,1019,2357,object,2448,3264
train_1011.jpg,1334,2341,1444,2552,object,2448,3264
train_1011.jpg,1479,2269,1571,2543,object,2448,3264
train_1011.jpg,1572,2269,1632,2509,object,2448,3264
train_1011.jpg,1713,2220,1790,2456,object,2448,3264
train_1011.jpg,1793,2188,1860,2430,object,2448,3264
train_1011.jpg,1878,2172,1981,2362,object,2448,3264
train_1011.jpg,1028,2563,1112,2702,object,2448,3264
train_1011.jpg,1019,2426,1099,2542,object,2448,3264
train_1011.jpg,834,2462,1013,2764,object,2448,3264
train_1011.jpg,2200,1386,2252,1675,object,2448,3264
train_1011.jpg,669,2485,827,2849,object,2448,3264
train_1011.jpg,512,2555,649,2878,object,2448,3264
train_1011.jpg,274,2611,504,2970,object,2448,3264
train_1011.jpg,129,2716,252,3030,object,2448,3264
train_1011.jpg,1588,1398,1688,1777,object,2448,3264
train_1011.jpg,2071,2112,2113,2333,object,2448,3264
train_1011.jpg,2116,2091,2183,2293,object,2448,3264
train_1011.jpg,2192,2079,2253,2273,object,2448,3264
train_1011.jpg,2257,2051,2301,2148,object,2448,3264
train_1011.jpg,2253,2152,2300,2248,object,2448,3264
train_1011.jpg,24,2200,129,2623,object,2448,3264
train_1011.jpg,168,2113,314,2579,object,2448,3264
train_1011.jpg,317,2055,455,2576,object,2448,3264
train_1011.jpg,479,2094,621,2486,object,2448,3264
train_1011.jpg,611,2023,820,2458,object,2448,3264
train_1011.jpg,1048,1983,1187,2323,object,2448,3264
train_1011.jpg,1503,1503,1585,1791,object,2448,3264
train_1011.jpg,1032,1749,1133,1821,object,2448,3264
train_1011.jpg,1366,1451,1502,1816,object,2448,3264
train_1011.jpg,1382,322,1473,773,object,2448,3264
train_1011.jpg,1197,2988,1334,3056,object,2448,3264
train_1011.jpg,1608,298,1733,777,object,2448,3264
train_1011.jpg,1745,540,1807,796,object,2448,3264
train_1011.jpg,1189,2913,1334,2984,object,2448,3264
train_1011.jpg,1170,2854,1331,2904,object,2448,3264
train_1011.jpg,1130,2756,1315,2845,object,2448,3264
train_1011.jpg,1350,2930,1483,2984,object,2448,3264
train_1011.jpg,1342,2865,1478,2911,object,2448,3264
train_1011.jpg,1318,2692,1466,2853,object,2448,3264
train_1011.jpg,1485,2639,1580,2882,object,2448,3264
train_1011.jpg,1652,2784,1741,2848,object,2448,3264
train_1011.jpg,1640,2732,1775,2774,object,2448,3264
train_1011.jpg,1584,2587,1766,2717,object,2448,3264
train_1011.jpg,1797,2676,1942,2767,object,2448,3264
train_1011.jpg,1813,534,1889,790,object,2448,3264
train_1011.jpg,1890,540,1941,804,object,2448,3264
train_1011.jpg,1213,278,1341,766,object,2448,3264
train_1011.jpg,1946,522,2018,794,object,2448,3264
train_1011.jpg,858,237,1202,745,object,2448,3264
train_1011.jpg,532,67,681,709,object,2448,3264
train_1011.jpg,2218,1785,2281,1991,object,2448,3264
train_1011.jpg,2178,1815,2216,2011,object,2448,3264
train_1011.jpg,2132,1765,2178,2019,object,2448,3264
train_1011.jpg,2073,1813,2124,2035,object,2448,3264
train_1011.jpg,467,3046,661,3254,object,2448,3264
train_1011.jpg,665,3038,732,3119,object,2448,3264
train_1011.jpg,786,2913,955,3221,object,2448,3264
train_1011.jpg,995,3030,1183,3085,object,2448,3264
train_1011.jpg,963,2833,1135,2997,object,2448,3264
train_1011.jpg,2289,1757,2360,1994,object,2448,3264
train_1011.jpg,2370,1748,2422,1946,object,2448,3264
train_1011.jpg,2353,1398,2419,1639,object,2448,3264
train_1011.jpg,2321,1390,2353,1652,object,2448,3264
train_1011.jpg,2257,1350,2314,1678,object,2448,3264
train_1011.jpg,12,242,136,682,object,2448,3264
train_1011.jpg,149,248,283,681,object,2448,3264
train_1011.jpg,290,238,522,705,object,2448,3264
train_1011.jpg,685,347,849,735,object,2448,3264
train_1011.jpg,2023,556,2082,806,object,2448,3264
train_1011.jpg,2083,581,2175,806,object,2448,3264
train_1011.jpg,1777,2515,1896,2660,object,2448,3264
train_1011.jpg,1603,1104,1644,1307,object,2448,3264
train_1011.jpg,1475,1041,1596,1314,object,2448,3264
train_1011.jpg,1395,1096,1471,1330,object,2448,3264
train_1011.jpg,1310,994,1390,1334,object,2448,3264
train_1011.jpg,1219,1096,1310,1347,object,2448,3264
train_1011.jpg,1072,997,1197,1350,object,2448,3264
train_1011.jpg,867,909,1036,1354,object,2448,3264
train_1011.jpg,479,887,858,1399,object,2448,3264
train_1011.jpg,230,876,475,1402,object,2448,3264
train_1011.jpg,45,872,215,1426,object,2448,3264
train_1011.jpg,69,1543,335,2026,object,2448,3264
train_1011.jpg,343,1551,544,2001,object,2448,3264
train_1011.jpg,548,1640,758,1962,object,2448,3264
train_1011.jpg,758,1604,896,1942,object,2448,3264
train_1011.jpg,895,1507,1025,1917,object,2448,3264
train_1011.jpg,1036,1624,1095,1726,object,2448,3264
train_1011.jpg,1132,1680,1231,1837,object,2448,3264
train_1011.jpg,1642,1019,1705,1306,object,2448,3264
train_1011.jpg,1703,1003,1769,1316,object,2448,3264
train_1011.jpg,1767,1003,1809,1306,object,2448,3264
train_1011.jpg,1808,1015,1874,1305,object,2448,3264
train_1011.jpg,1898,2510,2007,2596,object,2448,3264
train_1011.jpg,2019,2406,2182,2551,object,2448,3264
train_1011.jpg,2200,2341,2307,2477,object,2448,3264
train_1011.jpg,2368,2080,2423,2210,object,2448,3264
train_1011.jpg,2309,2031,2370,2240,object,2448,3264
train_1011.jpg,2031,1781,2069,2053,object,2448,3264
train_1011.jpg,1958,1817,2021,2069,object,2448,3264
train_1011.jpg,1850,1809,1939,2086,object,2448,3264
train_1011.jpg,1289,1422,1356,1779,object,2448,3264
train_1011.jpg,2176,572,2229,817,object,2448,3264
train_1011.jpg,2377,428,2450,727,object,2448,3264
train_1011.jpg,2329,1144,2412,1271,object,2448,3264
train_1011.jpg,2242,1009,2317,1265,object,2448,3264
train_1011.jpg,2161,1015,2216,1281,object,2448,3264
train_1011.jpg,2092,1128,2156,1277,object,2448,3264
train_1011.jpg,1995,1044,2051,1197,object,2448,3264
train_1011.jpg,1935,1019,1993,1286,object,2448,3264
train_1011.jpg,1874,1018,1930,1302,object,2448,3264
train_1011.jpg,2248,439,2377,825,object,2448,3264
train_1011.jpg,1507,399,1604,785,object,2448,3264
train_1011.jpg,1112,2410,1171,2636,object,2448,3264
train_1011.jpg,1205,2369,1327,2630,object,2448,3264
train_1012.jpg,1460,989,1559,1249,object,1920,2560
train_1012.jpg,1339,1290,1409,1519,object,1920,2560
train_1012.jpg,1253,1284,1325,1517,object,1920,2560
train_1012.jpg,1178,1287,1249,1542,object,1920,2560
train_1012.jpg,1096,1296,1168,1541,object,1920,2560
train_1012.jpg,1014,1295,1094,1534,object,1920,2560
train_1012.jpg,920,1300,1004,1536,object,1920,2560
train_1012.jpg,846,1306,913,1542,object,1920,2560
train_1012.jpg,775,1303,836,1549,object,1920,2560
train_1012.jpg,701,1315,760,1550,object,1920,2560
train_1012.jpg,615,1315,682,1545,object,1920,2560
train_1012.jpg,540,1315,606,1561,object,1920,2560
train_1012.jpg,438,1316,526,1562,object,1920,2560
train_1012.jpg,344,1319,431,1556,object,1920,2560
train_1012.jpg,247,1321,334,1559,object,1920,2560
train_1012.jpg,121,1323,222,1558,object,1920,2560
train_1012.jpg,1820,975,1911,1241,object,1920,2560
train_1012.jpg,1742,983,1815,1242,object,1920,2560
train_1012.jpg,1650,983,1733,1237,object,1920,2560
train_1012.jpg,1566,983,1647,1242,object,1920,2560
train_1012.jpg,1362,998,1461,1250,object,1920,2560
train_1012.jpg,1288,1006,1352,1257,object,1920,2560
train_1012.jpg,1194,998,1282,1255,object,1920,2560
train_1012.jpg,1108,996,1188,1260,object,1920,2560
train_1012.jpg,1014,1026,1102,1262,object,1920,2560
train_1012.jpg,1409,1284,1480,1514,object,1920,2560
train_1012.jpg,1487,1282,1591,1519,object,1920,2560
train_1012.jpg,1597,1276,1694,1508,object,1920,2560
train_1012.jpg,1691,1281,1790,1511,object,1920,2560
train_1012.jpg,740,1851,842,2053,object,1920,2560
train_1012.jpg,642,1853,734,2047,object,1920,2560
train_1012.jpg,474,1851,588,2049,object,1920,2560
train_1012.jpg,360,1855,468,2051,object,1920,2560
train_1012.jpg,243,1871,349,2051,object,1920,2560
train_1012.jpg,121,1880,240,2051,object,1920,2560
train_1012.jpg,8,1895,114,2056,object,1920,2560
train_1012.jpg,1742,1570,1881,1751,object,1920,2560
train_1012.jpg,1629,1564,1737,1752,object,1920,2560
train_1012.jpg,1491,1566,1621,1757,object,1920,2560
train_1012.jpg,1350,1571,1482,1765,object,1920,2560
train_1012.jpg,939,1024,1008,1268,object,1920,2560
train_1012.jpg,1217,1585,1343,1764,object,1920,2560
train_1012.jpg,983,1585,1081,1779,object,1920,2560
train_1012.jpg,881,1585,976,1785,object,1920,2560
train_1012.jpg,783,1597,883,1791,object,1920,2560
train_1012.jpg,685,1598,777,1789,object,1920,2560
train_1012.jpg,501,1609,676,1792,object,1920,2560
train_1012.jpg,333,1611,497,1801,object,1920,2560
train_1012.jpg,215,1613,319,1802,object,1920,2560
train_1012.jpg,121,1616,215,1816,object,1920,2560
train_1012.jpg,4,1648,117,1825,object,1920,2560
train_1012.jpg,1855,1252,1923,1515,object,1920,2560
train_1012.jpg,1793,1264,1854,1509,object,1920,2560
train_1012.jpg,1088,1594,1212,1777,object,1920,2560
train_1012.jpg,857,1014,937,1269,object,1920,2560
train_1012.jpg,775,1019,846,1272,object,1920,2560
train_1012.jpg,685,1026,768,1268,object,1920,2560
train_1012.jpg,388,424,481,701,object,1920,2560
train_1012.jpg,239,423,362,709,object,1920,2560
train_1012.jpg,129,428,231,709,object,1920,2560
train_1012.jpg,35,454,121,706,object,1920,2560
train_1012.jpg,1848,77,1918,337,object,1920,2560
train_1012.jpg,1781,78,1844,338,object,1920,2560
train_1012.jpg,1683,69,1776,344,object,1920,2560
train_1012.jpg,1577,70,1673,337,object,1920,2560
train_1012.jpg,1444,90,1557,348,object,1920,2560
train_1012.jpg,1350,82,1446,350,object,1920,2560
train_1012.jpg,1249,78,1338,368,object,1920,2560
train_1012.jpg,497,419,588,694,object,1920,2560
train_1012.jpg,1159,90,1242,367,object,1920,2560
train_1012.jpg,955,98,1047,370,object,1920,2560
train_1012.jpg,865,114,948,373,object,1920,2560
train_1012.jpg,783,153,853,376,object,1920,2560
train_1012.jpg,712,164,778,374,object,1920,2560
train_1012.jpg,693,86,846,150,object,1920,2560
train_1012.jpg,597,117,690,386,object,1920,2560
train_1012.jpg,485,121,587,392,object,1920,2560
train_1012.jpg,388,121,481,391,object,1920,2560
train_1012.jpg,266,125,376,390,object,1920,2560
train_1012.jpg,160,132,265,403,object,1920,2560
train_1012.jpg,43,149,146,396,object,1920,2560
train_1012.jpg,1061,82,1150,372,object,1920,2560
train_1012.jpg,849,1853,953,2055,object,1920,2560
train_1012.jpg,591,437,677,697,object,1920,2560
train_1012.jpg,1053,407,1150,673,object,1920,2560
train_1012.jpg,595,1040,673,1284,object,1920,2560
train_1012.jpg,509,1041,589,1282,object,1920,2560
train_1012.jpg,344,1052,446,1284,object,1920,2560
train_1012.jpg,200,1053,286,1283,object,1920,2560
train_1012.jpg,1675,703,1783,955,object,1920,2560
train_1012.jpg,1581,705,1672,955,object,1920,2560
train_1012.jpg,1480,712,1572,951,object,1920,2560
train_1012.jpg,1350,712,1469,954,object,1920,2560
train_1012.jpg,1225,739,1321,971,object,1920,2560
train_1012.jpg,1123,728,1214,972,object,1920,2560
train_1012.jpg,629,748,733,988,object,1920,2560
train_1012.jpg,689,434,784,682,object,1920,2560
train_1012.jpg,540,744,626,988,object,1920,2560
train_1012.jpg,290,740,395,998,object,1920,2560
train_1012.jpg,184,746,286,1006,object,1920,2560
train_1012.jpg,86,748,185,1004,object,1920,2560
train_1012.jpg,1808,368,1899,642,object,1920,2560
train_1012.jpg,1722,372,1802,643,object,1920,2560
train_1012.jpg,1617,412,1718,642,object,1920,2560
train_1012.jpg,1550,415,1616,640,object,1920,2560
train_1012.jpg,1444,380,1540,650,object,1920,2560
train_1012.jpg,1350,384,1440,662,object,1920,2560
train_1012.jpg,1260,418,1342,665,object,1920,2560
train_1012.jpg,1159,407,1242,661,object,1920,2560
train_1012.jpg,434,745,528,990,object,1920,2560
train_1012.jpg,955,1840,1085,2026,object,1920,2560
train_1012.jpg,1448,1855,1536,1990,object,1920,2560
train_1012.jpg,1225,1824,1357,2020,object,1920,2560
train_1012.jpg,1502,2059,1597,2120,object,1920,2560
train_1012.jpg,1777,2172,1882,2252,object,1920,2560
train_1012.jpg,1679,2181,1773,2247,object,1920,2560
train_1012.jpg,1574,2176,1675,2250,object,1920,2560
train_1012.jpg,1366,2190,1469,2263,object,1920,2560
train_1012.jpg,1268,2196,1365,2263,object,1920,2560
train_1012.jpg,994,2205,1083,2274,object,1920,2560
train_1012.jpg,896,2200,992,2272,object,1920,2560
train_1012.jpg,783,2210,885,2282,object,1920,2560
train_1012.jpg,681,2204,778,2281,object,1920,2560
train_1012.jpg,571,2208,676,2274,object,1920,2560
train_1012.jpg,493,2212,570,2276,object,1920,2560
train_1012.jpg,595,2075,689,2129,object,1920,2560
train_1012.jpg,493,2098,586,2154,object,1920,2560
train_1012.jpg,1092,2200,1194,2272,object,1920,2560
train_1012.jpg,188,2227,276,2291,object,1920,2560
train_1012.jpg,282,2225,380,2294,object,1920,2560
train_1012.jpg,1358,1859,1437,2016,object,1920,2560
train_1012.jpg,1542,1848,1639,2008,object,1920,2560
train_1012.jpg,1644,1851,1730,2003,object,1920,2560
train_1012.jpg,1742,1802,1841,2004,object,1920,2560
train_1012.jpg,1840,1797,1921,1989,object,1920,2560
train_1012.jpg,102,2106,180,2162,object,1920,2560
train_1012.jpg,1084,1829,1216,2028,object,1920,2560
train_1012.jpg,8,2196,91,2301,object,1920,2560
train_1012.jpg,90,2195,173,2302,object,1920,2560
train_1012.jpg,188,2098,279,2165,object,1920,2560
train_1012.jpg,286,2092,384,2153,object,1920,2560
train_1012.jpg,180,2176,282,2219,object,1920,2560
train_1012.jpg,290,2162,371,2219,object,1920,2560
train_1013.jpg,1123,2531,1209,2695,object,2448,3264
train_1013.jpg,1218,2485,1288,2593,object,2448,3264
train_1013.jpg,764,1887,875,2048,object,2448,3264
train_1013.jpg,629,1931,769,2117,object,2448,3264
train_1013.jpg,479,1986,633,2168,object,2448,3264
train_1013.jpg,304,2051,476,2225,object,2448,3264
train_1013.jpg,105,2126,304,2302,object,2448,3264
train_1013.jpg,1258,1377,1348,1595,object,2448,3264
train_1013.jpg,1343,1353,1488,1560,object,2448,3264
train_1013.jpg,1033,2595,1125,2709,object,2448,3264
train_1013.jpg,1148,1397,1252,1651,object,2448,3264
train_1013.jpg,1013,1417,1149,1685,object,2448,3264
train_1013.jpg,833,1457,1003,1727,object,2448,3264
train_1013.jpg,619,1492,836,1806,object,2448,3264
train_1013.jpg,126,1585,226,1877,object,2448,3264
train_1013.jpg,1487,1328,1601,1513,object,2448,3264
train_1013.jpg,439,1462,569,1706,object,2448,3264
train_1013.jpg,1213,2076,1281,2200,object,2448,3264
train_1013.jpg,1283,2296,1351,2406,object,2448,3264
train_1013.jpg,923,2665,1027,2803,object,2448,3264
train_1013.jpg,1003,2181,1107,2313,object,2448,3264
train_1013.jpg,1103,2121,1211,2301,object,2448,3264
train_1013.jpg,1,1659,135,2036,object,2448,3264
train_1013.jpg,1283,2021,1349,2191,object,2448,3264
train_1013.jpg,1348,1996,1421,2114,object,2448,3264
train_1013.jpg,1018,2321,1112,2454,object,2448,3264
train_1013.jpg,1123,2301,1205,2377,object,2448,3264
train_1013.jpg,1213,2206,1281,2320,object,2448,3264
train_1013.jpg,1288,2186,1352,2286,object,2448,3264
train_1013.jpg,1358,2126,1425,2224,object,2448,3264
train_1013.jpg,1442,2081,1502,2197,object,2448,3264
train_1013.jpg,1023,2460,1107,2584,object,2448,3264
train_1013.jpg,1123,2396,1207,2537,object,2448,3264
train_1013.jpg,1208,2331,1276,2452,object,2448,3264
train_1013.jpg,1358,2246,1417,2356,object,2448,3264
train_1013.jpg,1392,958,1454,1274,object,2448,3264
train_1013.jpg,1298,519,1373,900,object,2448,3264
train_1013.jpg,1238,958,1342,1288,object,2448,3264
train_1013.jpg,464,364,606,857,object,2448,3264
train_1013.jpg,314,365,462,858,object,2448,3264
train_1013.jpg,1288,2417,1354,2580,object,2448,3264
train_1013.jpg,1358,2381,1441,2468,object,2448,3264
train_1013.jpg,1452,2321,1510,2417,object,2448,3264
train_1013.jpg,1432,2196,1504,2312,object,2448,3264
train_1013.jpg,1088,1782,1176,1929,object,2448,3264
train_1013.jpg,1178,1743,1260,1916,object,2448,3264
train_1013.jpg,1263,1712,1347,1840,object,2448,3264
train_1013.jpg,1348,1675,1409,1827,object,2448,3264
train_1013.jpg,1098,1926,1180,2048,object,2448,3264
train_1013.jpg,1188,1905,1276,2041,object,2448,3264
train_1013.jpg,1283,1857,1364,1956,object,2448,3264
train_1013.jpg,1367,1820,1443,1941,object,2448,3264
train_1013.jpg,165,314,310,857,object,2448,3264
train_1013.jpg,604,410,738,863,object,2448,3264
train_1013.jpg,1348,972,1395,1288,object,2448,3264
train_1013.jpg,739,409,860,878,object,2448,3264
train_1013.jpg,1038,486,1146,873,object,2448,3264
train_1013.jpg,1158,962,1240,1318,object,2448,3264
train_1013.jpg,1048,958,1152,1324,object,2448,3264
train_1013.jpg,958,964,1040,1348,object,2448,3264
train_1013.jpg,853,953,947,1384,object,2448,3264
train_1013.jpg,759,954,846,1397,object,2448,3264
train_1013.jpg,639,958,757,1407,object,2448,3264
train_1013.jpg,539,963,645,1412,object,2448,3264
train_1013.jpg,394,953,534,1450,object,2448,3264
train_1013.jpg,240,954,391,1477,object,2448,3264
train_1013.jpg,110,968,240,1473,object,2448,3264
train_1013.jpg,2,969,110,1512,object,2448,3264
train_1013.jpg,1372,519,1446,888,object,2448,3264
train_1013.jpg,818,2755,922,2913,object,2448,3264
train_1013.jpg,1223,523,1299,888,object,2448,3264
train_1013.jpg,1148,484,1224,885,object,2448,3264
train_1013.jpg,953,459,1037,872,object,2448,3264
train_1013.jpg,699,2835,816,2979,object,2448,3264
train_1013.jpg,863,462,949,863,object,2448,3264
train_1013.jpg,399,3044,553,3212,object,2448,3264
train_1013.jpg,774,2066,899,2212,object,2448,3264
train_1013.jpg,649,2126,767,2284,object,2448,3264
train_1013.jpg,489,2176,639,2360,object,2448,3264
train_1013.jpg,324,2246,478,2430,object,2448,3264
train_1013.jpg,135,2336,316,2505,object,2448,3264
train_1013.jpg,993,1812,1087,1963,object,2448,3264
train_1013.jpg,868,1837,990,2006,object,2448,3264
train_1013.jpg,903,2011,1005,2143,object,2448,3264
train_1013.jpg,554,2950,710,3101,object,2448,3264
train_1013.jpg,1003,1966,1107,2108,object,2448,3264
train_1013.jpg,165,2610,360,2776,object,2448,3264
train_1013.jpg,354,2515,530,2691,object,2448,3264
train_1013.jpg,534,2450,684,2616,object,2448,3264
train_1013.jpg,4,2687,160,2875,object,2448,3264
train_1013.jpg,5,2895,193,3066,object,2448,3264
train_1013.jpg,4,277,160,848,object,2448,3264
train_1013.jpg,374,2725,552,2871,object,2448,3264
train_1013.jpg,913,2241,999,2389,object,2448,3264
train_1013.jpg,814,2441,931,2598,object,2448,3264
train_1013.jpg,918,2381,1014,2530,object,2448,3264
train_1013.jpg,210,2985,389,3130,object,2448,3264
train_1013.jpg,394,2905,546,3030,object,2448,3264
train_1013.jpg,549,2795,679,2939,object,2448,3264
train_1013.jpg,195,2835,378,2973,object,2448,3264
train_1013.jpg,818,2635,918,2743,object,2448,3264
train_1013.jpg,933,2545,1027,2667,object,2448,3264
train_1013.jpg,789,2306,902,2438,object,2448,3264
train_1013.jpg,674,2356,784,2497,object,2448,3264
train_1013.jpg,699,2535,824,2667,object,2448,3264
train_1013.jpg,544,2630,678,2784,object,2448,3264
train_1013.jpg,679,2690,799,2824,object,2448,3264
train_1014.jpg,547,3686,865,3769,object,3120,4208
train_1014.jpg,0,1800,169,2159,object,3120,4208
train_1014.jpg,2413,1660,2880,1757,object,3120,4208
train_1014.jpg,2374,1549,2836,1647,object,3120,4208
train_1014.jpg,2389,1428,2842,1538,object,3120,4208
train_1014.jpg,1496,1675,1907,1742,object,3120,4208
train_1014.jpg,1091,1535,1483,1640,object,3120,4208
train_1014.jpg,1100,1646,1483,1742,object,3120,4208
train_1014.jpg,1081,1419,1474,1532,object,3120,4208
train_1014.jpg,671,1626,1093,1732,object,3120,4208
train_1014.jpg,661,1520,1065,1615,object,3120,4208
train_1014.jpg,854,3508,1246,3602,object,3120,4208
train_1014.jpg,304,1626,658,1719,object,3120,4208
train_1014.jpg,309,1564,635,1621,object,3120,4208
train_1014.jpg,1491,1554,1890,1662,object,3120,4208
train_1014.jpg,651,1395,1073,1513,object,3120,4208
train_1014.jpg,1631,3590,2074,3684,object,3120,4208
train_1014.jpg,873,3692,1251,3766,object,3120,4208
train_1014.jpg,1602,1935,1995,2062,object,3120,4208
train_1014.jpg,1232,2090,1592,2163,object,3120,4208
train_1014.jpg,1231,1993,1588,2082,object,3120,4208
train_1014.jpg,767,1942,1226,2056,object,3120,4208
train_1014.jpg,772,2061,1228,2176,object,3120,4208
train_1014.jpg,318,2036,761,2168,object,3120,4208
train_1014.jpg,188,1802,285,2157,object,3120,4208
train_1014.jpg,870,3610,1250,3684,object,3120,4208
train_1014.jpg,2519,3682,2593,3786,object,3120,4208
train_1014.jpg,2077,3687,2509,3764,object,3120,4208
train_1014.jpg,2085,3566,2507,3676,object,3120,4208
train_1014.jpg,1728,3716,2064,3791,object,3120,4208
train_1014.jpg,280,1462,645,1561,object,3120,4208
train_1014.jpg,1260,3701,1618,3774,object,3120,4208
train_1014.jpg,1255,3619,1621,3694,object,3120,4208
train_1014.jpg,1250,3528,1609,3619,object,3120,4208
train_1014.jpg,2538,3576,2620,3675,object,3120,4208
train_1014.jpg,285,1385,621,1451,object,3120,4208
train_1014.jpg,2456,1202,2905,1313,object,3120,4208
train_1014.jpg,48,1366,179,1708,object,3120,4208
train_1014.jpg,531,3499,842,3542,object,3120,4208
train_1014.jpg,444,3458,522,3764,object,3120,4208
train_1014.jpg,376,3484,433,3765,object,3120,4208
train_1014.jpg,0,3696,372,3792,object,3120,4208
train_1014.jpg,0,3595,373,3692,object,3120,4208
train_1014.jpg,0,3460,373,3595,object,3120,4208
train_1014.jpg,2804,3286,3122,3373,object,3120,4208
train_1014.jpg,2799,3175,3119,3272,object,3120,4208
train_1014.jpg,2659,3122,2764,3245,object,3120,4208
train_1014.jpg,2698,3262,2792,3370,object,3120,4208
train_1014.jpg,2587,3253,2653,3364,object,3120,4208
train_1014.jpg,2577,3117,2629,3215,object,3120,4208
train_1014.jpg,2102,3267,2567,3364,object,3120,4208
train_1014.jpg,323,1018,670,1106,object,3120,4208
train_1014.jpg,314,951,662,1012,object,3120,4208
train_1014.jpg,538,3552,844,3635,object,3120,4208
train_1014.jpg,545,3639,864,3682,object,3120,4208
train_1014.jpg,299,1110,658,1173,object,3120,4208
train_1014.jpg,304,1177,670,1268,object,3120,4208
train_1014.jpg,2997,917,3121,1097,object,3120,4208
train_1014.jpg,2905,907,2983,1111,object,3120,4208
train_1014.jpg,2924,1120,3011,1327,object,3120,4208
train_1014.jpg,2466,1006,2879,1105,object,3120,4208
train_1014.jpg,2471,1107,2904,1200,object,3120,4208
train_1014.jpg,1608,2065,2003,2164,object,3120,4208
train_1014.jpg,1964,1197,2431,1307,object,3120,4208
train_1014.jpg,198,1367,276,1699,object,3120,4208
train_1014.jpg,1520,980,1953,1085,object,3120,4208
train_1014.jpg,1525,1197,1948,1308,object,3120,4208
train_1014.jpg,1115,1192,1521,1290,object,3120,4208
train_1014.jpg,1115,1086,1532,1186,object,3120,4208
train_1014.jpg,1110,960,1520,1083,object,3120,4208
train_1014.jpg,772,931,1097,1051,object,3120,4208
train_1014.jpg,680,1173,1105,1285,object,3120,4208
train_1014.jpg,680,1062,1095,1170,object,3120,4208
train_1014.jpg,1535,1091,1957,1194,object,3120,4208
train_1014.jpg,2032,1889,2435,1988,object,3120,4208
train_1014.jpg,2886,1848,3122,1954,object,3120,4208
train_1014.jpg,2012,1988,2415,2087,object,3120,4208
train_1014.jpg,2804,2664,3121,2763,object,3120,4208
train_1014.jpg,2693,2780,2786,2903,object,3120,4208
train_1014.jpg,2702,2905,2788,2994,object,3120,4208
train_1014.jpg,2582,2905,2654,2990,object,3120,4208
train_1014.jpg,2591,2809,2666,2893,object,3120,4208
train_1014.jpg,2152,2688,2587,2788,object,3120,4208
train_1014.jpg,2813,2804,3120,2909,object,3120,4208
train_1014.jpg,2129,2895,2577,2974,object,3120,4208
train_1014.jpg,1675,2866,2109,2969,object,3120,4208
train_1014.jpg,1665,2746,2105,2860,object,3120,4208
train_1014.jpg,1268,2886,1655,2977,object,3120,4208
train_1014.jpg,1284,2789,1656,2877,object,3120,4208
train_1014.jpg,816,2876,1257,2965,object,3120,4208
train_1014.jpg,2003,2076,2394,2191,object,3120,4208
train_1014.jpg,2128,2784,2578,2892,object,3120,4208
train_1014.jpg,2809,2920,3122,3002,object,3120,4208
train_1014.jpg,10,3045,349,3129,object,3120,4208
train_1014.jpg,10,3137,366,3236,object,3120,4208
train_1014.jpg,2094,3137,2561,3268,object,3120,4208
train_1014.jpg,1658,3253,2022,3349,object,3120,4208
train_1014.jpg,1684,3161,2053,3245,object,3120,4208
train_1014.jpg,1255,3084,1636,3167,object,3120,4208
train_1014.jpg,1251,3177,1631,3267,object,3120,4208
train_1014.jpg,1255,3272,1626,3333,object,3120,4208
train_1014.jpg,864,3253,1249,3345,object,3120,4208
train_1014.jpg,858,3156,1245,3243,object,3120,4208
train_1014.jpg,854,3064,1235,3149,object,3120,4208
train_1014.jpg,504,3267,835,3341,object,3120,4208
train_1014.jpg,497,3209,832,3251,object,3120,4208
train_1014.jpg,479,3119,830,3204,object,3120,4208
train_1014.jpg,478,3055,799,3115,object,3120,4208
train_1014.jpg,386,3059,463,3339,object,3120,4208
train_1014.jpg,5,3243,361,3347,object,3120,4208
train_1014.jpg,816,2765,1274,2866,object,3120,4208
train_1014.jpg,357,2866,806,2963,object,3120,4208
train_1014.jpg,830,2673,1274,2745,object,3120,4208
train_1014.jpg,2630,3552,2700,3659,object,3120,4208
train_1014.jpg,2625,3682,2699,3774,object,3120,4208
train_1014.jpg,787,2379,1235,2466,object,3120,4208
train_1014.jpg,782,2249,1234,2369,object,3120,4208
train_1014.jpg,328,2466,765,2578,object,3120,4208
train_1014.jpg,317,2374,782,2460,object,3120,4208
train_1014.jpg,318,2254,781,2362,object,3120,4208
train_1014.jpg,1231,2488,1630,2572,object,3120,4208
train_1014.jpg,130,2249,311,2553,object,3120,4208
train_1014.jpg,2886,2075,3123,2186,object,3120,4208
train_1014.jpg,2876,1959,3120,2052,object,3120,4208
train_1014.jpg,140,873,277,1274,object,3120,4208
train_1014.jpg,2447,2090,2868,2190,object,3120,4208
train_1014.jpg,2442,2003,2864,2087,object,3120,4208
train_1014.jpg,2442,1872,2875,1994,object,3120,4208
train_1014.jpg,0,2254,121,2553,object,3120,4208
train_1014.jpg,1240,2389,1625,2484,object,3120,4208
train_1014.jpg,782,2471,1221,2571,object,3120,4208
train_1014.jpg,1641,2389,2018,2477,object,3120,4208
train_1014.jpg,2722,3532,3119,3617,object,3120,4208
train_1014.jpg,2717,3624,3122,3699,object,3120,4208
train_1014.jpg,2722,3706,3122,3786,object,3120,4208
train_1014.jpg,2920,1655,3123,1754,object,3120,4208
train_1014.jpg,1240,2287,1627,2384,object,3120,4208
train_1014.jpg,145,2672,339,2958,object,3120,4208
train_1014.jpg,0,2659,141,2959,object,3120,4208
train_1014.jpg,352,2751,810,2863,object,3120,4208
train_1014.jpg,2866,2398,3122,2500,object,3120,4208
train_1014.jpg,2862,2273,3119,2390,object,3120,4208
train_1014.jpg,2432,2476,2831,2576,object,3120,4208
train_1014.jpg,2418,2345,2793,2461,object,3120,4208
train_1014.jpg,2020,2500,2413,2567,object,3120,4208
train_1014.jpg,2027,2389,2397,2489,object,3120,4208
train_1014.jpg,1635,2490,2017,2572,object,3120,4208
train_1014.jpg,2857,2500,3122,2609,object,3120,4208
train_1014.jpg,0,893,124,1273,object,3120,4208
train_1015.jpg,2215,2012,2433,2195,object,3024,3024
train_1015.jpg,2208,1798,2432,2010,object,3024,3024
train_1015.jpg,2060,2012,2197,2210,object,3024,3024
train_1015.jpg,1817,2012,2060,2230,object,3024,3024
train_1015.jpg,1588,2038,1811,2225,object,3024,3024
train_1015.jpg,98,323,291,510,object,3024,3024
train_1015.jpg,261,139,541,301,object,3024,3024
train_1015.jpg,1128,2252,1276,2449,object,3024,3024
train_1015.jpg,1130,2447,1276,2610,object,3024,3024
train_1015.jpg,11,2244,127,2432,object,3024,3024
train_1015.jpg,127,2247,279,2429,object,3024,3024
train_1015.jpg,294,2313,404,2496,object,3024,3024
train_1015.jpg,33,2429,169,2582,object,3024,3024
train_1015.jpg,170,2435,298,2582,object,3024,3024
train_1015.jpg,1273,2386,1425,2583,object,3024,3024
train_1015.jpg,1425,2395,1563,2582,object,3024,3024
train_1015.jpg,1693,2379,1831,2612,object,3024,3024
train_1015.jpg,1831,2397,2024,2614,object,3024,3024
train_1015.jpg,2031,2270,2222,2467,object,3024,3024
train_1015.jpg,2052,2466,2223,2608,object,3024,3024
train_1015.jpg,1009,2281,1131,2458,object,3024,3024
train_1015.jpg,2248,2389,2411,2658,object,3024,3024
train_1015.jpg,1211,1269,1400,1458,object,3024,3024
train_1015.jpg,1400,1269,1628,1523,object,3024,3024
train_1015.jpg,1628,1280,1846,1523,object,3024,3024
train_1015.jpg,1846,1280,2110,1497,object,3024,3024
train_1015.jpg,1023,1497,1197,1726,object,3024,3024
train_1015.jpg,1197,1537,1425,1726,object,3024,3024
train_1015.jpg,1425,1537,1617,1675,object,3024,3024
train_1015.jpg,1628,1537,1856,1650,object,3024,3024
train_1015.jpg,1856,1537,2074,1740,object,3024,3024
train_1015.jpg,2074,1461,2302,1740,object,3024,3024
train_1015.jpg,2302,1461,2491,1624,object,3024,3024
train_1015.jpg,2516,1244,2632,1458,object,3024,3024
train_1015.jpg,2669,1269,2821,1458,object,3024,3024
train_1015.jpg,983,1305,1211,1458,object,3024,3024
train_1015.jpg,993,2458,1137,2596,object,3024,3024
train_1015.jpg,838,2393,964,2602,object,3024,3024
train_1015.jpg,899,2240,1001,2397,object,3024,3024
train_1015.jpg,2509,1014,2667,1182,object,3024,3024
train_1015.jpg,2386,993,2503,1207,object,3024,3024
train_1015.jpg,2299,993,2384,1211,object,3024,3024
train_1015.jpg,2154,921,2302,1210,object,3024,3024
train_1015.jpg,2016,922,2152,1197,object,3024,3024
train_1015.jpg,1835,935,2007,1230,object,3024,3024
train_1015.jpg,1722,935,1834,1160,object,3024,3024
train_1015.jpg,1581,1004,1717,1218,object,3024,3024
train_1015.jpg,1447,1004,1579,1207,object,3024,3024
train_1015.jpg,1349,1008,1446,1207,object,3024,3024
train_1015.jpg,1182,1002,1324,1211,object,3024,3024
train_1015.jpg,1081,1008,1182,1213,object,3024,3024
train_1015.jpg,939,943,1075,1207,object,3024,3024
train_1015.jpg,838,943,939,1207,object,3024,3024
train_1015.jpg,584,1329,781,1527,object,3024,3024
train_1015.jpg,377,1349,584,1526,object,3024,3024
train_1015.jpg,573,1082,837,1320,object,3024,3024
train_1015.jpg,366,1124,575,1317,object,3024,3024
train_1015.jpg,783,1363,992,1708,object,3024,3024
train_1015.jpg,580,1527,777,1703,object,3024,3024
train_1015.jpg,381,1528,579,1730,object,3024,3024
train_1015.jpg,2727,1943,2995,2132,object,3024,3024
train_1015.jpg,2458,2237,2682,2391,object,3024,3024
train_1015.jpg,2680,2245,2935,2393,object,3024,3024
train_1015.jpg,2422,2447,2706,2635,object,3024,3024
train_1015.jpg,2705,2459,2928,2636,object,3024,3024
train_1015.jpg,2941,2455,3027,2642,object,3024,3024
train_1015.jpg,606,2353,752,2552,object,3024,3024
train_1015.jpg,772,2237,864,2343,object,3024,3024
train_1015.jpg,2810,1218,3024,1472,object,3024,3024
train_1015.jpg,51,181,244,313,object,3024,3024
train_1015.jpg,2455,1679,2709,1922,object,3024,3024
train_1015.jpg,2912,1733,3024,1933,object,3024,3024
train_1015.jpg,979,592,1095,856,object,3024,3024
train_1015.jpg,794,566,977,854,object,3024,3024
train_1015.jpg,540,820,780,1019,object,3024,3024
train_1015.jpg,352,805,540,1018,object,3024,3024
train_1015.jpg,94,804,342,997,object,3024,3024
train_1015.jpg,7,805,93,998,object,3024,3024
train_1015.jpg,2908,389,3025,548,object,3024,3024
train_1015.jpg,2741,395,2908,548,object,3024,3024
train_1015.jpg,2549,370,2726,587,object,3024,3024
train_1015.jpg,2379,286,2509,520,object,3024,3024
train_1015.jpg,2281,257,2387,489,object,3024,3024
train_1015.jpg,2197,272,2279,489,object,3024,3024
train_1015.jpg,2070,289,2198,511,object,3024,3024
train_1015.jpg,1102,613,1210,846,object,3024,3024
train_1015.jpg,1878,319,2071,512,object,3024,3024
train_1015.jpg,1827,221,1975,262,object,3024,3024
train_1015.jpg,1454,232,1566,344,object,3024,3024
train_1015.jpg,1646,300,1790,508,object,3024,3024
train_1015.jpg,1483,361,1538,508,object,3024,3024
train_1015.jpg,1371,334,1484,506,object,3024,3024
train_1015.jpg,1276,334,1372,511,object,3024,3024
train_1015.jpg,1023,359,1276,510,object,3024,3024
train_1015.jpg,751,360,1006,537,object,3024,3024
train_1015.jpg,529,330,753,537,object,3024,3024
train_1015.jpg,290,330,518,511,object,3024,3024
train_1015.jpg,1023,167,1281,335,object,3024,3024
train_1015.jpg,772,104,1026,334,object,3024,3024
train_1015.jpg,540,138,774,331,object,3024,3024
train_1015.jpg,1839,268,1980,315,object,3024,3024
train_1015.jpg,2709,1733,2912,1922,object,3024,3024
train_1015.jpg,1211,606,1323,845,object,3024,3024
train_1015.jpg,1487,596,1604,870,object,3024,3024
train_1015.jpg,2796,1516,3024,1744,object,3024,3024
train_1015.jpg,11,1798,127,2048,object,3024,3024
train_1015.jpg,152,1793,422,1951,object,3024,3024
train_1015.jpg,421,1795,654,1906,object,3024,3024
train_1015.jpg,134,2009,358,2242,object,3024,3024
train_1015.jpg,352,2014,545,2237,object,3024,3024
train_1015.jpg,544,2012,748,2230,object,3024,3024
train_1015.jpg,747,2016,940,2250,object,3024,3024
train_1015.jpg,975,2023,1174,2226,object,3024,3024
train_1015.jpg,772,1784,949,2017,object,3024,3024
train_1015.jpg,950,1849,1157,2016,object,3024,3024
train_1015.jpg,1171,1976,1384,2199,object,3024,3024
train_1015.jpg,1385,1967,1582,2201,object,3024,3024
train_1015.jpg,1585,1798,1793,2036,object,3024,3024
train_1015.jpg,1323,606,1486,869,object,3024,3024
train_1015.jpg,1791,1825,2029,2038,object,3024,3024
train_1015.jpg,188,1439,366,1724,object,3024,3024
train_1015.jpg,102,1142,367,1441,object,3024,3024
train_1015.jpg,2908,711,3025,928,object,3024,3024
train_1015.jpg,2806,711,2908,928,object,3024,3024
train_1015.jpg,2651,707,2798,910,object,3024,3024
train_1015.jpg,2535,678,2640,912,object,3024,3024
train_1015.jpg,2404,613,2536,851,object,3024,3024
train_1015.jpg,2263,611,2400,845,object,3024,3024
train_1015.jpg,2161,631,2263,844,object,3024,3024
train_1015.jpg,1998,566,2160,834,object,3024,3024
train_1015.jpg,1849,566,1996,834,object,3024,3024
train_1015.jpg,1715,566,1851,834,object,3024,3024
train_1015.jpg,1603,613,1716,836,object,3024,3024
train_1015.jpg,2447,1954,2727,2132,object,3024,3024
train_1015.jpg,1552,359,1643,507,object,3024,3024
train_1016.jpg,103,1955,185,2235,object,2448,3264
train_1016.jpg,202,1979,297,2235,object,2448,3264
train_1016.jpg,1261,1653,1383,1913,object,2448,3264
train_1016.jpg,2268,447,2386,764,object,2448,3264
train_1016.jpg,2137,443,2264,775,object,2448,3264
train_1016.jpg,2018,453,2125,771,object,2448,3264
train_1016.jpg,1928,439,2018,764,object,2448,3264
train_1016.jpg,1658,478,1784,823,object,2448,3264
train_1016.jpg,1505,487,1636,809,object,2448,3264
train_1016.jpg,1340,485,1495,805,object,2448,3264
train_1016.jpg,1213,485,1332,809,object,2448,3264
train_1016.jpg,1063,446,1209,801,object,2448,3264
train_1016.jpg,921,461,1048,801,object,2448,3264
train_1016.jpg,775,467,904,809,object,2448,3264
train_1016.jpg,502,2615,585,2834,object,2448,3264
train_1016.jpg,401,2619,490,2815,object,2448,3264
train_1016.jpg,318,2606,391,2804,object,2448,3264
train_1016.jpg,225,2607,297,2792,object,2448,3264
train_1016.jpg,124,2589,216,2796,object,2448,3264
train_1016.jpg,1157,1650,1246,1928,object,2448,3264
train_1016.jpg,969,2667,1072,2923,object,2448,3264
train_1016.jpg,1385,1647,1490,1931,object,2448,3264
train_1016.jpg,1494,1665,1605,1931,object,2448,3264
train_1016.jpg,1613,1669,1712,1958,object,2448,3264
train_1016.jpg,760,1966,868,2235,object,2448,3264
train_1016.jpg,876,1954,980,2242,object,2448,3264
train_1016.jpg,996,1972,1097,2246,object,2448,3264
train_1016.jpg,1108,1980,1219,2253,object,2448,3264
train_1016.jpg,842,2670,969,2905,object,2448,3264
train_1016.jpg,0,1693,53,1898,object,2448,3264
train_1016.jpg,60,1706,143,1916,object,2448,3264
train_1016.jpg,168,1710,229,1913,object,2448,3264
train_1016.jpg,749,865,892,1209,object,2448,3264
train_1016.jpg,251,1701,340,1924,object,2448,3264
train_1016.jpg,913,866,1024,1198,object,2448,3264
train_1016.jpg,1336,870,1470,1202,object,2448,3264
train_1016.jpg,1183,2703,1296,2935,object,2448,3264
train_1016.jpg,1950,2777,2067,2968,object,2448,3264
train_1016.jpg,11,2585,107,2796,object,2448,3264
train_1016.jpg,468,2307,565,2572,object,2448,3264
train_1016.jpg,371,2299,467,2575,object,2448,3264
train_1016.jpg,277,2286,366,2564,object,2448,3264
train_1016.jpg,195,2276,271,2549,object,2448,3264
train_1016.jpg,94,2277,184,2542,object,2448,3264
train_1016.jpg,4,2275,84,2542,object,2448,3264
train_1016.jpg,487,1977,573,2265,object,2448,3264
train_1016.jpg,382,1979,477,2242,object,2448,3264
train_1016.jpg,26,417,110,790,object,2448,3264
train_1016.jpg,116,405,231,790,object,2448,3264
train_1016.jpg,247,413,328,794,object,2448,3264
train_1016.jpg,341,413,437,790,object,2448,3264
train_1016.jpg,442,400,549,801,object,2448,3264
train_1016.jpg,37,856,130,1220,object,2448,3264
train_1016.jpg,150,864,239,1220,object,2448,3264
train_1016.jpg,250,860,330,1220,object,2448,3264
train_1016.jpg,352,847,459,1224,object,2448,3264
train_1016.jpg,0,1278,63,1553,object,2448,3264
train_1016.jpg,75,1290,153,1568,object,2448,3264
train_1016.jpg,172,1278,250,1565,object,2448,3264
train_1016.jpg,270,1304,345,1572,object,2448,3264
train_1016.jpg,356,1292,458,1572,object,2448,3264
train_1016.jpg,475,1301,566,1576,object,2448,3264
train_1016.jpg,1044,855,1201,1205,object,2448,3264
train_1016.jpg,943,1620,1056,1905,object,2448,3264
train_1016.jpg,1217,857,1325,1198,object,2448,3264
train_1016.jpg,1078,2694,1183,2923,object,2448,3264
train_1016.jpg,356,1711,439,1931,object,2448,3264
train_1016.jpg,453,1715,550,1939,object,2448,3264
train_1016.jpg,7,1953,99,2227,object,2448,3264
train_1016.jpg,1018,1266,1163,1568,object,2448,3264
train_1016.jpg,1183,1245,1308,1535,object,2448,3264
train_1016.jpg,1314,1238,1450,1553,object,2448,3264
train_1016.jpg,1456,1263,1587,1583,object,2448,3264
train_1016.jpg,1591,1276,1727,1595,object,2448,3264
train_1016.jpg,734,1618,855,1902,object,2448,3264
train_1016.jpg,1059,1623,1144,1913,object,2448,3264
train_1016.jpg,2092,1293,2226,1662,object,2448,3264
train_1016.jpg,2231,1300,2364,1666,object,2448,3264
train_1016.jpg,2373,1281,2450,1681,object,2448,3264
train_1016.jpg,1842,1709,1953,2018,object,2448,3264
train_1016.jpg,1961,1712,2099,2047,object,2448,3264
train_1016.jpg,2107,1729,2269,2036,object,2448,3264
train_1016.jpg,2272,1717,2383,2014,object,2448,3264
train_1016.jpg,2388,1769,2448,2040,object,2448,3264
train_1016.jpg,1815,2064,1910,2381,object,2448,3264
train_1016.jpg,1920,2069,2023,2377,object,2448,3264
train_1016.jpg,2033,2077,2147,2377,object,2448,3264
train_1016.jpg,2160,2074,2235,2407,object,2448,3264
train_1016.jpg,2235,2082,2367,2407,object,2448,3264
train_1016.jpg,2373,2076,2443,2422,object,2448,3264
train_1016.jpg,1782,2416,1855,2710,object,2448,3264
train_1016.jpg,1864,2440,1970,2718,object,2448,3264
train_1016.jpg,1969,2441,2081,2725,object,2448,3264
train_1016.jpg,2081,2458,2196,2732,object,2448,3264
train_1016.jpg,2201,2449,2292,2744,object,2448,3264
train_1016.jpg,2298,2463,2401,2751,object,2448,3264
train_1016.jpg,1756,2752,1843,2980,object,2448,3264
train_1016.jpg,1853,2743,1930,2953,object,2448,3264
train_1016.jpg,895,1254,1018,1557,object,2448,3264
train_1016.jpg,752,1239,885,1557,object,2448,3264
train_1016.jpg,1632,879,1762,1217,object,2448,3264
train_1016.jpg,1486,868,1621,1202,object,2448,3264
train_1016.jpg,2074,2784,2195,2976,object,2448,3264
train_1016.jpg,2201,2808,2312,2998,object,2448,3264
train_1016.jpg,2366,2777,2447,3032,object,2448,3264
train_1016.jpg,726,2665,842,2908,object,2448,3264
train_1016.jpg,1561,2353,1672,2635,object,2448,3264
train_1016.jpg,1434,2319,1553,2630,object,2448,3264
train_1016.jpg,1321,2325,1434,2613,object,2448,3264
train_1016.jpg,1213,2297,1310,2572,object,2448,3264
train_1016.jpg,1100,2319,1209,2601,object,2448,3264
train_1016.jpg,981,2309,1096,2590,object,2448,3264
train_1016.jpg,876,2301,980,2583,object,2448,3264
train_1016.jpg,745,2274,872,2575,object,2448,3264
train_1016.jpg,1576,2010,1688,2302,object,2448,3264
train_1016.jpg,1456,2014,1570,2283,object,2448,3264
train_1016.jpg,1299,2701,1421,2931,object,2448,3264
train_1016.jpg,1336,1990,1447,2276,object,2448,3264
train_1016.jpg,1538,2737,1659,2950,object,2448,3264
train_1016.jpg,1894,861,1987,1217,object,2448,3264
train_1016.jpg,1991,874,2095,1220,object,2448,3264
train_1016.jpg,2107,832,2177,1157,object,2448,3264
train_1016.jpg,2182,833,2252,1164,object,2448,3264
train_1016.jpg,2276,811,2408,1179,object,2448,3264
train_1016.jpg,1853,1273,1947,1662,object,2448,3264
train_1016.jpg,1958,1273,2088,1658,object,2448,3264
train_1016.jpg,1224,1984,1334,2268,object,2448,3264
train_1016.jpg,1426,2726,1530,2938,object,2448,3264
train_1017.jpg,680,720,740,1081,object,2448,3264
train_1017.jpg,747,719,800,1081,object,2448,3264
train_1017.jpg,810,697,926,1089,object,2448,3264
train_1017.jpg,967,720,1026,1105,object,2448,3264
train_1017.jpg,1030,675,1127,1137,object,2448,3264
train_1017.jpg,1140,655,1234,1137,object,2448,3264
train_1017.jpg,735,1199,775,1439,object,2448,3264
train_1017.jpg,519,723,604,1085,object,2448,3264
train_1017.jpg,838,1562,929,1703,object,2448,3264
train_1017.jpg,920,1914,1013,2049,object,2448,3264
train_1017.jpg,912,1743,1013,1903,object,2448,3264
train_1017.jpg,1046,1778,1137,1931,object,2448,3264
train_1017.jpg,1038,1942,1138,2100,object,2448,3264
train_1017.jpg,1152,1990,1256,2147,object,2448,3264
train_1017.jpg,842,1719,904,1852,object,2448,3264
train_1017.jpg,1148,1801,1265,1966,object,2448,3264
train_1017.jpg,1298,1866,1409,2010,object,2448,3264
train_1017.jpg,1282,1685,1405,1856,object,2448,3264
train_1017.jpg,1420,2074,1531,2242,object,2448,3264
train_1017.jpg,1420,1902,1519,2053,object,2448,3264
train_1017.jpg,1435,1719,1551,1895,object,2448,3264
train_1017.jpg,1549,2148,1673,2301,object,2448,3264
train_1017.jpg,1286,2032,1404,2179,object,2448,3264
train_1017.jpg,1538,1962,1715,2112,object,2448,3264
train_1017.jpg,838,1872,911,1990,object,2448,3264
train_1017.jpg,755,1699,821,1805,object,2448,3264
train_1017.jpg,1675,2487,1860,2686,object,2448,3264
train_1017.jpg,1905,2589,2292,2830,object,2448,3264
train_1017.jpg,468,1463,522,1569,object,2448,3264
train_1017.jpg,484,1586,505,1683,object,2448,3264
train_1017.jpg,495,1725,536,1801,object,2448,3264
train_1017.jpg,547,1740,595,1833,object,2448,3264
train_1017.jpg,763,1825,834,1958,object,2448,3264
train_1017.jpg,527,1614,583,1715,object,2448,3264
train_1017.jpg,590,1499,657,1616,object,2448,3264
train_1017.jpg,617,1636,659,1746,object,2448,3264
train_1017.jpg,610,1778,670,1876,object,2448,3264
train_1017.jpg,688,1794,740,1899,object,2448,3264
train_1017.jpg,672,1663,744,1778,object,2448,3264
train_1017.jpg,670,1522,745,1646,object,2448,3264
train_1017.jpg,535,1469,578,1585,object,2448,3264
train_1017.jpg,1573,1771,1733,1947,object,2448,3264
train_1017.jpg,1699,2201,1879,2395,object,2448,3264
train_1017.jpg,1923,2361,2308,2573,object,2448,3264
train_1017.jpg,1774,1324,1864,1687,object,2448,3264
train_1017.jpg,1888,1397,2016,1758,object,2448,3264
train_1017.jpg,2041,1424,2153,1762,object,2448,3264
train_1017.jpg,2253,1459,2380,1833,object,2448,3264
train_1017.jpg,2399,1481,2447,1872,object,2448,3264
train_1017.jpg,425,1512,465,1612,object,2448,3264
train_1017.jpg,1683,1312,1758,1671,object,2448,3264
train_1017.jpg,378,1438,418,1553,object,2448,3264
train_1017.jpg,315,1113,370,1270,object,2448,3264
train_1017.jpg,322,982,381,1105,object,2448,3264
train_1017.jpg,315,787,378,967,object,2448,3264
train_1017.jpg,260,736,310,1050,object,2448,3264
train_1017.jpg,389,732,437,1046,object,2448,3264
train_1017.jpg,440,716,514,1074,object,2448,3264
train_1017.jpg,370,1297,431,1424,object,2448,3264
train_1017.jpg,1593,1298,1678,1667,object,2448,3264
train_1017.jpg,1510,1261,1581,1573,object,2448,3264
train_1017.jpg,1321,1275,1403,1593,object,2448,3264
train_1017.jpg,1918,2089,2337,2349,object,2448,3264
train_1017.jpg,1932,1858,2350,2080,object,2448,3264
train_1017.jpg,566,1171,610,1408,object,2448,3264
train_1017.jpg,617,1160,657,1420,object,2448,3264
train_1017.jpg,665,1173,700,1428,object,2448,3264
train_1017.jpg,704,1168,736,1412,object,2448,3264
train_1017.jpg,787,1195,836,1467,object,2448,3264
train_1017.jpg,845,1209,892,1479,object,2448,3264
train_1017.jpg,897,1212,919,1479,object,2448,3264
train_1017.jpg,924,1211,978,1490,object,2448,3264
train_1017.jpg,979,1235,1035,1514,object,2448,3264
train_1017.jpg,1034,1245,1088,1526,object,2448,3264
train_1017.jpg,1093,1239,1179,1542,object,2448,3264
train_1017.jpg,1199,1269,1250,1553,object,2448,3264
train_1017.jpg,1258,1267,1309,1569,object,2448,3264
train_1017.jpg,621,714,671,1054,object,2448,3264
train_1017.jpg,1251,649,1385,1152,object,2448,3264
train_1017.jpg,1557,630,1675,1176,object,2448,3264
train_1017.jpg,1683,632,1874,1203,object,2448,3264
train_1017.jpg,1404,650,1541,1156,object,2448,3264
train_1017.jpg,2324,2,2447,397,object,2448,3264
train_1017.jpg,1770,3,1979,472,object,2448,3264
train_1017.jpg,1616,1,1763,492,object,2448,3264
train_1017.jpg,1486,9,1603,507,object,2448,3264
train_1017.jpg,1357,4,1479,519,object,2448,3264
train_1017.jpg,1022,96,1152,562,object,2448,3264
train_1017.jpg,920,130,1010,586,object,2448,3264
train_1017.jpg,842,150,915,610,object,2448,3264
train_1017.jpg,755,190,830,594,object,2448,3264
train_1017.jpg,1254,15,1353,539,object,2448,3264
train_1017.jpg,610,230,673,637,object,2448,3264
train_1017.jpg,535,258,599,625,object,2448,3264
train_1017.jpg,480,281,526,625,object,2448,3264
train_1017.jpg,417,285,470,641,object,2448,3264
train_1017.jpg,1899,635,2066,1164,object,2448,3264
train_1017.jpg,354,285,415,637,object,2448,3264
train_1017.jpg,271,325,344,653,object,2448,3264
train_1017.jpg,2127,11,2318,433,object,2448,3264
train_1017.jpg,2261,592,2450,1231,object,2448,3264
train_1017.jpg,2076,608,2245,1207,object,2448,3264
train_1017.jpg,676,200,742,598,object,2448,3264
train_1018.jpg,1128,2402,1303,2528,object,2448,3264
train_1018.jpg,946,2419,1118,2538,object,2448,3264
train_1018.jpg,938,2293,1126,2410,object,2448,3264
train_1018.jpg,364,2443,561,2555,object,2448,3264
train_1018.jpg,752,2289,937,2414,object,2448,3264
train_1018.jpg,554,2309,753,2428,object,2448,3264
train_1018.jpg,566,2435,749,2552,object,2448,3264
train_1018.jpg,1128,2273,1299,2394,object,2448,3264
train_1018.jpg,756,2427,946,2549,object,2448,3264
train_1018.jpg,1302,2253,1472,2390,object,2448,3264
train_1018.jpg,2091,1699,2324,1767,object,2448,3264
train_1018.jpg,1298,1258,1540,1322,object,2448,3264
train_1018.jpg,1581,1387,1820,1474,object,2448,3264
train_1018.jpg,1578,1290,1816,1379,object,2448,3264
train_1018.jpg,1825,1226,2010,1307,object,2448,3264
train_1018.jpg,1817,1310,2010,1383,object,2448,3264
train_1018.jpg,1828,1395,2026,1467,object,2448,3264
train_1018.jpg,2030,1379,2229,1456,object,2448,3264
train_1018.jpg,2018,1306,2237,1373,object,2448,3264
train_1018.jpg,2022,1234,2249,1297,object,2448,3264
train_1018.jpg,356,2314,553,2439,object,2448,3264
train_1018.jpg,1344,1330,1565,1401,object,2448,3264
train_1018.jpg,186,2301,344,2421,object,2448,3264
train_1018.jpg,69,643,633,768,object,2448,3264
train_1018.jpg,679,2643,808,3042,object,2448,3264
train_1018.jpg,532,894,720,1045,object,2448,3264
train_1018.jpg,328,1060,532,1202,object,2448,3264
train_1018.jpg,328,910,526,1057,object,2448,3264
train_1018.jpg,0,935,110,1064,object,2448,3264
train_1018.jpg,0,1068,120,1201,object,2448,3264
train_1018.jpg,125,1060,325,1201,object,2448,3264
train_1018.jpg,112,916,322,1050,object,2448,3264
train_1018.jpg,1779,598,2324,717,object,2448,3264
train_1018.jpg,1785,473,2330,593,object,2448,3264
train_1018.jpg,1785,332,2338,469,object,2448,3264
train_1018.jpg,1227,613,1773,742,object,2448,3264
train_1018.jpg,1221,485,1763,612,object,2448,3264
train_1018.jpg,651,517,1159,624,object,2448,3264
train_1018.jpg,650,628,1190,748,object,2448,3264
train_1018.jpg,2067,1598,2311,1687,object,2448,3264
train_1018.jpg,94,506,642,638,object,2448,3264
train_1018.jpg,1836,2593,1963,2967,object,2448,3264
train_1018.jpg,1683,2590,1824,2989,object,2448,3264
train_1018.jpg,1537,2601,1668,2980,object,2448,3264
train_1018.jpg,1424,2607,1536,2997,object,2448,3264
train_1018.jpg,1238,2621,1402,3008,object,2448,3264
train_1018.jpg,1012,2629,1171,3027,object,2448,3264
train_1018.jpg,825,2641,1007,3028,object,2448,3264
train_1018.jpg,510,2661,660,3050,object,2448,3264
train_1018.jpg,1808,1626,2058,1696,object,2448,3264
train_1018.jpg,0,2309,180,2440,object,2448,3264
train_1018.jpg,1602,1666,1804,1746,object,2448,3264
train_1018.jpg,361,1936,582,2059,object,2448,3264
train_1018.jpg,599,2010,728,2177,object,2448,3264
train_1018.jpg,731,1994,922,2177,object,2448,3264
train_1018.jpg,922,1986,1150,2161,object,2448,3264
train_1018.jpg,1153,1970,1308,2147,object,2448,3264
train_1018.jpg,1314,1958,1472,2151,object,2448,3264
train_1018.jpg,1476,1941,1634,2145,object,2448,3264
train_1018.jpg,1634,1945,1800,2146,object,2448,3264
train_1018.jpg,1801,1937,1966,2139,object,2448,3264
train_1018.jpg,1310,2390,1470,2509,object,2448,3264
train_1018.jpg,372,2067,583,2185,object,2448,3264
train_1018.jpg,1497,2411,1661,2508,object,2448,3264
train_1018.jpg,1666,2241,1850,2369,object,2448,3264
train_1018.jpg,1662,2378,1842,2506,object,2448,3264
train_1018.jpg,1848,2378,2031,2498,object,2448,3264
train_1018.jpg,1852,2241,2034,2374,object,2448,3264
train_1018.jpg,2038,2241,2220,2371,object,2448,3264
train_1018.jpg,2032,2378,2212,2503,object,2448,3264
train_1018.jpg,1974,1933,2265,2127,object,2448,3264
train_1018.jpg,166,2459,355,2582,object,2448,3264
train_1018.jpg,534,1048,735,1185,object,2448,3264
train_1018.jpg,1359,1413,1577,1479,object,2448,3264
train_1018.jpg,1476,2301,1619,2412,object,2448,3264
train_1018.jpg,1,1959,356,2115,object,2448,3264
train_1018.jpg,0,2117,348,2208,object,2448,3264
train_1018.jpg,0,1642,140,1698,object,2448,3264
train_1018.jpg,1359,1614,1593,1671,object,2448,3264
train_1018.jpg,1371,1735,1584,1793,object,2448,3264
train_1018.jpg,1367,1674,1577,1732,object,2448,3264
train_1018.jpg,1128,1683,1350,1738,object,2448,3264
train_1018.jpg,1137,1747,1357,1797,object,2448,3264
train_1018.jpg,890,1743,1113,1806,object,2448,3264
train_1018.jpg,341,2657,502,3056,object,2448,3264
train_1018.jpg,164,2661,332,3066,object,2448,3264
train_1018.jpg,1,2679,149,3054,object,2448,3264
train_1018.jpg,0,2451,159,2580,object,2448,3264
train_1018.jpg,866,1662,1101,1730,object,2448,3264
train_1018.jpg,870,1602,1108,1650,object,2448,3264
train_1018.jpg,649,1773,883,1830,object,2448,3264
train_1018.jpg,635,1717,857,1762,object,2448,3264
train_1018.jpg,617,1639,849,1703,object,2448,3264
train_1018.jpg,413,1784,647,1835,object,2448,3264
train_1018.jpg,404,1715,632,1777,object,2448,3264
train_1018.jpg,388,1646,614,1705,object,2448,3264
train_1018.jpg,162,1772,396,1839,object,2448,3264
train_1018.jpg,158,1703,389,1766,object,2448,3264
train_1018.jpg,146,1634,385,1699,object,2448,3264
train_1018.jpg,0,1784,156,1840,object,2448,3264
train_1018.jpg,0,1711,154,1772,object,2448,3264
train_1018.jpg,1816,1711,2063,1775,object,2448,3264
train_1018.jpg,736,1048,932,1183,object,2448,3264
train_1018.jpg,1970,2589,2126,2961,object,2448,3264
train_1018.jpg,942,1044,1134,1173,object,2448,3264
train_1018.jpg,2125,829,2332,900,object,2448,3264
train_1018.jpg,92,1326,360,1383,object,2448,3264
train_1018.jpg,108,1388,380,1452,object,2448,3264
train_1018.jpg,127,1458,396,1525,object,2448,3264
train_1018.jpg,1913,996,2103,1124,object,2448,3264
train_1018.jpg,2124,905,2332,976,object,2448,3264
train_1018.jpg,2112,977,2319,1048,object,2448,3264
train_1018.jpg,385,1365,647,1432,object,2448,3264
train_1018.jpg,400,1442,651,1517,object,2448,3264
train_1018.jpg,651,1429,890,1505,object,2448,3264
train_1018.jpg,893,1416,1108,1498,object,2448,3264
train_1018.jpg,893,1335,1104,1408,object,2448,3264
train_1018.jpg,870,1274,1109,1324,object,2448,3264
train_1018.jpg,651,1345,887,1416,object,2448,3264
train_1018.jpg,1122,1418,1353,1480,object,2448,3264
train_1018.jpg,926,902,1118,1046,object,2448,3264
train_1018.jpg,1125,903,1312,1035,object,2448,3264
train_1018.jpg,1136,1037,1319,1157,object,2448,3264
train_1018.jpg,1114,1343,1335,1419,object,2448,3264
train_1018.jpg,1335,1034,1529,1153,object,2448,3264
train_1018.jpg,1519,853,1711,1008,object,2448,3264
train_1018.jpg,1319,878,1513,1032,object,2448,3264
train_1018.jpg,1717,1011,1909,1141,object,2448,3264
train_1018.jpg,1718,871,1917,995,object,2448,3264
train_1018.jpg,1916,858,2119,991,object,2448,3264
train_1018.jpg,2107,1050,2315,1120,object,2448,3264
train_1018.jpg,1531,1015,1715,1151,object,2448,3264
train_1018.jpg,728,902,927,1037,object,2448,3264
train_1019.jpg,578,1162,645,1355,object,2340,4160
train_1019.jpg,493,1191,546,1368,object,2340,4160
train_1019.jpg,1156,2007,1338,2194,object,2340,4160
train_1019.jpg,414,1180,487,1364,object,2340,4160
train_1019.jpg,833,1989,924,2220,object,2340,4160
train_1019.jpg,949,2007,1034,2220,object,2340,4160
train_1019.jpg,1052,1971,1139,2227,object,2340,4160
train_1019.jpg,547,2421,614,2679,object,2340,4160
train_1019.jpg,1557,2031,1735,2214,object,2340,4160
train_1019.jpg,1745,2031,1920,2217,object,2340,4160
train_1019.jpg,1934,2040,2109,2220,object,2340,4160
train_1019.jpg,2116,2031,2296,2220,object,2340,4160
train_1019.jpg,274,2439,348,2659,object,2340,4160
train_1019.jpg,365,2451,438,2688,object,2340,4160
train_1019.jpg,456,2457,535,2684,object,2340,4160
train_1019.jpg,626,2524,687,2684,object,2340,4160
train_1019.jpg,693,2524,762,2682,object,2340,4160
train_1019.jpg,772,2524,839,2690,object,2340,4160
train_1019.jpg,845,2524,924,2693,object,2340,4160
train_1019.jpg,1368,2031,1543,2212,object,2340,4160
train_1019.jpg,651,1174,724,1343,object,2340,4160
train_1019.jpg,1679,1125,1735,1390,object,2340,4160
train_1019.jpg,809,1143,882,1340,object,2340,4160
train_1019.jpg,359,1542,424,1800,object,2340,4160
train_1019.jpg,2044,3576,2186,3711,object,2340,4160
train_1019.jpg,2,1375,158,1720,object,2340,4160
train_1019.jpg,2013,1545,2118,1761,object,2340,4160
train_1019.jpg,1843,1545,1990,1788,object,2340,4160
train_1019.jpg,2269,1593,2337,1834,object,2340,4160
train_1019.jpg,2177,1581,2259,1818,object,2340,4160
train_1019.jpg,2183,1125,2334,1381,object,2340,4160
train_1019.jpg,2013,1131,2142,1406,object,2340,4160
train_1019.jpg,742,1143,803,1343,object,2340,4160
train_1019.jpg,1922,1137,1990,1397,object,2340,4160
train_1019.jpg,1745,1131,1831,1396,object,2340,4160
train_1019.jpg,943,2530,1019,2678,object,2340,4160
train_1019.jpg,1563,1125,1668,1375,object,2340,4160
train_1019.jpg,1411,1149,1490,1353,object,2340,4160
train_1019.jpg,1320,1143,1408,1362,object,2340,4160
train_1019.jpg,1156,1137,1235,1343,object,2340,4160
train_1019.jpg,1070,1149,1139,1352,object,2340,4160
train_1019.jpg,979,1137,1061,1349,object,2340,4160
train_1019.jpg,900,1137,970,1349,object,2340,4160
train_1019.jpg,1843,1143,1913,1399,object,2340,4160
train_1019.jpg,1028,2560,1151,2621,object,2340,4160
train_1019.jpg,833,2773,912,3011,object,2340,4160
train_1019.jpg,1028,2633,1149,2700,object,2340,4160
train_1019.jpg,827,3187,970,3330,object,2340,4160
train_1019.jpg,1004,3211,1151,3348,object,2340,4160
train_1019.jpg,1174,3217,1326,3348,object,2340,4160
train_1019.jpg,1350,3211,1487,3345,object,2340,4160
train_1019.jpg,1520,3193,1679,3353,object,2340,4160
train_1019.jpg,1685,3223,1855,3360,object,2340,4160
train_1019.jpg,1873,3223,2019,3362,object,2340,4160
train_1019.jpg,2037,3223,2193,3366,object,2340,4160
train_1019.jpg,237,3552,430,3678,object,2340,4160
train_1019.jpg,687,3144,809,3298,object,2340,4160
train_1019.jpg,450,3527,625,3669,object,2340,4160
train_1019.jpg,712,3521,744,3693,object,2340,4160
train_1019.jpg,754,3527,801,3684,object,2340,4160
train_1019.jpg,809,3534,946,3684,object,2340,4160
train_1019.jpg,967,3527,1113,3687,object,2340,4160
train_1019.jpg,1137,3521,1295,3693,object,2340,4160
train_1019.jpg,1308,3540,1475,3692,object,2340,4160
train_1019.jpg,1496,3546,1633,3683,object,2340,4160
train_1019.jpg,1654,3485,1796,3620,object,2340,4160
train_1019.jpg,1837,3564,2002,3678,object,2340,4160
train_1019.jpg,669,3546,702,3704,object,2340,4160
train_1019.jpg,1156,2560,1289,2609,object,2340,4160
train_1019.jpg,474,3181,649,3334,object,2340,4160
train_1019.jpg,2080,2858,2244,3009,object,2340,4160
train_1019.jpg,1162,2627,1291,2702,object,2340,4160
train_1019.jpg,1314,2518,1460,2703,object,2340,4160
train_1019.jpg,1478,2487,1612,2719,object,2340,4160
train_1019.jpg,1636,2494,1765,2709,object,2340,4160
train_1019.jpg,1782,2494,1916,2728,object,2340,4160
train_1019.jpg,1922,2500,2047,2728,object,2340,4160
train_1019.jpg,2056,2560,2261,2746,object,2340,4160
train_1019.jpg,12,2743,201,3115,object,2340,4160
train_1019.jpg,274,2846,491,2998,object,2340,4160
train_1019.jpg,316,3181,471,3315,object,2340,4160
train_1019.jpg,505,2852,731,3000,object,2340,4160
train_1019.jpg,432,1539,499,1796,object,2340,4160
train_1019.jpg,924,2767,1002,3021,object,2340,4160
train_1019.jpg,1016,2773,1089,3011,object,2340,4160
train_1019.jpg,1095,2865,1302,2991,object,2340,4160
train_1019.jpg,1320,2785,1428,2986,object,2340,4160
train_1019.jpg,1447,2779,1546,3015,object,2340,4160
train_1019.jpg,1563,2792,1689,3004,object,2340,4160
train_1019.jpg,1703,2846,1867,2998,object,2340,4160
train_1019.jpg,1873,2846,2051,3020,object,2340,4160
train_1019.jpg,748,2773,827,2994,object,2340,4160
train_1019.jpg,499,1533,575,1800,object,2340,4160
train_1019.jpg,268,1545,350,1787,object,2340,4160
train_1019.jpg,669,1534,742,1800,object,2340,4160
train_1019.jpg,2214,438,2328,599,object,2340,4160
train_1019.jpg,152,353,406,502,object,2340,4160
train_1019.jpg,1,426,128,794,object,2340,4160
train_1019.jpg,414,359,655,540,object,2340,4160
train_1019.jpg,669,394,917,541,object,2340,4160
train_1019.jpg,931,201,1198,377,object,2340,4160
train_1019.jpg,3,894,140,1241,object,2340,4160
train_1019.jpg,931,389,1162,546,object,2340,4160
train_1019.jpg,1460,389,1704,573,object,2340,4160
train_1019.jpg,1715,414,1967,578,object,2340,4160
train_1019.jpg,1971,407,2212,591,object,2340,4160
train_1019.jpg,2214,292,2343,424,object,2340,4160
train_1019.jpg,712,2001,812,2226,object,2340,4160
train_1019.jpg,620,1995,701,2214,object,2340,4160
train_1019.jpg,1180,406,1437,553,object,2340,4160
train_1019.jpg,280,821,389,999,object,2340,4160
train_1019.jpg,401,795,514,997,object,2340,4160
train_1019.jpg,517,797,631,1002,object,2340,4160
train_1019.jpg,335,1171,406,1356,object,2340,4160
train_1019.jpg,255,1174,331,1358,object,2340,4160
train_1019.jpg,2244,835,2342,1046,object,2340,4160
train_1019.jpg,2129,845,2240,1054,object,2340,4160
train_1019.jpg,1971,838,2115,1040,object,2340,4160
train_1019.jpg,1861,839,1964,1031,object,2340,4160
train_1019.jpg,1709,760,1788,1037,object,2340,4160
train_1019.jpg,1624,768,1700,1034,object,2340,4160
train_1019.jpg,1539,754,1613,1028,object,2340,4160
train_1019.jpg,1308,900,1425,1016,object,2340,4160
train_1019.jpg,1174,906,1282,1025,object,2340,4160
train_1019.jpg,1052,900,1166,1022,object,2340,4160
train_1019.jpg,924,894,1028,1014,object,2340,4160
train_1019.jpg,791,821,896,1016,object,2340,4160
train_1019.jpg,651,809,778,1016,object,2340,4160
train_1019.jpg,414,2078,595,2220,object,2340,4160
train_1019.jpg,584,1545,657,1806,object,2340,4160
train_1019.jpg,2275,3321,2345,3695,object,2340,4160
train_1019.jpg,1253,1600,1353,1820,object,2340,4160
train_1019.jpg,754,1557,809,1815,object,2340,4160
train_1019.jpg,821,1560,885,1806,object,2340,4160
train_1019.jpg,888,1557,969,1817,object,2340,4160
train_1019.jpg,979,1560,1051,1818,object,2340,4160
train_1019.jpg,1064,1587,1153,1814,object,2340,4160
train_1019.jpg,1168,1592,1251,1825,object,2340,4160
train_1019.jpg,1356,1606,1443,1825,object,2340,4160
train_1019.jpg,1454,1636,1589,1822,object,2340,4160
train_1019.jpg,30,1800,208,2220,object,2340,4160
train_1019.jpg,243,2080,415,2217,object,2340,4160
train_102.jpg,1197,3000,1257,3212,object,2336,4160
train_102.jpg,2100,798,2222,1003,object,2336,4160
train_102.jpg,182,3026,219,3172,object,2336,4160
train_102.jpg,1077,2978,1190,3201,object,2336,4160
train_102.jpg,1417,3139,1447,3197,object,2336,4160
train_102.jpg,1347,3135,1407,3172,object,2336,4160
train_102.jpg,948,2979,1077,3202,object,2336,4160
train_102.jpg,67,2479,190,2524,object,2336,4160
train_102.jpg,559,2978,667,3182,object,2336,4160
train_102.jpg,409,2978,480,3182,object,2336,4160
train_102.jpg,195,2488,299,2524,object,2336,4160
train_102.jpg,65,2433,221,2479,object,2336,4160
train_102.jpg,1452,3142,1509,3197,object,2336,4160
train_102.jpg,70,2525,185,2574,object,2336,4160
train_102.jpg,788,3010,915,3177,object,2336,4160
train_102.jpg,1531,3075,1580,3127,object,2336,4160
train_102.jpg,195,2573,302,2599,object,2336,4160
train_102.jpg,1521,3174,1561,3207,object,2336,4160
train_102.jpg,186,2531,279,2569,object,2336,4160
train_102.jpg,2145,1170,2297,1337,object,2336,4160
train_102.jpg,2235,855,2337,1013,object,2336,4160
train_102.jpg,2235,3135,2338,3227,object,2336,4160
train_102.jpg,2025,3154,2226,3242,object,2336,4160
train_102.jpg,1905,3023,1973,3228,object,2336,4160
train_102.jpg,1531,3141,1582,3167,object,2336,4160
train_102.jpg,1826,3028,1888,3172,object,2336,4160
train_102.jpg,1691,3176,1753,3227,object,2336,4160
train_102.jpg,1621,3160,1665,3212,object,2336,4160
train_102.jpg,72,2573,195,2604,object,2336,4160
train_102.jpg,182,2605,294,2639,object,2336,4160
train_102.jpg,299,2307,429,2569,object,2336,4160
train_102.jpg,1586,3119,1626,3167,object,2336,4160
train_102.jpg,1751,3012,1809,3177,object,2336,4160
train_102.jpg,219,3008,294,3182,object,2336,4160
train_102.jpg,65,2604,191,2634,object,2336,4160
train_102.jpg,0,2525,64,2552,object,2336,4160
train_102.jpg,843,758,944,969,object,2336,4160
train_102.jpg,943,766,1038,968,object,2336,4160
train_102.jpg,961,638,1047,743,object,2336,4160
train_102.jpg,1057,585,1233,778,object,2336,4160
train_102.jpg,1066,777,1227,978,object,2336,4160
train_102.jpg,1232,784,1328,978,object,2336,4160
train_102.jpg,1241,677,1327,783,object,2336,4160
train_102.jpg,1332,803,1511,983,object,2336,4160
train_102.jpg,1516,799,1601,986,object,2336,4160
train_102.jpg,1571,1119,1687,1317,object,2336,4160
train_102.jpg,1871,1181,1934,1337,object,2336,4160
train_102.jpg,1938,1178,2011,1317,object,2336,4160
train_102.jpg,2010,1192,2063,1327,object,2336,4160
train_102.jpg,1601,794,1787,993,object,2336,4160
train_102.jpg,1811,837,1892,993,object,2336,4160
train_102.jpg,1995,799,2102,993,object,2336,4160
train_102.jpg,60,3031,96,3167,object,2336,4160
train_102.jpg,95,3033,137,3164,object,2336,4160
train_102.jpg,140,3028,181,3172,object,2336,4160
train_102.jpg,713,757,840,918,object,2336,4160
train_102.jpg,0,2594,64,2620,object,2336,4160
train_102.jpg,10,3004,55,3157,object,2336,4160
train_102.jpg,5,2757,108,2823,object,2336,4160
train_102.jpg,0,2488,64,2514,object,2336,4160
train_102.jpg,0,2558,65,2584,object,2336,4160
train_102.jpg,9,2056,155,2225,object,2336,4160
train_102.jpg,163,2082,279,2250,object,2336,4160
train_102.jpg,308,2021,454,2155,object,2336,4160
train_102.jpg,453,2055,614,2185,object,2336,4160
train_102.jpg,612,2056,773,2190,object,2336,4160
train_102.jpg,783,2044,943,2190,object,2336,4160
train_102.jpg,958,2073,1115,2190,object,2336,4160
train_102.jpg,1119,2076,1282,2200,object,2336,4160
train_102.jpg,1309,2048,1422,2205,object,2336,4160
train_102.jpg,5,733,97,943,object,2336,4160
train_102.jpg,135,727,234,973,object,2336,4160
train_102.jpg,249,893,343,948,object,2336,4160
train_102.jpg,242,828,342,888,object,2336,4160
train_102.jpg,424,893,518,953,object,2336,4160
train_102.jpg,334,2982,409,3167,object,2336,4160
train_102.jpg,524,707,590,893,object,2336,4160
train_102.jpg,604,713,690,889,object,2336,4160
train_102.jpg,10,2702,99,2758,object,2336,4160
train_102.jpg,429,837,519,893,object,2336,4160
train_102.jpg,1262,3003,1324,3212,object,2336,4160
train_102.jpg,738,1447,857,1611,object,2336,4160
train_102.jpg,1571,1766,1698,1930,object,2336,4160
train_102.jpg,576,2645,693,2903,object,2336,4160
train_102.jpg,403,2670,514,2888,object,2336,4160
train_102.jpg,334,2738,394,2883,object,2336,4160
train_102.jpg,206,2690,299,2893,object,2336,4160
train_102.jpg,1478,1772,1571,1924,object,2336,4160
train_102.jpg,1367,1776,1470,1920,object,2336,4160
train_102.jpg,1232,1696,1358,1919,object,2336,4160
train_102.jpg,1087,1697,1231,1920,object,2336,4160
train_102.jpg,933,1686,1082,1920,object,2336,4160
train_102.jpg,748,1691,928,1895,object,2336,4160
train_102.jpg,509,1691,741,1895,object,2336,4160
train_102.jpg,294,1691,504,1895,object,2336,4160
train_102.jpg,140,1702,267,1900,object,2336,4160
train_102.jpg,729,2778,853,2898,object,2336,4160
train_102.jpg,113,2684,200,2888,object,2336,4160
train_102.jpg,10,1692,122,1875,object,2336,4160
train_102.jpg,2220,1476,2286,1647,object,2336,4160
train_102.jpg,2155,1478,2220,1641,object,2336,4160
train_102.jpg,1624,1437,1758,1631,object,2336,4160
train_102.jpg,1481,1434,1620,1626,object,2336,4160
train_102.jpg,1364,1428,1481,1626,object,2336,4160
train_102.jpg,1225,1429,1352,1631,object,2336,4160
train_102.jpg,648,1410,737,1596,object,2336,4160
train_102.jpg,541,1409,633,1596,object,2336,4160
train_102.jpg,1102,1449,1222,1616,object,2336,4160
train_102.jpg,279,1419,410,1591,object,2336,4160
train_102.jpg,983,1452,1097,1611,object,2336,4160
train_102.jpg,863,1455,979,1611,object,2336,4160
train_102.jpg,858,2294,940,2594,object,2336,4160
train_102.jpg,0,2823,115,2888,object,2336,4160
train_102.jpg,858,2777,978,2918,object,2336,4160
train_102.jpg,879,2646,973,2773,object,2336,4160
train_102.jpg,981,2672,1062,2918,object,2336,4160
train_102.jpg,2090,2089,2179,2294,object,2336,4160
train_102.jpg,2180,2090,2251,2294,object,2336,4160
train_102.jpg,2255,2071,2340,2294,object,2336,4160
train_102.jpg,1895,2169,2049,2225,object,2336,4160
train_102.jpg,1671,2125,1819,2180,object,2336,4160
train_102.jpg,1651,2181,1818,2215,object,2336,4160
train_102.jpg,1445,2049,1561,2200,object,2336,4160
train_102.jpg,958,2332,1081,2594,object,2336,4160
train_102.jpg,1092,2334,1216,2607,object,2336,4160
train_102.jpg,1225,2352,1344,2609,object,2336,4160
train_102.jpg,1347,2367,1463,2599,object,2336,4160
train_102.jpg,1471,2356,1576,2599,object,2336,4160
train_102.jpg,1576,2327,1691,2604,object,2336,4160
train_102.jpg,1696,2276,1818,2579,object,2336,4160
train_102.jpg,1836,2302,1925,2609,object,2336,4160
train_102.jpg,2230,1841,2334,1945,object,2336,4160
train_102.jpg,2105,1837,2230,1940,object,2336,4160
train_102.jpg,1072,2666,1167,2923,object,2336,4160
train_102.jpg,1166,2676,1294,2915,object,2336,4160
train_102.jpg,1294,2684,1402,2937,object,2336,4160
train_102.jpg,1405,2680,1511,2933,object,2336,4160
train_102.jpg,1519,2713,1586,2937,object,2336,4160
train_102.jpg,1590,2710,1676,2938,object,2336,4160
train_102.jpg,763,2293,852,2584,object,2336,4160
train_102.jpg,1698,2684,1841,2940,object,2336,4160
train_102.jpg,2035,2832,2210,2948,object,2336,4160
train_102.jpg,2215,2408,2298,2624,object,2336,4160
train_102.jpg,2130,2409,2206,2621,object,2336,4160
train_102.jpg,2045,2408,2127,2624,object,2336,4160
train_102.jpg,1925,2299,2038,2627,object,2336,4160
train_102.jpg,1781,1722,1912,1915,object,2336,4160
train_102.jpg,1841,2684,1960,2948,object,2336,4160
train_102.jpg,658,2285,756,2573,object,2336,4160
train_102.jpg,414,1440,534,1591,object,2336,4160
train_102.jpg,2,1079,80,1302,object,2336,4160
train_102.jpg,40,1398,145,1581,object,2336,4160
train_102.jpg,434,2304,565,2579,object,2336,4160
train_102.jpg,1465,1122,1566,1312,object,2336,4160
train_102.jpg,1289,1117,1452,1309,object,2336,4160
train_102.jpg,1177,1111,1282,1317,object,2336,4160
train_102.jpg,1067,1155,1157,1307,object,2336,4160
train_102.jpg,994,1151,1067,1302,object,2336,4160
train_102.jpg,733,1114,853,1307,object,2336,4160
train_102.jpg,632,1117,733,1296,object,2336,4160
train_102.jpg,350,1094,474,1287,object,2336,4160
train_102.jpg,241,1092,349,1278,object,2336,4160
train_102.jpg,569,2283,658,2579,object,2336,4160
train_102.jpg,82,1072,140,1299,object,2336,4160
train_102.jpg,142,1079,224,1287,object,2336,4160
train_1020.jpg,1770,1187,1884,1412,object,1920,2560
train_1020.jpg,1305,591,1401,903,object,1920,2560
train_1020.jpg,839,2017,916,2254,object,1920,2560
train_1020.jpg,770,2022,837,2254,object,1920,2560
train_1020.jpg,699,2023,768,2250,object,1920,2560
train_1020.jpg,628,2032,693,2252,object,1920,2560
train_1020.jpg,566,2035,624,2251,object,1920,2560
train_1020.jpg,506,2031,562,2251,object,1920,2560
train_1020.jpg,1157,1708,1229,1973,object,1920,2560
train_1020.jpg,1045,1691,1136,1963,object,1920,2560
train_1020.jpg,945,1691,1037,1967,object,1920,2560
train_1020.jpg,439,2033,501,2249,object,1920,2560
train_1020.jpg,368,2026,438,2249,object,1920,2560
train_1020.jpg,1446,1459,1565,1668,object,1920,2560
train_1020.jpg,840,1691,934,1964,object,1920,2560
train_1020.jpg,744,1690,837,1957,object,1920,2560
train_1020.jpg,649,1732,732,1977,object,1920,2560
train_1020.jpg,593,1691,643,1923,object,1920,2560
train_1020.jpg,486,1718,564,1967,object,1920,2560
train_1020.jpg,1407,594,1494,899,object,1920,2560
train_1020.jpg,1518,531,1649,763,object,1920,2560
train_1020.jpg,1651,546,1701,764,object,1920,2560
train_1020.jpg,1711,547,1829,769,object,1920,2560
train_1020.jpg,1189,588,1291,902,object,1920,2560
train_1020.jpg,921,2010,997,2070,object,1920,2560
train_1020.jpg,924,2075,1000,2136,object,1920,2560
train_1020.jpg,924,2138,1000,2199,object,1920,2560
train_1020.jpg,1077,586,1180,900,object,1920,2560
train_1020.jpg,921,2204,1000,2251,object,1920,2560
train_1020.jpg,1494,1183,1626,1415,object,1920,2560
train_1020.jpg,1856,1546,1921,1637,object,1920,2560
train_1020.jpg,1848,1641,1922,1707,object,1920,2560
train_1020.jpg,1708,1459,1819,1673,object,1920,2560
train_1020.jpg,1580,1456,1697,1667,object,1920,2560
train_1020.jpg,1783,49,1920,417,object,1920,2560
train_1020.jpg,1653,72,1775,414,object,1920,2560
train_1020.jpg,1832,531,1920,775,object,1920,2560
train_1020.jpg,411,1704,484,1939,object,1920,2560
train_1020.jpg,964,590,1067,904,object,1920,2560
train_1020.jpg,1428,1756,1601,1977,object,1920,2560
train_1020.jpg,1346,1694,1398,1947,object,1920,2560
train_1020.jpg,1239,1722,1335,1995,object,1920,2560
train_1020.jpg,1632,1180,1763,1415,object,1920,2560
train_1020.jpg,342,1715,405,1956,object,1920,2560
train_1020.jpg,252,635,305,888,object,1920,2560
train_1020.jpg,728,573,816,902,object,1920,2560
train_1020.jpg,252,973,350,1274,object,1920,2560
train_1020.jpg,157,969,247,1270,object,1920,2560
train_1020.jpg,52,987,154,1265,object,1920,2560
train_1020.jpg,17,1363,95,1628,object,1920,2560
train_1020.jpg,101,1347,173,1622,object,1920,2560
train_1020.jpg,193,1359,266,1609,object,1920,2560
train_1020.jpg,269,1331,373,1604,object,1920,2560
train_1020.jpg,1008,2041,1099,2104,object,1920,2560
train_1020.jpg,141,1718,231,1967,object,1920,2560
train_1020.jpg,352,969,436,1271,object,1920,2560
train_1020.jpg,1358,1358,1439,1639,object,1920,2560
train_1020.jpg,1205,1342,1270,1619,object,1920,2560
train_1020.jpg,1091,1342,1189,1633,object,1920,2560
train_1020.jpg,1006,1341,1087,1601,object,1920,2560
train_1020.jpg,900,1330,996,1591,object,1920,2560
train_1020.jpg,795,1328,891,1590,object,1920,2560
train_1020.jpg,693,1363,789,1629,object,1920,2560
train_1020.jpg,598,1365,690,1632,object,1920,2560
train_1020.jpg,495,1359,593,1625,object,1920,2560
train_1020.jpg,393,1328,490,1601,object,1920,2560
train_1020.jpg,1276,1358,1352,1635,object,1920,2560
train_1020.jpg,852,588,957,902,object,1920,2560
train_1020.jpg,441,976,555,1272,object,1920,2560
train_1020.jpg,255,1708,340,1945,object,1920,2560
train_1020.jpg,597,573,707,901,object,1920,2560
train_1020.jpg,378,621,520,888,object,1920,2560
train_1020.jpg,311,631,375,892,object,1920,2560
train_1020.jpg,155,573,251,887,object,1920,2560
train_1020.jpg,0,562,133,893,object,1920,2560
train_1020.jpg,1779,856,1863,1107,object,1920,2560
train_1020.jpg,1677,855,1773,1101,object,1920,2560
train_1020.jpg,176,2002,266,2249,object,1920,2560
train_1020.jpg,78,1998,170,2256,object,1920,2560
train_1020.jpg,577,979,686,1273,object,1920,2560
train_1020.jpg,0,1998,73,2259,object,1920,2560
train_1020.jpg,1572,897,1669,1102,object,1920,2560
train_1020.jpg,1381,982,1476,1283,object,1920,2560
train_1020.jpg,1273,986,1377,1282,object,1920,2560
train_1020.jpg,1169,983,1268,1279,object,1920,2560
train_1020.jpg,1082,992,1167,1281,object,1920,2560
train_1020.jpg,985,987,1073,1276,object,1920,2560
train_1020.jpg,889,985,981,1276,object,1920,2560
train_1020.jpg,788,986,881,1276,object,1920,2560
train_1020.jpg,692,987,785,1277,object,1920,2560
train_1020.jpg,14,1694,130,1958,object,1920,2560
train_1020.jpg,1504,48,1644,416,object,1920,2560
train_1020.jpg,268,2012,365,2252,object,1920,2560
train_1020.jpg,1183,168,1280,483,object,1920,2560
train_1020.jpg,794,143,910,471,object,1920,2560
train_1020.jpg,677,181,785,466,object,1920,2560
train_1020.jpg,490,116,625,469,object,1920,2560
train_1020.jpg,306,145,433,466,object,1920,2560
train_1020.jpg,174,139,301,463,object,1920,2560
train_1020.jpg,1288,227,1356,483,object,1920,2560
train_1020.jpg,1011,2109,1104,2173,object,1920,2560
train_1020.jpg,1017,2178,1105,2211,object,1920,2560
train_1020.jpg,1018,2214,1109,2263,object,1920,2560
train_1020.jpg,1114,2011,1183,2253,object,1920,2560
train_1020.jpg,1308,2053,1431,2264,object,1920,2560
train_1020.jpg,1442,2056,1559,2267,object,1920,2560
train_1020.jpg,1571,2059,1694,2263,object,1920,2560
train_1020.jpg,1701,2024,1779,2208,object,1920,2560
train_1020.jpg,1783,2019,1882,2204,object,1920,2560
train_1020.jpg,924,151,1054,483,object,1920,2560
train_1020.jpg,1101,154,1180,486,object,1920,2560
train_1020.jpg,1780,1753,1921,1974,object,1920,2560
train_1021.jpg,337,1981,440,2180,object,1920,2560
train_1021.jpg,759,1972,860,2172,object,1920,2560
train_1021.jpg,646,1981,751,2167,object,1920,2560
train_1021.jpg,556,1985,642,2180,object,1920,2560
train_1021.jpg,446,1981,543,2183,object,1920,2560
train_1021.jpg,223,1989,317,2181,object,1920,2560
train_1021.jpg,121,1983,212,2180,object,1920,2560
train_1021.jpg,4,1977,117,2185,object,1920,2560
train_1021.jpg,1550,1615,1664,1805,object,1920,2560
train_1021.jpg,1452,1632,1541,1809,object,1920,2560
train_1021.jpg,1331,1630,1444,1801,object,1920,2560
train_1021.jpg,1237,1613,1321,1797,object,1920,2560
train_1021.jpg,1116,1613,1227,1801,object,1920,2560
train_1021.jpg,1029,1617,1106,1801,object,1920,2560
train_1021.jpg,916,1614,1004,1805,object,1920,2560
train_1021.jpg,806,1628,907,1807,object,1920,2560
train_1021.jpg,697,1631,797,1805,object,1920,2560
train_1021.jpg,583,1632,690,1805,object,1920,2560
train_1021.jpg,877,1969,965,2177,object,1920,2560
train_1021.jpg,979,1976,1096,2176,object,1920,2560
train_1021.jpg,1096,1977,1201,2169,object,1920,2560
train_1021.jpg,1210,1966,1303,2165,object,1920,2560
train_1021.jpg,34,2184,137,2352,object,1920,2560
train_1021.jpg,147,2184,251,2349,object,1920,2560
train_1021.jpg,258,2184,344,2349,object,1920,2560
train_1021.jpg,355,2188,470,2353,object,1920,2560
train_1021.jpg,470,2184,564,2352,object,1920,2560
train_1021.jpg,565,2186,665,2341,object,1920,2560
train_1021.jpg,688,2184,771,2339,object,1920,2560
train_1021.jpg,778,2184,877,2333,object,1920,2560
train_1021.jpg,493,1634,575,1812,object,1920,2560
train_1021.jpg,886,2176,963,2331,object,1920,2560
train_1021.jpg,1105,2176,1202,2356,object,1920,2560
train_1021.jpg,1210,2174,1300,2345,object,1920,2560
train_1021.jpg,1303,2176,1409,2342,object,1920,2560
train_1021.jpg,1414,2185,1511,2345,object,1920,2560
train_1021.jpg,1520,2180,1624,2343,object,1920,2560
train_1021.jpg,1527,1969,1636,2168,object,1920,2560
train_1021.jpg,1421,1970,1526,2169,object,1920,2560
train_1021.jpg,135,505,243,735,object,1920,2560
train_1021.jpg,987,2176,1100,2353,object,1920,2560
train_1021.jpg,380,1628,488,1812,object,1920,2560
train_1021.jpg,270,1628,367,1804,object,1920,2560
train_1021.jpg,164,1626,258,1812,object,1920,2560
train_1021.jpg,1041,1072,1154,1288,object,1920,2560
train_1021.jpg,932,1073,1040,1285,object,1920,2560
train_1021.jpg,818,1076,925,1288,object,1920,2560
train_1021.jpg,701,1080,804,1295,object,1920,2560
train_1021.jpg,1390,818,1507,1058,object,1920,2560
train_1021.jpg,1272,831,1382,1061,object,1920,2560
train_1021.jpg,1159,838,1264,1068,object,1920,2560
train_1021.jpg,1041,846,1152,1065,object,1920,2560
train_1021.jpg,1159,1069,1257,1272,object,1920,2560
train_1021.jpg,928,842,1037,1070,object,1920,2560
train_1021.jpg,693,853,804,1074,object,1920,2560
train_1021.jpg,579,856,684,1080,object,1920,2560
train_1021.jpg,450,853,574,1088,object,1920,2560
train_1021.jpg,333,863,445,1088,object,1920,2560
train_1021.jpg,215,853,334,1088,object,1920,2560
train_1021.jpg,106,856,203,1084,object,1920,2560
train_1021.jpg,9,512,125,752,object,1920,2560
train_1021.jpg,4,865,98,1086,object,1920,2560
train_1021.jpg,810,843,920,1069,object,1920,2560
train_1021.jpg,1671,2118,1851,2360,object,1920,2560
train_1021.jpg,1264,1067,1377,1264,object,1920,2560
train_1021.jpg,1507,1065,1624,1268,object,1920,2560
train_1021.jpg,59,1636,160,1813,object,1920,2560
train_1021.jpg,1550,1409,1686,1608,object,1920,2560
train_1021.jpg,1452,1422,1545,1628,object,1920,2560
train_1021.jpg,1335,1409,1444,1627,object,1920,2560
train_1021.jpg,1221,1413,1328,1617,object,1920,2560
train_1021.jpg,1123,1405,1219,1618,object,1920,2560
train_1021.jpg,1010,1409,1120,1613,object,1920,2560
train_1021.jpg,896,1413,1001,1614,object,1920,2560
train_1021.jpg,1390,1065,1493,1273,object,1920,2560
train_1021.jpg,799,1415,894,1621,object,1920,2560
train_1021.jpg,575,1422,680,1624,object,1920,2560
train_1021.jpg,454,1425,564,1624,object,1920,2560
train_1021.jpg,360,1427,453,1624,object,1920,2560
train_1021.jpg,251,1421,354,1621,object,1920,2560
train_1021.jpg,149,1430,241,1632,object,1920,2560
train_1021.jpg,39,1429,146,1634,object,1920,2560
train_1021.jpg,1792,1019,1914,1276,object,1920,2560
train_1021.jpg,1628,1061,1746,1272,object,1920,2560
train_1021.jpg,689,1417,786,1621,object,1920,2560
train_1021.jpg,1738,376,1921,711,object,1920,2560
train_1021.jpg,1315,1965,1411,2178,object,1920,2560
train_1021.jpg,1471,469,1585,716,object,1920,2560
train_1021.jpg,623,497,736,735,object,1920,2560
train_1021.jpg,1596,470,1718,712,object,1920,2560
train_1021.jpg,1597,208,1736,454,object,1920,2560
train_1021.jpg,734,499,853,736,object,1920,2560
train_1021.jpg,861,493,963,725,object,1920,2560
train_1021.jpg,972,485,1092,728,object,1920,2560
train_1021.jpg,1480,227,1592,451,object,1920,2560
train_1021.jpg,716,239,837,491,object,1920,2560
train_1021.jpg,599,242,712,489,object,1920,2560
train_1021.jpg,1343,229,1473,466,object,1920,2560
train_1021.jpg,478,247,595,492,object,1920,2560
train_1021.jpg,348,247,469,493,object,1920,2560
train_1021.jpg,497,498,622,736,object,1920,2560
train_1021.jpg,231,251,348,495,object,1920,2560
train_1021.jpg,4,251,103,506,object,1920,2560
train_1021.jpg,1221,223,1337,466,object,1920,2560
train_1021.jpg,1088,224,1218,470,object,1920,2560
train_1021.jpg,967,235,1086,473,object,1920,2560
train_1021.jpg,587,1084,686,1296,object,1920,2560
train_1021.jpg,470,1088,581,1293,object,1920,2560
train_1021.jpg,356,1098,469,1292,object,1920,2560
train_1021.jpg,243,1092,346,1291,object,1920,2560
train_1021.jpg,137,1094,236,1303,object,1920,2560
train_1021.jpg,16,1088,124,1306,object,1920,2560
train_1021.jpg,846,236,963,489,object,1920,2560
train_1021.jpg,1515,820,1643,1057,object,1920,2560
train_1021.jpg,106,246,222,501,object,1920,2560
train_1021.jpg,1648,814,1754,1051,object,1920,2560
train_1021.jpg,1793,724,1915,1006,object,1920,2560
train_1021.jpg,1244,479,1343,720,object,1920,2560
train_1021.jpg,1108,478,1233,722,object,1920,2560
train_1021.jpg,383,501,489,741,object,1920,2560
train_1021.jpg,249,505,384,740,object,1920,2560
train_1021.jpg,1354,470,1464,722,object,1920,2560
train_1022.jpg,893,1118,1006,1260,object,2448,3264
train_1022.jpg,770,1078,889,1257,object,2448,3264
train_1022.jpg,642,1507,751,1589,object,2448,3264
train_1022.jpg,623,1064,761,1276,object,2448,3264
train_1022.jpg,510,1061,620,1268,object,2448,3264
train_1022.jpg,650,1404,751,1496,object,2448,3264
train_1022.jpg,762,1388,911,1477,object,2448,3264
train_1022.jpg,754,1481,856,1589,object,2448,3264
train_1022.jpg,862,1482,972,1582,object,2448,3264
train_1022.jpg,978,1400,1067,1489,object,2448,3264
train_1022.jpg,975,1501,1094,1585,object,2448,3264
train_1022.jpg,1214,1427,1321,1598,object,2448,3264
train_1022.jpg,1330,1489,1434,1583,object,2448,3264
train_1022.jpg,1330,1381,1427,1492,object,2448,3264
train_1022.jpg,1597,1493,1727,1582,object,2448,3264
train_1022.jpg,394,1048,510,1266,object,2448,3264
train_1022.jpg,182,1044,382,1262,object,2448,3264
train_1022.jpg,2340,530,2448,865,object,2448,3264
train_1022.jpg,2243,546,2335,862,object,2448,3264
train_1022.jpg,2150,522,2242,860,object,2448,3264
train_1022.jpg,2077,527,2149,862,object,2448,3264
train_1022.jpg,1988,530,2076,860,object,2448,3264
train_1022.jpg,1098,1414,1195,1586,object,2448,3264
train_1022.jpg,758,2429,979,2508,object,2448,3264
train_1022.jpg,1342,541,1472,864,object,2448,3264
train_1022.jpg,1740,530,1861,870,object,2448,3264
train_1022.jpg,1655,1760,1770,1844,object,2448,3264
train_1022.jpg,657,649,738,866,object,2448,3264
train_1022.jpg,541,545,655,866,object,2448,3264
train_1022.jpg,456,545,544,874,object,2448,3264
train_1022.jpg,1671,1852,1818,1949,object,2448,3264
train_1022.jpg,1775,1431,1853,1599,object,2448,3264
train_1022.jpg,1856,1458,1960,1574,object,2448,3264
train_1022.jpg,340,545,453,876,object,2448,3264
train_1022.jpg,251,547,341,866,object,2448,3264
train_1022.jpg,143,549,251,865,object,2448,3264
train_1022.jpg,1791,2433,1914,2726,object,2448,3264
train_1022.jpg,1930,2502,2065,2765,object,2448,3264
train_1022.jpg,2069,2578,2173,2761,object,2448,3264
train_1022.jpg,309,1810,405,1942,object,2448,3264
train_1022.jpg,2332,1369,2436,1608,object,2448,3264
train_1022.jpg,2239,1404,2321,1589,object,2448,3264
train_1022.jpg,2181,1458,2236,1579,object,2448,3264
train_1022.jpg,1508,1771,1621,1858,object,2448,3264
train_1022.jpg,1868,525,1982,859,object,2448,3264
train_1022.jpg,1357,1771,1464,1857,object,2448,3264
train_1022.jpg,1489,1659,1626,1759,object,2448,3264
train_1022.jpg,1624,514,1734,850,object,2448,3264
train_1022.jpg,1477,544,1610,859,object,2448,3264
train_1022.jpg,1005,1141,1104,1268,object,2448,3264
train_1022.jpg,1203,540,1341,855,object,2448,3264
train_1022.jpg,1106,642,1196,861,object,2448,3264
train_1022.jpg,1021,641,1108,851,object,2448,3264
train_1022.jpg,924,654,1016,868,object,2448,3264
train_1022.jpg,839,655,923,851,object,2448,3264
train_1022.jpg,739,650,838,869,object,2448,3264
train_1022.jpg,889,2007,991,2157,object,2448,3264
train_1022.jpg,994,2158,1131,2288,object,2448,3264
train_1022.jpg,708,2131,850,2280,object,2448,3264
train_1022.jpg,588,2100,709,2174,object,2448,3264
train_1022.jpg,557,2208,667,2281,object,2448,3264
train_1022.jpg,394,2224,527,2291,object,2448,3264
train_1022.jpg,410,2139,542,2213,object,2448,3264
train_1022.jpg,236,2081,381,2290,object,2448,3264
train_1022.jpg,1207,1740,1349,1793,object,2448,3264
train_1022.jpg,1156,2061,1271,2147,object,2448,3264
train_1022.jpg,336,2479,495,2535,object,2448,3264
train_1022.jpg,1299,2030,1403,2084,object,2448,3264
train_1022.jpg,870,1655,986,1785,object,2448,3264
train_1022.jpg,2173,2576,2263,2790,object,2448,3264
train_1022.jpg,2293,2521,2358,2702,object,2448,3264
train_1022.jpg,859,1802,965,1928,object,2448,3264
train_1022.jpg,998,1802,1099,1893,object,2448,3264
train_1022.jpg,1005,1663,1102,1771,object,2448,3264
train_1022.jpg,1098,1791,1192,1916,object,2448,3264
train_1022.jpg,1218,1821,1339,1910,object,2448,3264
train_1022.jpg,1365,1860,1488,1960,object,2448,3264
train_1022.jpg,1535,1860,1663,1949,object,2448,3264
train_1022.jpg,1566,2603,1744,2727,object,2448,3264
train_1022.jpg,1551,2436,1734,2608,object,2448,3264
train_1022.jpg,2015,1083,2070,1233,object,2448,3264
train_1022.jpg,1296,2603,1508,2711,object,2448,3264
train_1022.jpg,2081,1376,2175,1593,object,2448,3264
train_1022.jpg,1307,2483,1481,2587,object,2448,3264
train_1022.jpg,1033,2355,1215,2526,object,2448,3264
train_1022.jpg,1005,2610,1247,2772,object,2448,3264
train_1022.jpg,770,2599,968,2704,object,2448,3264
train_1022.jpg,282,2587,487,2718,object,2448,3264
train_1022.jpg,1044,928,1155,1133,object,2448,3264
train_1022.jpg,1110,1125,1228,1256,object,2448,3264
train_1022.jpg,1230,1122,1328,1268,object,2448,3264
train_1022.jpg,1342,1056,1433,1156,object,2448,3264
train_1022.jpg,1342,1156,1441,1265,object,2448,3264
train_1022.jpg,1462,1160,1557,1271,object,2448,3264
train_1022.jpg,1566,1157,1655,1280,object,2448,3264
train_1022.jpg,1678,1114,1754,1219,object,2448,3264
train_1022.jpg,1829,1087,1904,1229,object,2448,3264
train_1022.jpg,1907,1083,1996,1220,object,2448,3264
train_1022.jpg,1276,2351,1486,2492,object,2448,3264
train_1022.jpg,1292,2127,1431,2211,object,2448,3264
train_1022.jpg,781,1647,875,1790,object,2448,3264
train_1022.jpg,522,1651,594,1723,object,2448,3264
train_1022.jpg,1423,2115,1551,2185,object,2448,3264
train_1022.jpg,1547,2030,1677,2088,object,2448,3264
train_1022.jpg,1562,2088,1682,2143,object,2448,3264
train_1022.jpg,1562,2139,1687,2194,object,2448,3264
train_1022.jpg,1705,2015,1762,2152,object,2448,3264
train_1022.jpg,1760,2010,1822,2154,object,2448,3264
train_1022.jpg,1829,2011,1916,2168,object,2448,3264
train_1022.jpg,1910,2025,1978,2162,object,2448,3264
train_1022.jpg,1752,2204,1889,2295,object,2448,3264
train_1022.jpg,1880,2203,2041,2297,object,2448,3264
train_1022.jpg,2050,2127,2163,2303,object,2448,3264
train_1022.jpg,2193,2239,2448,2301,object,2448,3264
train_1022.jpg,2061,2007,2201,2046,object,2448,3264
train_1022.jpg,2061,2042,2203,2114,object,2448,3264
train_1022.jpg,750,1802,851,1923,object,2448,3264
train_1022.jpg,336,2405,491,2458,object,2448,3264
train_1022.jpg,541,1508,640,1588,object,2448,3264
train_1022.jpg,538,1408,649,1499,object,2448,3264
train_1022.jpg,356,1392,486,1485,object,2448,3264
train_1022.jpg,429,1485,539,1593,object,2448,3264
train_1022.jpg,306,1493,422,1591,object,2448,3264
train_1022.jpg,236,1493,301,1575,object,2448,3264
train_1022.jpg,2193,1125,2291,1287,object,2448,3264
train_1022.jpg,2100,1075,2171,1241,object,2448,3264
train_1022.jpg,406,1792,510,1941,object,2448,3264
train_1022.jpg,414,1655,481,1734,object,2448,3264
train_1022.jpg,553,1779,630,1889,object,2448,3264
train_1022.jpg,638,1791,727,1916,object,2448,3264
train_1022.jpg,669,1663,766,1786,object,2448,3264
train_1022.jpg,611,1659,674,1756,object,2448,3264
train_1022.jpg,758,2510,971,2594,object,2448,3264
train_1022.jpg,1976,1446,2068,1596,object,2448,3264
train_1023.jpg,777,528,919,764,object,1920,2560
train_1023.jpg,209,1480,335,1641,object,1920,2560
train_1023.jpg,663,2121,714,2370,object,1920,2560
train_1023.jpg,715,2105,766,2373,object,1920,2560
train_1023.jpg,792,2133,947,2367,object,1920,2560
train_1023.jpg,964,2136,1123,2350,object,1920,2560
train_1023.jpg,1145,2146,1312,2357,object,1920,2560
train_1023.jpg,1452,2133,1638,2354,object,1920,2560
train_1023.jpg,1759,2066,1919,2241,object,1920,2560
train_1023.jpg,1765,1879,1921,2054,object,1920,2560
train_1023.jpg,1283,826,1442,1062,object,1920,2560
train_1023.jpg,1099,820,1249,1055,object,1920,2560
train_1023.jpg,915,832,1057,1051,object,1920,2560
train_1023.jpg,777,832,901,1055,object,1920,2560
train_1023.jpg,589,810,740,1030,object,1920,2560
train_1023.jpg,427,789,569,1043,object,1920,2560
train_1023.jpg,175,795,395,1032,object,1920,2560
train_1023.jpg,1529,556,1661,780,object,1920,2560
train_1023.jpg,1328,546,1450,792,object,1920,2560
train_1023.jpg,1169,510,1323,741,object,1920,2560
train_1023.jpg,0,144,128,428,object,1920,2560
train_1023.jpg,138,166,312,427,object,1920,2560
train_1023.jpg,325,184,540,451,object,1920,2560
train_1023.jpg,605,200,763,473,object,1920,2560
train_1023.jpg,820,166,994,458,object,1920,2560
train_1023.jpg,1102,153,1267,461,object,1920,2560
train_1023.jpg,1348,196,1494,462,object,1920,2560
train_1023.jpg,0,485,149,744,object,1920,2560
train_1023.jpg,178,500,370,754,object,1920,2560
train_1023.jpg,384,513,559,741,object,1920,2560
train_1023.jpg,955,559,1115,751,object,1920,2560
train_1023.jpg,581,2078,651,2360,object,1920,2560
train_1023.jpg,510,2078,579,2363,object,1920,2560
train_1023.jpg,344,2213,507,2370,object,1920,2560
train_1023.jpg,209,2106,328,2374,object,1920,2560
train_1023.jpg,77,1501,162,1647,object,1920,2560
train_1023.jpg,1317,1237,1520,1473,object,1920,2560
train_1023.jpg,1216,1341,1300,1453,object,1920,2560
train_1023.jpg,688,1418,783,1468,object,1920,2560
train_1023.jpg,1084,1301,1188,1476,object,1920,2560
train_1023.jpg,985,1311,1071,1467,object,1920,2560
train_1023.jpg,319,1237,437,1462,object,1920,2560
train_1023.jpg,203,1255,312,1468,object,1920,2560
train_1023.jpg,440,1314,550,1460,object,1920,2560
train_1023.jpg,562,1314,677,1466,object,1920,2560
train_1023.jpg,1464,853,1645,1117,object,1920,2560
train_1023.jpg,589,513,742,774,object,1920,2560
train_1023.jpg,721,1562,835,1639,object,1920,2560
train_1023.jpg,608,1489,720,1641,object,1920,2560
train_1023.jpg,844,1526,935,1642,object,1920,2560
train_1023.jpg,1059,1480,1207,1656,object,1920,2560
train_1023.jpg,43,2103,173,2372,object,1920,2560
train_1023.jpg,1449,1762,1588,1866,object,1920,2560
train_1023.jpg,1212,1737,1385,1842,object,1920,2560
train_1023.jpg,948,1783,1052,1834,object,1920,2560
train_1023.jpg,823,1667,938,1846,object,1920,2560
train_1023.jpg,706,1667,813,1855,object,1920,2560
train_1023.jpg,945,1507,1043,1645,object,1920,2560
train_1023.jpg,153,1805,266,1847,object,1920,2560
train_1023.jpg,402,1793,513,1845,object,1920,2560
train_1023.jpg,531,1667,645,1853,object,1920,2560
train_1023.jpg,272,1671,398,1862,object,1920,2560
train_1023.jpg,1369,1492,1547,1641,object,1920,2560
train_1023.jpg,1222,1492,1352,1666,object,1920,2560
train_1023.jpg,37,1808,137,1840,object,1920,2560
train_1025.jpg,134,1131,278,1306,object,2560,1920
train_1025.jpg,187,1310,276,1575,object,2560,1920
train_1025.jpg,278,1301,374,1573,object,2560,1920
train_1025.jpg,1945,118,2008,384,object,2560,1920
train_1025.jpg,2489,1243,2560,1483,object,2560,1920
train_1025.jpg,2425,1238,2489,1484,object,2560,1920
train_1025.jpg,2339,1235,2423,1485,object,2560,1920
train_1025.jpg,2243,1224,2336,1489,object,2560,1920
train_1025.jpg,2145,1224,2241,1493,object,2560,1920
train_1025.jpg,2009,102,2061,385,object,2560,1920
train_1025.jpg,2061,1397,2130,1491,object,2560,1920
train_1025.jpg,1918,1326,2009,1372,object,2560,1920
train_1025.jpg,1977,1456,2063,1499,object,2560,1920
train_1025.jpg,1979,1413,2060,1453,object,2560,1920
train_1025.jpg,1893,1458,1976,1507,object,2560,1920
train_1025.jpg,1802,1417,1873,1504,object,2560,1920
train_1025.jpg,1724,1251,1799,1505,object,2560,1920
train_1025.jpg,2016,1335,2089,1386,object,2560,1920
train_1025.jpg,1638,1299,1719,1514,object,2560,1920
train_1025.jpg,2063,99,2123,384,object,2560,1920
train_1025.jpg,2259,162,2387,389,object,2560,1920
train_1025.jpg,944,450,1058,781,object,2560,1920
train_1025.jpg,812,453,941,658,object,2560,1920
train_1025.jpg,785,659,874,826,object,2560,1920
train_1025.jpg,728,489,784,776,object,2560,1920
train_1025.jpg,635,488,725,778,object,2560,1920
train_1025.jpg,537,489,634,779,object,2560,1920
train_1025.jpg,2132,164,2256,385,object,2560,1920
train_1025.jpg,432,487,534,779,object,2560,1920
train_1025.jpg,84,1308,184,1570,object,2560,1920
train_1025.jpg,52,937,190,1103,object,2560,1920
train_1025.jpg,193,471,307,1126,object,2560,1920
train_1025.jpg,134,587,193,780,object,2560,1920
train_1025.jpg,20,482,134,779,object,2560,1920
train_1025.jpg,2391,205,2551,388,object,2560,1920
train_1025.jpg,325,489,432,778,object,2560,1920
train_1025.jpg,1162,500,1239,778,object,2560,1920
train_1025.jpg,1547,1301,1628,1516,object,2560,1920
train_1025.jpg,1369,1256,1450,1526,object,2560,1920
train_1025.jpg,1372,76,1444,373,object,2560,1920
train_1025.jpg,1301,59,1372,373,object,2560,1920
train_1025.jpg,1201,50,1299,369,object,2560,1920
train_1025.jpg,1140,61,1203,369,object,2560,1920
train_1025.jpg,1060,82,1140,369,object,2560,1920
train_1025.jpg,996,82,1060,369,object,2560,1920
train_1025.jpg,1476,64,1569,372,object,2560,1920
train_1025.jpg,930,66,996,369,object,2560,1920
train_1025.jpg,746,25,833,359,object,2560,1920
train_1025.jpg,644,23,746,357,object,2560,1920
train_1025.jpg,544,30,644,357,object,2560,1920
train_1025.jpg,378,27,492,353,object,2560,1920
train_1025.jpg,309,43,378,348,object,2560,1920
train_1025.jpg,237,34,309,348,object,2560,1920
train_1025.jpg,833,34,924,359,object,2560,1920
train_1025.jpg,1458,1258,1547,1520,object,2560,1920
train_1025.jpg,1570,61,1652,373,object,2560,1920
train_1025.jpg,1727,63,1810,380,object,2560,1920
train_1025.jpg,1292,1258,1368,1528,object,2560,1920
train_1025.jpg,1208,1260,1291,1534,object,2560,1920
train_1025.jpg,1115,1265,1206,1540,object,2560,1920
train_1025.jpg,1026,1260,1115,1543,object,2560,1920
train_1025.jpg,933,1265,1024,1547,object,2560,1920
train_1025.jpg,842,1226,932,1555,object,2560,1920
train_1025.jpg,1652,68,1726,379,object,2560,1920
train_1025.jpg,723,1238,839,1559,object,2560,1920
train_1025.jpg,478,1242,605,1572,object,2560,1920
train_1025.jpg,375,1297,477,1570,object,2560,1920
train_1025.jpg,1884,118,1945,380,object,2560,1920
train_1025.jpg,18,11,132,346,object,2560,1920
train_1025.jpg,132,45,237,346,object,2560,1920
train_1025.jpg,1811,132,1879,382,object,2560,1920
train_1025.jpg,607,1240,720,1565,object,2560,1920
train_1025.jpg,1244,505,1331,780,object,2560,1920
train_1025.jpg,1062,498,1158,778,object,2560,1920
train_1025.jpg,1422,503,1508,776,object,2560,1920
train_1025.jpg,562,855,684,1183,object,2560,1920
train_1025.jpg,48,1663,146,1901,object,2560,1920
train_1025.jpg,150,1667,249,1902,object,2560,1920
train_1025.jpg,250,1665,359,1903,object,2560,1920
train_1025.jpg,362,1656,471,1913,object,2560,1920
train_1025.jpg,471,1649,578,1906,object,2560,1920
train_1025.jpg,439,860,562,1181,object,2560,1920
train_1025.jpg,578,1647,680,1920,object,2560,1920
train_1025.jpg,783,1645,884,1908,object,2560,1920
train_1025.jpg,885,1640,977,1913,object,2560,1920
train_1025.jpg,980,1654,1054,1903,object,2560,1920
train_1025.jpg,1056,1654,1131,1921,object,2560,1920
train_1025.jpg,1133,1647,1187,1907,object,2560,1920
train_1025.jpg,1190,1652,1260,1916,object,2560,1920
train_1025.jpg,680,1645,781,1921,object,2560,1920
train_1025.jpg,1335,503,1422,780,object,2560,1920
train_1025.jpg,357,928,436,1187,object,2560,1920
train_1025.jpg,5,912,48,1194,object,2560,1920
train_1025.jpg,1661,499,1725,773,object,2560,1920
train_1025.jpg,1727,500,1780,775,object,2560,1920
train_1025.jpg,1781,546,1840,775,object,2560,1920
train_1025.jpg,1845,540,1900,773,object,2560,1920
train_1025.jpg,1900,471,1960,773,object,2560,1920
train_1025.jpg,1961,474,2029,773,object,2560,1920
train_1025.jpg,307,903,352,1189,object,2560,1920
train_1025.jpg,2034,505,2088,771,object,2560,1920
train_1025.jpg,2147,553,2225,771,object,2560,1920
train_1025.jpg,2229,529,2289,769,object,2560,1920
train_1025.jpg,2293,564,2352,772,object,2560,1920
train_1025.jpg,2355,544,2422,772,object,2560,1920
train_1025.jpg,2420,566,2488,773,object,2560,1920
train_1025.jpg,2491,594,2560,774,object,2560,1920
train_1025.jpg,2091,504,2147,771,object,2560,1920
train_1025.jpg,1363,1648,1438,1911,object,2560,1920
train_1025.jpg,1263,1617,1362,1911,object,2560,1920
train_1025.jpg,1499,1637,1569,1897,object,2560,1920
train_1025.jpg,1442,1638,1497,1898,object,2560,1920
train_1025.jpg,1813,965,1880,1149,object,2560,1920
train_1025.jpg,1879,874,1956,1146,object,2560,1920
train_1025.jpg,1956,869,2035,1146,object,2560,1920
train_1025.jpg,2072,933,2133,1144,object,2560,1920
train_1025.jpg,2036,933,2072,1136,object,2560,1920
train_1025.jpg,1476,888,1562,1158,object,2560,1920
train_1025.jpg,2157,936,2237,1136,object,2560,1920
train_1025.jpg,2329,908,2411,1138,object,2560,1920
train_1025.jpg,2414,908,2492,1138,object,2560,1920
train_1025.jpg,2493,874,2562,1139,object,2560,1920
train_1025.jpg,0,1265,83,1567,object,2560,1920
train_1025.jpg,1595,507,1656,777,object,2560,1920
train_1025.jpg,1508,505,1595,773,object,2560,1920
train_1025.jpg,2250,937,2327,1144,object,2560,1920
train_1025.jpg,1395,892,1475,1158,object,2560,1920
train_1025.jpg,1731,858,1798,1150,object,2560,1920
train_1025.jpg,1224,891,1313,1165,object,2560,1920
train_1025.jpg,1572,1631,1685,1897,object,2560,1920
train_1025.jpg,1688,1613,1794,1882,object,2560,1920
train_1025.jpg,1797,1613,1901,1870,object,2560,1920
train_1025.jpg,1915,1640,2004,1882,object,2560,1920
train_1025.jpg,1313,889,1395,1162,object,2560,1920
train_1025.jpg,2107,1588,2213,1856,object,2560,1920
train_1025.jpg,2220,1583,2322,1855,object,2560,1920
train_1025.jpg,2009,1586,2104,1859,object,2560,1920
train_1025.jpg,2436,1617,2555,1859,object,2560,1920
train_1025.jpg,687,855,807,1175,object,2560,1920
train_1025.jpg,808,853,922,1174,object,2560,1920
train_1025.jpg,924,896,1012,1170,object,2560,1920
train_1025.jpg,1017,896,1108,1172,object,2560,1920
train_1025.jpg,1126,892,1220,1165,object,2560,1920
train_1025.jpg,2323,1581,2430,1847,object,2560,1920
train_1026.jpg,1390,1458,1475,1531,object,2448,3264
train_1026.jpg,1795,1348,1937,1441,object,2448,3264
train_1026.jpg,1653,1348,1791,1437,object,2448,3264
train_1026.jpg,1490,1369,1637,1445,object,2448,3264
train_1026.jpg,1211,1373,1261,1506,object,2448,3264
train_1026.jpg,1395,1369,1475,1449,object,2448,3264
train_1026.jpg,2295,766,2418,1116,object,2448,3264
train_1026.jpg,1221,1211,1331,1273,object,2448,3264
train_1026.jpg,1448,305,1599,397,object,2448,3264
train_1026.jpg,1442,400,1591,491,object,2448,3264
train_1026.jpg,1606,395,1765,494,object,2448,3264
train_1026.jpg,1604,497,1757,595,object,2448,3264
train_1026.jpg,1442,497,1598,598,object,2448,3264
train_1026.jpg,1448,605,1595,694,object,2448,3264
train_1026.jpg,1606,603,1762,694,object,2448,3264
train_1026.jpg,105,848,232,886,object,2448,3264
train_1026.jpg,104,894,225,925,object,2448,3264
train_1026.jpg,97,929,230,958,object,2448,3264
train_1026.jpg,100,965,226,991,object,2448,3264
train_1026.jpg,100,999,229,1027,object,2448,3264
train_1026.jpg,100,1033,230,1059,object,2448,3264
train_1026.jpg,105,1069,229,1106,object,2448,3264
train_1026.jpg,5,890,87,921,object,2448,3264
train_1026.jpg,0,932,72,973,object,2448,3264
train_1026.jpg,0,979,74,1017,object,2448,3264
train_1026.jpg,0,1037,84,1104,object,2448,3264
train_1026.jpg,253,948,372,1024,object,2448,3264
train_1026.jpg,1611,300,1773,390,object,2448,3264
train_1026.jpg,1774,611,1920,692,object,2448,3264
train_1026.jpg,1927,605,2072,692,object,2448,3264
train_1026.jpg,1922,549,2066,595,object,2448,3264
train_1026.jpg,2348,1186,2447,1532,object,2448,3264
train_1026.jpg,2216,1199,2341,1527,object,2448,3264
train_1026.jpg,2106,1202,2211,1532,object,2448,3264
train_1026.jpg,1537,1037,1693,1119,object,2448,3264
train_1026.jpg,1379,1042,1521,1115,object,2448,3264
train_1026.jpg,1695,1037,1836,1116,object,2448,3264
train_1026.jpg,1700,984,1808,1031,object,2448,3264
train_1026.jpg,1540,950,1690,1031,object,2448,3264
train_1026.jpg,0,479,104,570,object,2448,3264
train_1026.jpg,262,1028,394,1106,object,2448,3264
train_1026.jpg,0,374,97,471,object,2448,3264
train_1026.jpg,1211,1016,1357,1116,object,2448,3264
train_1026.jpg,1211,932,1365,1007,object,2448,3264
train_1026.jpg,1216,869,1394,928,object,2448,3264
train_1026.jpg,1960,1448,2101,1531,object,2448,3264
train_1026.jpg,1797,1444,1945,1535,object,2448,3264
train_1026.jpg,1648,1442,1790,1527,object,2448,3264
train_1026.jpg,1485,1453,1633,1537,object,2448,3264
train_1026.jpg,1953,1348,2094,1439,object,2448,3264
train_1026.jpg,1774,549,1914,600,object,2448,3264
train_1026.jpg,1379,953,1521,1037,object,2448,3264
train_1026.jpg,1227,1285,1324,1352,object,2448,3264
train_1026.jpg,400,816,544,962,object,2448,3264
train_1026.jpg,400,969,545,1107,object,2448,3264
train_1026.jpg,142,1290,297,1387,object,2448,3264
train_1026.jpg,311,1295,461,1378,object,2448,3264
train_1026.jpg,490,1261,604,1389,object,2448,3264
train_1026.jpg,632,1257,737,1385,object,2448,3264
train_1026.jpg,142,1390,304,1519,object,2448,3264
train_1026.jpg,316,1390,463,1520,object,2448,3264
train_1026.jpg,474,1395,603,1525,object,2448,3264
train_1026.jpg,605,1395,736,1523,object,2448,3264
train_1026.jpg,748,1253,886,1342,object,2448,3264
train_1026.jpg,895,1258,1042,1345,object,2448,3264
train_1026.jpg,895,1348,1044,1444,object,2448,3264
train_1026.jpg,753,1353,890,1432,object,2448,3264
train_1026.jpg,753,1437,888,1529,object,2448,3264
train_1026.jpg,900,1448,1041,1527,object,2448,3264
train_1026.jpg,1053,1274,1190,1360,object,2448,3264
train_1026.jpg,1050,1364,1175,1437,object,2448,3264
train_1026.jpg,1048,1448,1178,1532,object,2448,3264
train_1026.jpg,1374,1216,1482,1278,object,2448,3264
train_1026.jpg,1385,1291,1499,1358,object,2448,3264
train_1026.jpg,1049,1178,1191,1266,object,2448,3264
train_1026.jpg,911,1185,1019,1248,object,2448,3264
train_1026.jpg,753,1179,879,1246,object,2448,3264
train_1026.jpg,168,1158,316,1196,object,2448,3264
train_1026.jpg,553,969,704,1109,object,2448,3264
train_1026.jpg,716,832,871,928,object,2448,3264
train_1026.jpg,874,832,1041,936,object,2448,3264
train_1026.jpg,1058,848,1179,932,object,2448,3264
train_1026.jpg,0,274,100,367,object,2448,3264
train_1026.jpg,153,229,279,258,object,2448,3264
train_1026.jpg,721,932,870,1017,object,2448,3264
train_1026.jpg,890,937,1045,1027,object,2448,3264
train_1026.jpg,1058,937,1196,1023,object,2448,3264
train_1026.jpg,553,819,695,958,object,2448,3264
train_1026.jpg,716,1027,884,1112,object,2448,3264
train_1026.jpg,1058,1032,1192,1115,object,2448,3264
train_1026.jpg,5,1285,133,1325,object,2448,3264
train_1026.jpg,0,1332,132,1375,object,2448,3264
train_1026.jpg,0,1385,132,1431,object,2448,3264
train_1026.jpg,0,1442,126,1517,object,2448,3264
train_1026.jpg,137,1200,293,1286,object,2448,3264
train_1026.jpg,305,1206,462,1291,object,2448,3264
train_1026.jpg,337,1163,480,1200,object,2448,3264
train_1026.jpg,2169,771,2282,1116,object,2448,3264
train_1026.jpg,890,1032,1048,1116,object,2448,3264
train_1026.jpg,1995,927,2151,1021,object,2448,3264
train_1026.jpg,532,3042,658,3127,object,2448,3264
train_1026.jpg,1848,1032,1990,1119,object,2448,3264
train_1026.jpg,147,2116,280,2197,object,2448,3264
train_1026.jpg,295,2116,432,2198,object,2448,3264
train_1026.jpg,274,2206,422,2301,object,2448,3264
train_1026.jpg,149,2201,272,2276,object,2448,3264
train_1026.jpg,2374,2393,2447,2674,object,2448,3264
train_1026.jpg,2269,2384,2361,2680,object,2448,3264
train_1026.jpg,2164,2386,2258,2674,object,2448,3264
train_1026.jpg,2085,2381,2158,2669,object,2448,3264
train_1026.jpg,1943,2390,2068,2436,object,2448,3264
train_1026.jpg,1927,2443,2069,2485,object,2448,3264
train_1026.jpg,1932,2495,2064,2535,object,2448,3264
train_1026.jpg,1937,2543,2078,2581,object,2448,3264
train_1026.jpg,1937,2585,2073,2624,object,2448,3264
train_1026.jpg,1927,2632,2069,2673,object,2448,3264
train_1026.jpg,1769,2411,1914,2498,object,2448,3264
train_1026.jpg,1774,2501,1908,2576,object,2448,3264
train_1026.jpg,1785,2585,1920,2666,object,2448,3264
train_1026.jpg,1632,2374,1739,2428,object,2448,3264
train_1026.jpg,1632,2480,1761,2590,object,2448,3264
train_1026.jpg,311,2011,440,2093,object,2448,3264
train_1026.jpg,1643,2595,1774,2672,object,2448,3264
train_1026.jpg,137,2022,276,2107,object,2448,3264
train_1026.jpg,0,2153,105,2228,object,2448,3264
train_1026.jpg,1058,2122,1192,2211,object,2448,3264
train_1026.jpg,1058,2216,1198,2305,object,2448,3264
train_1026.jpg,998,2124,1042,2212,object,2448,3264
train_1026.jpg,1020,2224,1052,2306,object,2448,3264
train_1026.jpg,979,2218,1016,2303,object,2448,3264
train_1026.jpg,900,2132,987,2216,object,2448,3264
train_1026.jpg,900,2222,977,2302,object,2448,3264
train_1026.jpg,784,2006,898,2074,object,2448,3264
train_1026.jpg,811,2122,891,2210,object,2448,3264
train_1026.jpg,811,2222,892,2303,object,2448,3264
train_1026.jpg,721,2127,804,2216,object,2448,3264
train_1026.jpg,721,2222,804,2302,object,2448,3264
train_1026.jpg,495,2022,634,2112,object,2448,3264
train_1026.jpg,648,2001,754,2077,object,2448,3264
train_1026.jpg,584,2132,713,2210,object,2448,3264
train_1026.jpg,437,2116,574,2207,object,2448,3264
train_1026.jpg,437,2211,570,2290,object,2448,3264
train_1026.jpg,579,2220,715,2298,object,2448,3264
train_1026.jpg,0,2043,104,2145,object,2448,3264
train_1026.jpg,0,2237,116,2312,object,2448,3264
train_1026.jpg,1207,2218,1344,2306,object,2448,3264
train_1026.jpg,1458,2380,1600,2474,object,2448,3264
train_1026.jpg,1037,2516,1169,2582,object,2448,3264
train_1026.jpg,769,0,908,88,object,2448,3264
train_1026.jpg,915,3,1054,86,object,2448,3264
train_1026.jpg,1069,8,1210,89,object,2448,3264
train_1026.jpg,1221,9,1361,89,object,2448,3264
train_1026.jpg,909,91,1056,176,object,2448,3264
train_1026.jpg,1066,95,1206,184,object,2448,3264
train_1026.jpg,1211,96,1349,179,object,2448,3264
train_1026.jpg,442,179,601,263,object,2448,3264
train_1026.jpg,605,183,749,263,object,2448,3264
train_1026.jpg,753,183,896,263,object,2448,3264
train_1026.jpg,905,188,1049,263,object,2448,3264
train_1026.jpg,1058,192,1204,268,object,2448,3264
train_1026.jpg,1211,186,1337,268,object,2448,3264
train_1026.jpg,732,316,877,412,object,2448,3264
train_1026.jpg,890,311,1040,412,object,2448,3264
train_1026.jpg,1053,317,1198,411,object,2448,3264
train_1026.jpg,1206,332,1337,425,object,2448,3264
train_1026.jpg,1346,291,1436,444,object,2448,3264
train_1026.jpg,1843,932,1979,1024,object,2448,3264
train_1026.jpg,763,88,902,176,object,2448,3264
train_1026.jpg,1174,2401,1286,2470,object,2448,3264
train_1026.jpg,611,86,759,176,object,2448,3264
train_1026.jpg,616,1,766,74,object,2448,3264
train_1026.jpg,1027,2595,1170,2641,object,2448,3264
train_1026.jpg,1032,2645,1169,2685,object,2448,3264
train_1026.jpg,1190,2474,1290,2539,object,2448,3264
train_1026.jpg,1311,2469,1440,2585,object,2448,3264
train_1026.jpg,1321,2590,1442,2663,object,2448,3264
train_1026.jpg,1464,2569,1607,2670,object,2448,3264
train_1026.jpg,1464,2480,1599,2560,object,2448,3264
train_1026.jpg,1195,2548,1296,2609,object,2448,3264
train_1026.jpg,1200,2616,1310,2677,object,2448,3264
train_1026.jpg,1069,2374,1160,2427,object,2448,3264
train_1026.jpg,932,2506,1017,2588,object,2448,3264
train_1026.jpg,927,2595,1013,2676,object,2448,3264
train_1026.jpg,447,2406,584,2499,object,2448,3264
train_1026.jpg,611,2395,761,2464,object,2448,3264
train_1026.jpg,748,2495,832,2586,object,2448,3264
train_1026.jpg,837,2501,923,2585,object,2448,3264
train_1026.jpg,842,2595,919,2676,object,2448,3264
train_1026.jpg,748,2590,834,2669,object,2448,3264
train_1026.jpg,463,4,608,83,object,2448,3264
train_1026.jpg,453,87,592,168,object,2448,3264
train_1026.jpg,732,509,880,598,object,2448,3264
train_1026.jpg,1348,2222,1487,2308,object,2448,3264
train_1026.jpg,1206,2127,1339,2215,object,2448,3264
train_1026.jpg,600,1837,742,1912,object,2448,3264
train_1026.jpg,447,1836,591,1912,object,2448,3264
train_1026.jpg,447,1795,590,1831,object,2448,3264
train_1026.jpg,453,1737,588,1785,object,2448,3264
train_1026.jpg,463,1685,591,1723,object,2448,3264
train_1026.jpg,463,1643,590,1677,object,2448,3264
train_1026.jpg,458,1595,608,1632,object,2448,3264
train_1026.jpg,605,1743,746,1782,object,2448,3264
train_1026.jpg,605,1695,742,1737,object,2448,3264
train_1026.jpg,605,1643,741,1685,object,2448,3264
train_1026.jpg,748,1669,890,1753,object,2448,3264
train_1026.jpg,900,1665,1046,1756,object,2448,3264
train_1026.jpg,748,1758,890,1837,object,2448,3264
train_1026.jpg,900,1761,1042,1837,object,2448,3264
train_1026.jpg,1048,1745,1187,1832,object,2448,3264
train_1026.jpg,1049,1847,1195,1923,object,2448,3264
train_1026.jpg,900,1843,1037,1922,object,2448,3264
train_1026.jpg,748,1843,894,1923,object,2448,3264
train_1026.jpg,5,1700,101,1739,object,2448,3264
train_1026.jpg,600,1790,740,1828,object,2448,3264
train_1026.jpg,5,1758,96,1827,object,2448,3264
train_1026.jpg,400,600,554,678,object,2448,3264
train_1026.jpg,569,500,724,591,object,2448,3264
train_1026.jpg,548,300,716,395,object,2448,3264
train_1026.jpg,390,300,544,390,object,2448,3264
train_1026.jpg,268,607,392,674,object,2448,3264
train_1026.jpg,258,528,391,601,object,2448,3264
train_1026.jpg,253,449,384,523,object,2448,3264
train_1026.jpg,254,362,378,442,object,2448,3264
train_1026.jpg,116,654,261,679,object,2448,3264
train_1026.jpg,113,620,245,649,object,2448,3264
train_1026.jpg,116,591,243,615,object,2448,3264
train_1026.jpg,111,558,241,584,object,2448,3264
train_1026.jpg,105,525,238,553,object,2448,3264
train_1026.jpg,111,492,245,516,object,2448,3264
train_1026.jpg,111,455,243,484,object,2448,3264
train_1026.jpg,111,426,245,451,object,2448,3264
train_1026.jpg,116,390,246,420,object,2448,3264
train_1026.jpg,0,579,99,670,object,2448,3264
train_1026.jpg,390,400,542,497,object,2448,3264
train_1026.jpg,569,400,723,488,object,2448,3264
train_1026.jpg,400,505,551,596,object,2448,3264
train_1026.jpg,563,600,721,680,object,2448,3264
train_1026.jpg,1348,2122,1498,2216,object,2448,3264
train_1026.jpg,0,1843,80,1918,object,2448,3264
train_1026.jpg,284,1669,441,1704,object,2448,3264
train_1026.jpg,1658,1836,1798,1927,object,2448,3264
train_1026.jpg,1511,1837,1649,1923,object,2448,3264
train_1026.jpg,1358,1837,1507,1920,object,2448,3264
train_1026.jpg,1194,1735,1341,1825,object,2448,3264
train_1026.jpg,1200,1832,1352,1923,object,2448,3264
train_1026.jpg,2374,1997,2448,2295,object,2448,3264
train_1026.jpg,2285,1997,2364,2290,object,2448,3264
train_1026.jpg,2174,1994,2278,2306,object,2448,3264
train_1026.jpg,1669,2001,1802,2103,object,2448,3264
train_1026.jpg,1816,2007,1956,2106,object,2448,3264
train_1026.jpg,1958,2070,2090,2116,object,2448,3264
train_1026.jpg,1958,2123,2089,2169,object,2448,3264
train_1026.jpg,1957,2178,2091,2218,object,2448,3264
train_1026.jpg,1958,2224,2086,2290,object,2448,3264
train_1026.jpg,1669,2106,1810,2203,object,2448,3264
train_1026.jpg,1816,2111,1947,2203,object,2448,3264
train_1026.jpg,1811,2206,1947,2302,object,2448,3264
train_1026.jpg,1674,2211,1798,2301,object,2448,3264
train_1026.jpg,1211,1994,1319,2027,object,2448,3264
train_1026.jpg,1653,1743,1791,1829,object,2448,3264
train_1026.jpg,105,1674,267,1712,object,2448,3264
train_1026.jpg,1519,1732,1643,1827,object,2448,3264
train_1026.jpg,1206,1627,1344,1719,object,2448,3264
train_1026.jpg,116,1716,265,1747,object,2448,3264
train_1026.jpg,271,1712,438,1753,object,2448,3264
train_1026.jpg,284,1757,428,1790,object,2448,3264
train_1026.jpg,284,1794,426,1832,object,2448,3264
train_1026.jpg,284,1837,438,1910,object,2448,3264
train_1026.jpg,126,1753,276,1783,object,2448,3264
train_1026.jpg,126,1795,274,1825,object,2448,3264
train_1026.jpg,111,1829,284,1912,object,2448,3264
train_1026.jpg,2385,1591,2447,1927,object,2448,3264
train_1026.jpg,2274,1595,2373,1922,object,2448,3264
train_1026.jpg,2169,1596,2264,1922,object,2448,3264
train_1026.jpg,2085,1596,2164,1922,object,2448,3264
train_1026.jpg,1995,1674,2064,1816,object,2448,3264
train_1026.jpg,1916,1673,1990,1812,object,2448,3264
train_1026.jpg,1943,1831,2081,1927,object,2448,3264
train_1026.jpg,1795,1711,1908,1818,object,2448,3264
train_1026.jpg,1800,1832,1933,1929,object,2448,3264
train_1026.jpg,1632,1643,1758,1721,object,2448,3264
train_1026.jpg,1498,1637,1619,1728,object,2448,3264
train_1026.jpg,1358,1735,1512,1831,object,2448,3264
train_1026.jpg,890,421,1037,504,object,2448,3264
train_1026.jpg,729,416,884,507,object,2448,3264
train_1026.jpg,1200,432,1335,513,object,2448,3264
train_1026.jpg,1932,11,2069,88,object,2448,3264
train_1026.jpg,158,5,301,37,object,2448,3264
train_1026.jpg,5,4,140,63,object,2448,3264
train_1026.jpg,2369,2780,2445,3119,object,2448,3264
train_1026.jpg,2258,2765,2355,3094,object,2448,3264
train_1026.jpg,2151,2770,2232,3090,object,2448,3264
train_1026.jpg,2061,2774,2144,3098,object,2448,3264
train_1026.jpg,1922,3073,2056,3106,object,2448,3264
train_1026.jpg,1927,3031,2039,3064,object,2448,3264
train_1026.jpg,1927,2998,2045,3027,object,2448,3264
train_1026.jpg,1922,2960,2048,2996,object,2448,3264
train_1026.jpg,1922,2936,2048,2957,object,2448,3264
train_1026.jpg,1916,2898,2037,2932,object,2448,3264
train_1026.jpg,1048,421,1195,507,object,2448,3264
train_1026.jpg,1906,2817,2048,2892,object,2448,3264
train_1026.jpg,1700,2811,1845,2923,object,2448,3264
train_1026.jpg,1779,2938,1914,3031,object,2448,3264
train_1026.jpg,1785,3038,1914,3114,object,2448,3264
train_1026.jpg,1632,3043,1774,3126,object,2448,3264
train_1026.jpg,1500,3006,1621,3119,object,2448,3264
train_1026.jpg,1500,2848,1632,2996,object,2448,3264
train_1026.jpg,1369,2990,1490,3127,object,2448,3264
train_1026.jpg,1063,3093,1212,3127,object,2448,3264
train_1026.jpg,1058,3060,1206,3085,object,2448,3264
train_1026.jpg,1048,3022,1206,3056,object,2448,3264
train_1026.jpg,1232,3057,1365,3127,object,2448,3264
train_1026.jpg,1227,2971,1353,3048,object,2448,3264
train_1026.jpg,1053,2978,1207,3017,object,2448,3264
train_1026.jpg,1637,2943,1774,3032,object,2448,3264
train_1026.jpg,1927,190,2068,279,object,2448,3264
train_1026.jpg,1774,184,1916,274,object,2448,3264
train_1026.jpg,1779,95,1920,182,object,2448,3264
train_1026.jpg,2001,1027,2160,1119,object,2448,3264
train_1026.jpg,290,226,436,258,object,2448,3264
train_1026.jpg,300,188,434,222,object,2448,3264
train_1026.jpg,158,188,282,221,object,2448,3264
train_1026.jpg,304,136,438,180,object,2448,3264
train_1026.jpg,153,137,286,176,object,2448,3264
train_1026.jpg,305,91,446,132,object,2448,3264
train_1026.jpg,153,92,296,132,object,2448,3264
train_1026.jpg,0,176,120,258,object,2448,3264
train_1026.jpg,0,71,121,168,object,2448,3264
train_1026.jpg,305,43,445,84,object,2448,3264
train_1026.jpg,153,46,293,84,object,2448,3264
train_1026.jpg,311,5,458,37,object,2448,3264
train_1026.jpg,1774,453,1914,537,object,2448,3264
train_1026.jpg,1927,453,2066,544,object,2448,3264
train_1026.jpg,2079,605,2218,694,object,2448,3264
train_1026.jpg,2074,542,2219,596,object,2448,3264
train_1026.jpg,2227,353,2323,698,object,2448,3264
train_1026.jpg,2337,350,2451,695,object,2448,3264
train_1026.jpg,1354,179,1441,268,object,2448,3264
train_1026.jpg,1364,93,1448,174,object,2448,3264
train_1026.jpg,1369,4,1456,76,object,2448,3264
train_1026.jpg,1448,187,1589,268,object,2448,3264
train_1026.jpg,1458,89,1594,179,object,2448,3264
train_1026.jpg,1465,3,1604,83,object,2448,3264
train_1026.jpg,1600,184,1758,275,object,2448,3264
train_1026.jpg,1606,88,1766,179,object,2448,3264
train_1026.jpg,1614,0,1772,82,object,2448,3264
train_1026.jpg,1781,8,1923,88,object,2448,3264
train_1026.jpg,1364,2782,1478,2920,object,2448,3264
train_1026.jpg,1221,2848,1354,2965,object,2448,3264
train_1026.jpg,1927,95,2065,186,object,2448,3264
train_1026.jpg,916,3053,1050,3138,object,2448,3264
train_1026.jpg,163,2555,424,2576,object,2448,3264
train_1026.jpg,163,2532,430,2553,object,2448,3264
train_1026.jpg,163,2503,428,2527,object,2448,3264
train_1026.jpg,158,2470,429,2495,object,2448,3264
train_1026.jpg,147,2447,424,2469,object,2448,3264
train_1026.jpg,147,2416,417,2437,object,2448,3264
train_1026.jpg,142,2380,415,2411,object,2448,3264
train_1026.jpg,11,2586,154,2674,object,2448,3264
train_1026.jpg,11,2422,132,2489,object,2448,3264
train_1026.jpg,458,2611,604,2684,object,2448,3264
train_1026.jpg,453,2511,600,2606,object,2448,3264
train_1026.jpg,611,2595,740,2682,object,2448,3264
train_1026.jpg,616,2485,740,2580,object,2448,3264
train_1026.jpg,158,2580,425,2601,object,2448,3264
train_1026.jpg,732,605,886,690,object,2448,3264
train_1026.jpg,1042,511,1196,603,object,2448,3264
train_1026.jpg,1204,520,1337,605,object,2448,3264
train_1026.jpg,895,611,1042,688,object,2448,3264
train_1026.jpg,1053,611,1199,692,object,2448,3264
train_1026.jpg,1206,612,1339,694,object,2448,3264
train_1026.jpg,1348,453,1432,598,object,2448,3264
train_1026.jpg,1349,607,1439,691,object,2448,3264
train_1026.jpg,2332,7,2447,284,object,2448,3264
train_1026.jpg,2222,8,2324,283,object,2448,3264
train_1026.jpg,2074,16,2211,95,object,2448,3264
train_1026.jpg,2074,105,2214,190,object,2448,3264
train_1026.jpg,2079,195,2215,279,object,2448,3264
train_1026.jpg,1069,2859,1215,2965,object,2448,3264
train_1026.jpg,890,516,1033,603,object,2448,3264
train_1026.jpg,163,2602,442,2623,object,2448,3264
train_1026.jpg,5,2501,143,2580,object,2448,3264
train_1026.jpg,158,2653,442,2680,object,2448,3264
train_1026.jpg,790,3053,908,3131,object,2448,3264
train_1026.jpg,921,2969,1048,3048,object,2448,3264
train_1026.jpg,795,2974,912,3051,object,2448,3264
train_1026.jpg,921,2864,1048,2959,object,2448,3264
train_1026.jpg,168,2627,433,2648,object,2448,3264
train_1026.jpg,669,3101,786,3138,object,2448,3264
train_1026.jpg,674,3059,782,3096,object,2448,3264
train_1026.jpg,674,3015,787,3053,object,2448,3264
train_1026.jpg,669,2972,779,3011,object,2448,3264
train_1026.jpg,674,2932,783,2969,object,2448,3264
train_1026.jpg,671,2861,780,2927,object,2448,3264
train_1026.jpg,532,2952,655,3038,object,2448,3264
train_1026.jpg,526,2864,654,2943,object,2448,3264
train_1026.jpg,390,3049,523,3122,object,2448,3264
train_1026.jpg,390,2969,523,3039,object,2448,3264
train_1026.jpg,795,2874,913,2963,object,2448,3264
train_1026.jpg,226,2999,370,3065,object,2448,3264
train_1026.jpg,237,3072,370,3138,object,2448,3264
train_1026.jpg,526,2764,653,2853,object,2448,3264
train_1026.jpg,405,2764,517,2834,object,2448,3264
train_1026.jpg,232,2843,361,2924,object,2448,3264
train_1026.jpg,379,2885,511,2964,object,2448,3264
train_1026.jpg,0,2874,205,2957,object,2448,3264
train_1026.jpg,274,2748,394,2797,object,2448,3264
train_1026.jpg,0,3005,211,3032,object,2448,3264
train_1026.jpg,0,3038,201,3059,object,2448,3264
train_1026.jpg,0,3065,216,3090,object,2448,3264
train_1026.jpg,0,3097,216,3122,object,2448,3264
train_1026.jpg,217,2932,362,2992,object,2448,3264
train_1026.jpg,0,2969,209,2997,object,2448,3264
train_1027.jpg,1519,737,1681,772,object,1920,2560
train_1027.jpg,471,1011,644,1090,object,1920,2560
train_1027.jpg,1685,775,1839,838,object,1920,2560
train_1027.jpg,1842,782,1913,838,object,1920,2560
train_1027.jpg,1524,985,1684,1053,object,1920,2560
train_1027.jpg,1701,971,1866,1045,object,1920,2560
train_1027.jpg,1700,882,1883,966,object,1920,2560
train_1027.jpg,83,995,277,1094,object,1920,2560
train_1027.jpg,297,1003,467,1090,object,1920,2560
train_1027.jpg,652,998,800,1086,object,1920,2560
train_1027.jpg,1780,1102,1911,1169,object,1920,2560
train_1027.jpg,987,1004,1159,1086,object,1920,2560
train_1027.jpg,1160,1000,1330,1078,object,1920,2560
train_1027.jpg,1350,953,1493,1090,object,1920,2560
train_1027.jpg,1598,1130,1764,1239,object,1920,2560
train_1027.jpg,1775,1189,1919,1235,object,1920,2560
train_1027.jpg,1429,1185,1583,1251,object,1920,2560
train_1027.jpg,85,1191,236,1268,object,1920,2560
train_1027.jpg,248,1192,411,1272,object,1920,2560
train_1027.jpg,421,1177,580,1259,object,1920,2560
train_1027.jpg,1511,788,1683,838,object,1920,2560
train_1027.jpg,813,998,989,1086,object,1920,2560
train_1027.jpg,1325,811,1496,916,object,1920,2560
train_1027.jpg,1354,335,1521,413,object,1920,2560
train_1027.jpg,971,820,1125,911,object,1920,2560
train_1027.jpg,1660,235,1800,401,object,1920,2560
train_1027.jpg,1218,262,1323,413,object,1920,2560
train_1027.jpg,1102,270,1196,417,object,1920,2560
train_1027.jpg,910,231,1090,326,object,1920,2560
train_1027.jpg,913,333,1089,409,object,1920,2560
train_1027.jpg,574,232,748,413,object,1920,2560
train_1027.jpg,372,338,563,417,object,1920,2560
train_1027.jpg,1251,1195,1412,1259,object,1920,2560
train_1027.jpg,1090,1188,1239,1255,object,1920,2560
train_1027.jpg,921,1195,1077,1254,object,1920,2560
train_1027.jpg,750,1148,908,1193,object,1920,2560
train_1027.jpg,743,1202,914,1268,object,1920,2560
train_1027.jpg,586,1180,735,1263,object,1920,2560
train_1027.jpg,173,288,358,417,object,1920,2560
train_1027.jpg,8,265,165,413,object,1920,2560
train_1027.jpg,1813,224,1914,401,object,1920,2560
train_1027.jpg,1528,459,1647,628,object,1920,2560
train_1027.jpg,1664,458,1798,619,object,1920,2560
train_1027.jpg,1802,564,1911,640,object,1920,2560
train_1027.jpg,801,819,964,908,object,1920,2560
train_1027.jpg,648,833,796,917,object,1920,2560
train_1027.jpg,467,823,629,913,object,1920,2560
train_1027.jpg,273,818,458,921,object,1920,2560
train_1027.jpg,95,820,264,917,object,1920,2560
train_1027.jpg,1354,664,1523,723,object,1920,2560
train_1027.jpg,1173,661,1342,727,object,1920,2560
train_1027.jpg,1129,801,1301,906,object,1920,2560
train_1027.jpg,995,661,1160,731,object,1920,2560
train_1027.jpg,822,673,984,735,object,1920,2560
train_1027.jpg,644,655,813,735,object,1920,2560
train_1027.jpg,462,669,632,739,object,1920,2560
train_1027.jpg,300,595,471,652,object,1920,2560
train_1027.jpg,268,667,450,727,object,1920,2560
train_1027.jpg,78,658,255,743,object,1920,2560
train_1027.jpg,1813,516,1920,566,object,1920,2560
train_1027.jpg,820,587,979,657,object,1920,2560
train_1027.jpg,1747,1318,1913,1412,object,1920,2560
train_1027.jpg,1689,1683,1857,1775,object,1920,2560
train_1027.jpg,4,1169,74,1375,object,1920,2560
train_1027.jpg,1156,1653,1202,1809,object,1920,2560
train_1027.jpg,462,2122,612,2308,object,1920,2560
train_1027.jpg,285,2206,414,2230,object,1920,2560
train_1027.jpg,293,2235,443,2304,object,1920,2560
train_1027.jpg,284,2157,397,2203,object,1920,2560
train_1027.jpg,169,2166,277,2209,object,1920,2560
train_1027.jpg,140,2219,278,2296,object,1920,2560
train_1027.jpg,1,2102,124,2296,object,1920,2560
train_1027.jpg,1222,1650,1274,1813,object,1920,2560
train_1027.jpg,1288,1674,1336,1813,object,1920,2560
train_1027.jpg,1358,1662,1407,1817,object,1920,2560
train_1027.jpg,1420,1683,1491,1792,object,1920,2560
train_1027.jpg,1193,1893,1327,2031,object,1920,2560
train_1027.jpg,1052,1896,1185,1961,object,1920,2560
train_1027.jpg,1045,1977,1187,2031,object,1920,2560
train_1027.jpg,1594,1338,1741,1412,object,1920,2560
train_1027.jpg,941,1931,1030,2040,object,1920,2560
train_1027.jpg,1412,1466,1487,1590,object,1920,2560
train_1027.jpg,800,1887,925,1953,object,1920,2560
train_1027.jpg,780,1978,931,2036,object,1920,2560
train_1027.jpg,632,1974,780,2052,object,1920,2560
train_1027.jpg,467,1993,615,2056,object,1920,2560
train_1027.jpg,1098,1343,1250,1433,object,1920,2560
train_1027.jpg,937,1332,1085,1429,object,1920,2560
train_1027.jpg,776,1323,927,1433,object,1920,2560
train_1027.jpg,611,1337,766,1433,object,1920,2560
train_1027.jpg,446,1338,604,1433,object,1920,2560
train_1027.jpg,289,1336,437,1437,object,1920,2560
train_1027.jpg,124,1346,276,1445,object,1920,2560
train_1027.jpg,619,2098,757,2300,object,1920,2560
train_1027.jpg,776,2104,913,2293,object,1920,2560
train_1027.jpg,917,2097,1058,2283,object,1920,2560
train_1027.jpg,1074,2093,1218,2279,object,1920,2560
train_1027.jpg,1313,1509,1397,1586,object,1920,2560
train_1027.jpg,1193,1503,1297,1594,object,1920,2560
train_1027.jpg,1086,1492,1188,1590,object,1920,2560
train_1027.jpg,962,1484,1063,1602,object,1920,2560
train_1027.jpg,838,1492,934,1598,object,1920,2560
train_1027.jpg,706,1479,820,1610,object,1920,2560
train_1027.jpg,582,1471,702,1610,object,1920,2560
train_1027.jpg,458,1472,572,1610,object,1920,2560
train_1027.jpg,330,1482,452,1606,object,1920,2560
train_1027.jpg,136,1491,319,1610,object,1920,2560
train_1027.jpg,1842,1981,1922,2246,object,1920,2560
train_1027.jpg,1697,1999,1833,2254,object,1920,2560
train_1027.jpg,1557,2011,1691,2271,object,1920,2560
train_1027.jpg,1833,1815,1919,1924,object,1920,2560
train_1027.jpg,322,1994,458,2065,object,1920,2560
train_1027.jpg,1668,1824,1824,1945,object,1920,2560
train_1027.jpg,1866,1667,1919,1775,object,1920,2560
train_1027.jpg,314,1675,463,1821,object,1920,2560
train_1027.jpg,1499,1668,1684,1780,object,1920,2560
train_1027.jpg,1668,1509,1826,1602,object,1920,2560
train_1027.jpg,1507,1516,1653,1614,object,1920,2560
train_1027.jpg,1429,1352,1588,1420,object,1920,2560
train_1027.jpg,491,1671,654,1829,object,1920,2560
train_1027.jpg,665,1654,809,1813,object,1920,2560
train_1027.jpg,809,1671,971,1821,object,1920,2560
train_1027.jpg,991,1767,1149,1821,object,1920,2560
train_1027.jpg,972,1677,1135,1747,object,1920,2560
train_1027.jpg,1263,1339,1422,1420,object,1920,2560
train_1027.jpg,1387,2065,1526,2267,object,1920,2560
train_1027.jpg,1230,2086,1359,2275,object,1920,2560
train_1027.jpg,1478,1827,1663,1953,object,1920,2560
train_1027.jpg,153,2003,299,2065,object,1920,2560
train_1027.jpg,145,1694,308,1833,object,1920,2560
train_1027.jpg,301,1911,465,1986,object,1920,2560
train_1027.jpg,149,1918,289,1990,object,1920,2560
train_1027.jpg,1342,1900,1458,1994,object,1920,2560
train_1028.jpg,475,975,547,1124,object,1920,2560
train_1028.jpg,9,1569,98,1614,object,1920,2560
train_1028.jpg,22,1713,147,1768,object,1920,2560
train_1028.jpg,25,1772,161,1829,object,1920,2560
train_1028.jpg,164,1745,252,1865,object,1920,2560
train_1028.jpg,259,1754,356,1897,object,1920,2560
train_1028.jpg,356,1782,450,1920,object,1920,2560
train_1028.jpg,553,1797,654,1980,object,1920,2560
train_1028.jpg,3,1525,98,1566,object,1920,2560
train_1028.jpg,991,1932,1121,2129,object,1920,2560
train_1028.jpg,1125,1989,1253,2174,object,1920,2560
train_1028.jpg,1260,2004,1385,2215,object,1920,2560
train_1028.jpg,1388,2041,1525,2279,object,1920,2560
train_1028.jpg,456,1789,548,1919,object,1920,2560
train_1028.jpg,69,1450,219,1518,object,1920,2560
train_1028.jpg,1766,1516,1916,1739,object,1920,2560
train_1028.jpg,0,928,45,1113,object,1920,2560
train_1028.jpg,106,1200,149,1403,object,1920,2560
train_1028.jpg,156,1210,196,1403,object,1920,2560
train_1028.jpg,200,1210,248,1394,object,1920,2560
train_1028.jpg,253,1196,279,1394,object,1920,2560
train_1028.jpg,278,1185,319,1367,object,1920,2560
train_1028.jpg,322,1160,350,1366,object,1920,2560
train_1028.jpg,63,856,223,894,object,1920,2560
train_1028.jpg,1538,2154,1688,2327,object,1920,2560
train_1028.jpg,960,1682,1100,1733,object,1920,2560
train_1028.jpg,963,1632,1104,1673,object,1920,2560
train_1028.jpg,766,1625,953,1687,object,1920,2560
train_1028.jpg,763,1572,956,1620,object,1920,2560
train_1028.jpg,578,1600,754,1651,object,1920,2560
train_1028.jpg,341,731,406,981,object,1920,2560
train_1028.jpg,97,941,177,1126,object,1920,2560
train_1028.jpg,47,941,98,1118,object,1920,2560
train_1028.jpg,225,841,330,880,object,1920,2560
train_1028.jpg,1710,2213,1855,2394,object,1920,2560
train_1028.jpg,225,1466,389,1506,object,1920,2560
train_1028.jpg,72,1196,98,1394,object,1920,2560
train_1028.jpg,413,1641,575,1689,object,1920,2560
train_1028.jpg,424,1692,585,1725,object,1920,2560
train_1028.jpg,256,1600,394,1646,object,1920,2560
train_1028.jpg,263,1654,406,1704,object,1920,2560
train_1028.jpg,103,1554,231,1607,object,1920,2560
train_1028.jpg,106,1607,238,1650,object,1920,2560
train_1028.jpg,594,1732,766,1786,object,1920,2560
train_1028.jpg,216,206,276,464,object,1920,2560
train_1028.jpg,47,538,133,763,object,1920,2560
train_1028.jpg,139,530,216,772,object,1920,2560
train_1028.jpg,219,535,316,767,object,1920,2560
train_1028.jpg,1622,1950,1865,2033,object,1920,2560
train_1028.jpg,1614,2042,1889,2106,object,1920,2560
train_1028.jpg,1340,1929,1591,1984,object,1920,2560
train_1028.jpg,75,225,170,468,object,1920,2560
train_1028.jpg,1348,1895,1601,1925,object,1920,2560
train_1028.jpg,588,1675,762,1725,object,1920,2560
train_1028.jpg,778,1732,958,1784,object,1920,2560
train_1028.jpg,231,1510,385,1568,object,1920,2560
train_1028.jpg,394,1503,564,1550,object,1920,2560
train_1028.jpg,397,1554,566,1606,object,1920,2560
train_1028.jpg,572,1532,745,1597,object,1920,2560
train_1028.jpg,1113,1663,1257,1714,object,1920,2560
train_1028.jpg,1113,1719,1262,1774,object,1920,2560
train_1028.jpg,775,1791,953,1849,object,1920,2560
train_1028.jpg,1278,1682,1507,1732,object,1920,2560
train_1028.jpg,1518,1726,1782,1798,object,1920,2560
train_1028.jpg,1519,1804,1768,1884,object,1920,2560
train_1028.jpg,656,1835,760,2022,object,1920,2560
train_1028.jpg,766,1882,879,2025,object,1920,2560
train_1028.jpg,881,1897,992,2074,object,1920,2560
train_1028.jpg,975,1779,1140,1891,object,1920,2560
train_1028.jpg,1281,1736,1513,1807,object,1920,2560
train_1028.jpg,31,1200,69,1396,object,1920,2560
train_1028.jpg,0,1194,27,1390,object,1920,2560
train_1028.jpg,1572,1293,1682,1469,object,1920,2560
train_1028.jpg,1207,1013,1301,1200,object,1920,2560
train_1028.jpg,1341,1060,1448,1224,object,1920,2560
train_1028.jpg,1463,1074,1586,1219,object,1920,2560
train_1028.jpg,1632,1060,1723,1212,object,1920,2560
train_1028.jpg,394,1238,508,1431,object,1920,2560
train_1028.jpg,519,1324,609,1428,object,1920,2560
train_1028.jpg,553,1203,619,1318,object,1920,2560
train_1028.jpg,656,1200,717,1314,object,1920,2560
train_1028.jpg,719,1217,795,1332,object,1920,2560
train_1028.jpg,1686,666,1754,752,object,1920,2560
train_1028.jpg,1691,572,1754,662,object,1920,2560
train_1028.jpg,1546,672,1610,744,object,1920,2560
train_1028.jpg,1554,591,1609,670,object,1920,2560
train_1028.jpg,1418,678,1485,782,object,1920,2560
train_1028.jpg,1428,628,1486,677,object,1920,2560
train_1028.jpg,853,1019,937,1186,object,1920,2560
train_1028.jpg,1266,669,1322,740,object,1920,2560
train_1028.jpg,744,1016,844,1166,object,1920,2560
train_1028.jpg,985,1000,1077,1167,object,1920,2560
train_1028.jpg,394,1028,462,1184,object,1920,2560
train_1028.jpg,1685,823,1793,1010,object,1920,2560
train_1028.jpg,1579,803,1665,992,object,1920,2560
train_1028.jpg,1475,935,1543,1024,object,1920,2560
train_1028.jpg,1478,856,1545,934,object,1920,2560
train_1028.jpg,1366,941,1431,1014,object,1920,2560
train_1028.jpg,1369,866,1422,935,object,1920,2560
train_1028.jpg,1219,816,1321,996,object,1920,2560
train_1028.jpg,1094,806,1183,972,object,1920,2560
train_1028.jpg,941,807,1058,981,object,1920,2560
train_1028.jpg,828,797,935,980,object,1920,2560
train_1028.jpg,716,798,825,950,object,1920,2560
train_1028.jpg,616,778,709,951,object,1920,2560
train_1028.jpg,541,778,613,928,object,1920,2560
train_1028.jpg,431,766,508,930,object,1920,2560
train_1028.jpg,647,997,740,1166,object,1920,2560
train_1028.jpg,550,1004,635,1132,object,1920,2560
train_1028.jpg,1175,672,1239,742,object,1920,2560
train_1028.jpg,1260,590,1322,666,object,1920,2560
train_1028.jpg,1572,121,1680,275,object,1920,2560
train_1028.jpg,1400,106,1529,276,object,1920,2560
train_1028.jpg,1263,109,1358,289,object,1920,2560
train_1028.jpg,1163,117,1256,300,object,1920,2560
train_1028.jpg,988,122,1107,309,object,1920,2560
train_1028.jpg,853,128,961,300,object,1920,2560
train_1028.jpg,719,147,837,323,object,1920,2560
train_1028.jpg,603,156,697,313,object,1920,2560
train_1028.jpg,491,166,573,318,object,1920,2560
train_1028.jpg,303,197,376,327,object,1920,2560
train_1028.jpg,903,1251,949,1363,object,1920,2560
train_1028.jpg,988,1250,1049,1375,object,1920,2560
train_1028.jpg,1119,1271,1183,1382,object,1920,2560
train_1028.jpg,1219,1294,1290,1414,object,1920,2560
train_1028.jpg,1357,1257,1465,1448,object,1920,2560
train_1028.jpg,1707,97,1811,255,object,1920,2560
train_1028.jpg,1041,675,1103,752,object,1920,2560
train_1028.jpg,1694,303,1819,492,object,1920,2560
train_1028.jpg,1394,316,1510,495,object,1920,2560
train_1028.jpg,1175,588,1230,673,object,1920,2560
train_1028.jpg,1044,594,1094,663,object,1920,2560
train_1028.jpg,800,1225,898,1357,object,1920,2560
train_1028.jpg,788,540,888,691,object,1920,2560
train_1028.jpg,663,538,760,688,object,1920,2560
train_1028.jpg,528,533,619,681,object,1920,2560
train_1028.jpg,450,541,523,681,object,1920,2560
train_1028.jpg,403,350,484,498,object,1920,2560
train_1028.jpg,509,372,595,511,object,1920,2560
train_1028.jpg,610,356,702,509,object,1920,2560
train_1028.jpg,756,347,855,506,object,1920,2560
train_1028.jpg,856,331,981,506,object,1920,2560
train_1028.jpg,991,331,1115,500,object,1920,2560
train_1028.jpg,1132,325,1244,502,object,1920,2560
train_1028.jpg,1247,322,1362,500,object,1920,2560
train_1028.jpg,1513,316,1636,481,object,1920,2560
train_1028.jpg,900,535,996,699,object,1920,2560
train_1029.jpg,948,866,1087,1116,object,2448,3264
train_1029.jpg,753,2406,898,2503,object,2448,3264
train_1029.jpg,1932,2537,2031,2729,object,2448,3264
train_1029.jpg,2037,2569,2185,2889,object,2448,3264
train_1029.jpg,2190,2569,2340,2885,object,2448,3264
train_1029.jpg,2337,2553,2451,2875,object,2448,3264
train_1029.jpg,2237,1174,2357,1421,object,2448,3264
train_1029.jpg,2364,1174,2448,1417,object,2448,3264
train_1029.jpg,2153,842,2303,1078,object,2448,3264
train_1029.jpg,1985,848,2131,1088,object,2448,3264
train_1029.jpg,1837,869,1978,1086,object,2448,3264
train_1029.jpg,1679,853,1825,1096,object,2448,3264
train_1029.jpg,1548,853,1679,1104,object,2448,3264
train_1029.jpg,1321,833,1545,1104,object,2448,3264
train_1029.jpg,1790,2543,1925,2745,object,2448,3264
train_1029.jpg,1216,842,1321,1108,object,2448,3264
train_1029.jpg,32,874,166,1121,object,2448,3264
train_1029.jpg,655,884,795,1117,object,2448,3264
train_1029.jpg,342,874,474,1117,object,2448,3264
train_1029.jpg,474,905,651,1120,object,2448,3264
train_1029.jpg,1011,1163,1244,1449,object,2448,3264
train_1029.jpg,1253,1211,1389,1446,object,2448,3264
train_1029.jpg,1395,1195,1517,1442,object,2448,3264
train_1029.jpg,1521,1200,1645,1436,object,2448,3264
train_1029.jpg,1648,1200,1765,1439,object,2448,3264
train_1029.jpg,1769,1195,1904,1440,object,2448,3264
train_1029.jpg,1906,1185,2020,1432,object,2448,3264
train_1029.jpg,2095,1185,2233,1421,object,2448,3264
train_1029.jpg,1090,869,1213,1111,object,2448,3264
train_1029.jpg,168,884,342,1116,object,2448,3264
train_1029.jpg,1658,2543,1791,2741,object,2448,3264
train_1029.jpg,1390,2559,1548,2902,object,2448,3264
train_1029.jpg,900,2406,1033,2499,object,2448,3264
train_1029.jpg,1063,2416,1192,2494,object,2448,3264
train_1029.jpg,1058,2316,1189,2411,object,2448,3264
train_1029.jpg,1195,2406,1328,2492,object,2448,3264
train_1029.jpg,1195,2311,1323,2406,object,2448,3264
train_1029.jpg,1327,2322,1461,2503,object,2448,3264
train_1029.jpg,1469,2322,1618,2503,object,2448,3264
train_1029.jpg,1611,2316,1742,2491,object,2448,3264
train_1029.jpg,1743,2311,1882,2488,object,2448,3264
train_1029.jpg,1890,2280,2016,2429,object,2448,3264
train_1029.jpg,2053,2301,2198,2486,object,2448,3264
train_1029.jpg,2200,2280,2309,2484,object,2448,3264
train_1029.jpg,1548,2543,1645,2709,object,2448,3264
train_1029.jpg,2322,2274,2451,2472,object,2448,3264
train_1029.jpg,58,2627,161,2924,object,2448,3264
train_1029.jpg,163,2622,268,2923,object,2448,3264
train_1029.jpg,268,2616,374,2934,object,2448,3264
train_1029.jpg,374,2648,485,2926,object,2448,3264
train_1029.jpg,484,2653,596,2923,object,2448,3264
train_1029.jpg,595,2648,692,2934,object,2448,3264
train_1029.jpg,695,2648,792,2937,object,2448,3264
train_1029.jpg,795,2643,907,2923,object,2448,3264
train_1029.jpg,911,2638,1016,2911,object,2448,3264
train_1029.jpg,1016,2627,1111,2911,object,2448,3264
train_1029.jpg,1111,2632,1210,2902,object,2448,3264
train_1029.jpg,1216,2559,1395,2904,object,2448,3264
train_1029.jpg,0,2622,58,2931,object,2448,3264
train_1029.jpg,1216,590,1431,782,object,2448,3264
train_1029.jpg,753,147,869,234,object,2448,3264
train_1029.jpg,1006,579,1098,696,object,2448,3264
train_1029.jpg,1653,2011,1772,2220,object,2448,3264
train_1029.jpg,300,2069,409,2262,object,2448,3264
train_1029.jpg,409,2068,526,2256,object,2448,3264
train_1029.jpg,288,2006,387,2065,object,2448,3264
train_1029.jpg,390,2006,497,2062,object,2448,3264
train_1029.jpg,757,2079,931,2214,object,2448,3264
train_1029.jpg,584,2001,724,2201,object,2448,3264
train_1029.jpg,1516,2022,1645,2223,object,2448,3264
train_1029.jpg,1385,2022,1515,2227,object,2448,3264
train_1029.jpg,1258,2027,1387,2228,object,2448,3264
train_1029.jpg,1111,2016,1250,2183,object,2448,3264
train_1029.jpg,1779,2006,1910,2220,object,2448,3264
train_1029.jpg,942,2053,1078,2158,object,2448,3264
train_1029.jpg,95,2053,186,2256,object,2448,3264
train_1029.jpg,0,2053,89,2265,object,2448,3264
train_1029.jpg,0,2322,134,2530,object,2448,3264
train_1029.jpg,326,2416,467,2522,object,2448,3264
train_1029.jpg,470,2419,602,2511,object,2448,3264
train_1029.jpg,1537,221,1657,413,object,2448,3264
train_1029.jpg,1532,16,1653,216,object,2448,3264
train_1029.jpg,1664,232,1777,415,object,2448,3264
train_1029.jpg,1658,26,1777,229,object,2448,3264
train_1029.jpg,1779,236,1907,412,object,2448,3264
train_1029.jpg,1779,34,1903,232,object,2448,3264
train_1029.jpg,190,2027,282,2253,object,2448,3264
train_1029.jpg,1948,305,2122,409,object,2448,3264
train_1029.jpg,1927,2048,2043,2210,object,2448,3264
train_1029.jpg,2169,2074,2290,2219,object,2448,3264
train_1029.jpg,848,1163,1004,1462,object,2448,3264
train_1029.jpg,621,1174,838,1466,object,2448,3264
train_1029.jpg,400,1179,609,1464,object,2448,3264
train_1029.jpg,263,1195,386,1460,object,2448,3264
train_1029.jpg,43,1174,254,1473,object,2448,3264
train_1029.jpg,21,1537,151,1624,object,2448,3264
train_1029.jpg,37,1632,203,1900,object,2448,3264
train_1029.jpg,533,1569,654,1629,object,2448,3264
train_1029.jpg,204,1643,347,1900,object,2448,3264
train_1029.jpg,353,1579,517,1895,object,2448,3264
train_1029.jpg,516,1632,665,1898,object,2448,3264
train_1029.jpg,2048,2048,2166,2224,object,2448,3264
train_1029.jpg,1437,558,1646,784,object,2448,3264
train_1029.jpg,1121,1574,1257,1643,object,2448,3264
train_1029.jpg,1127,1648,1261,1883,object,2448,3264
train_1029.jpg,990,1632,1119,1887,object,2448,3264
train_1029.jpg,1263,1637,1389,1875,object,2448,3264
train_1029.jpg,1394,1506,1532,1874,object,2448,3264
train_1029.jpg,1537,1495,1721,1870,object,2448,3264
train_1029.jpg,1727,1532,1887,1866,object,2448,3264
train_1029.jpg,2090,1506,2253,1850,object,2448,3264
train_1029.jpg,1890,1527,2085,1861,object,2448,3264
train_1029.jpg,2258,1474,2451,1853,object,2448,3264
train_1029.jpg,2290,2074,2427,2218,object,2448,3264
train_1029.jpg,863,1648,987,1886,object,2448,3264
train_1029.jpg,1937,242,2120,295,object,2448,3264
train_1029.jpg,669,1569,861,1886,object,2448,3264
train_1029.jpg,1953,53,2129,158,object,2448,3264
train_1029.jpg,870,200,958,397,object,2448,3264
train_1029.jpg,962,188,1056,422,object,2448,3264
train_1029.jpg,1058,217,1167,422,object,2448,3264
train_1029.jpg,1937,163,2120,238,object,2448,3264
train_1029.jpg,11,580,149,802,object,2448,3264
train_1029.jpg,11,474,125,575,object,2448,3264
train_1029.jpg,153,584,255,802,object,2448,3264
train_1029.jpg,263,542,442,809,object,2448,3264
train_1029.jpg,237,432,426,534,object,2448,3264
train_1029.jpg,447,584,582,796,object,2448,3264
train_1029.jpg,732,611,825,792,object,2448,3264
train_1029.jpg,590,342,683,430,object,2448,3264
train_1029.jpg,727,405,815,605,object,2448,3264
train_1029.jpg,584,579,727,796,object,2448,3264
train_1029.jpg,1116,600,1212,791,object,2448,3264
train_1029.jpg,916,574,1004,695,object,2448,3264
train_1029.jpg,927,700,1009,796,object,2448,3264
train_1029.jpg,1016,695,1106,794,object,2448,3264
train_1029.jpg,1653,553,1820,779,object,2448,3264
train_1029.jpg,1822,563,2019,767,object,2448,3264
train_1029.jpg,2290,449,2441,576,object,2448,3264
train_1029.jpg,2295,579,2431,651,object,2448,3264
train_1029.jpg,2298,658,2440,763,object,2448,3264
train_1029.jpg,821,400,913,608,object,2448,3264
train_1029.jpg,827,616,912,794,object,2448,3264
train_1029.jpg,426,274,591,353,object,2448,3264
train_1029.jpg,37,147,147,436,object,2448,3264
train_1029.jpg,342,353,433,436,object,2448,3264
train_1029.jpg,2199,196,2294,409,object,2448,3264
train_1029.jpg,2122,205,2193,409,object,2448,3264
train_1029.jpg,153,347,247,432,object,2448,3264
train_1029.jpg,153,263,249,347,object,2448,3264
train_1029.jpg,253,353,340,436,object,2448,3264
train_1029.jpg,253,268,330,351,object,2448,3264
train_1029.jpg,432,358,590,432,object,2448,3264
train_1029.jpg,332,274,422,347,object,2448,3264
train_1029.jpg,332,190,429,270,object,2448,3264
train_1029.jpg,242,174,330,261,object,2448,3264
train_1029.jpg,2301,120,2402,407,object,2448,3264
train_1029.jpg,337,95,430,179,object,2448,3264
train_1029.jpg,153,174,237,258,object,2448,3264
train_1029.jpg,153,89,236,172,object,2448,3264
train_1029.jpg,1300,342,1423,421,object,2448,3264
train_1029.jpg,1174,321,1290,413,object,2448,3264
train_1029.jpg,1169,237,1287,321,object,2448,3264
train_1029.jpg,1291,242,1411,338,object,2448,3264
train_1029.jpg,1421,342,1535,419,object,2448,3264
train_1029.jpg,1411,242,1531,332,object,2448,3264
train_1029.jpg,1295,137,1424,236,object,2448,3264
train_1029.jpg,1174,142,1296,233,object,2448,3264
train_1029.jpg,748,332,871,397,object,2448,3264
train_1029.jpg,753,242,869,330,object,2448,3264
train_1029.jpg,247,89,333,171,object,2448,3264
train_103.jpg,936,1609,1002,1792,object,1920,2560
train_103.jpg,63,1714,144,1885,object,1920,2560
train_103.jpg,184,1816,251,1994,object,1920,2560
train_103.jpg,258,1831,320,1996,object,1920,2560
train_103.jpg,963,1875,1033,2058,object,1920,2560
train_103.jpg,380,1853,451,2008,object,1920,2560
train_103.jpg,532,1848,597,2018,object,1920,2560
train_103.jpg,599,1867,667,2020,object,1920,2560
train_103.jpg,673,1863,734,2031,object,1920,2560
train_103.jpg,740,1872,803,2035,object,1920,2560
train_103.jpg,814,1867,882,2042,object,1920,2560
train_103.jpg,889,1881,959,2047,object,1920,2560
train_103.jpg,321,1828,374,2001,object,1920,2560
train_103.jpg,865,1607,923,1773,object,1920,2560
train_103.jpg,1460,1339,1537,1544,object,1920,2560
train_103.jpg,693,1599,763,1773,object,1920,2560
train_103.jpg,951,1347,1014,1539,object,1920,2560
train_103.jpg,1026,1323,1102,1537,object,1920,2560
train_103.jpg,1112,1322,1186,1538,object,1920,2560
train_103.jpg,1194,1327,1268,1541,object,1920,2560
train_103.jpg,1272,1344,1349,1542,object,1920,2560
train_103.jpg,1037,1877,1115,2059,object,1920,2560
train_103.jpg,1542,1343,1615,1546,object,1920,2560
train_103.jpg,1617,1350,1712,1546,object,1920,2560
train_103.jpg,1726,1343,1895,1681,object,1920,2560
train_103.jpg,1613,1632,1703,1826,object,1920,2560
train_103.jpg,1525,1621,1605,1828,object,1920,2560
train_103.jpg,771,1589,846,1769,object,1920,2560
train_103.jpg,1432,1613,1523,1815,object,1920,2560
train_103.jpg,1257,1609,1350,1799,object,1920,2560
train_103.jpg,1176,1600,1253,1797,object,1920,2560
train_103.jpg,1095,1617,1170,1797,object,1920,2560
train_103.jpg,1012,1613,1092,1793,object,1920,2560
train_103.jpg,180,1581,238,1743,object,1920,2560
train_103.jpg,243,1586,306,1750,object,1920,2560
train_103.jpg,317,1589,372,1752,object,1920,2560
train_103.jpg,380,1598,466,1754,object,1920,2560
train_103.jpg,474,1589,526,1756,object,1920,2560
train_103.jpg,528,1593,603,1765,object,1920,2560
train_103.jpg,622,1589,676,1762,object,1920,2560
train_103.jpg,1355,1614,1433,1816,object,1920,2560
train_103.jpg,1120,1879,1186,2070,object,1920,2560
train_103.jpg,900,2196,962,2351,object,1920,2560
train_103.jpg,1296,1895,1366,2084,object,1920,2560
train_103.jpg,1613,2208,1694,2432,object,1920,2560
train_103.jpg,1711,2149,1921,2432,object,1920,2560
train_103.jpg,70,2302,122,2549,object,1920,2560
train_103.jpg,129,2317,180,2560,object,1920,2560
train_103.jpg,204,2337,256,2545,object,1920,2560
train_103.jpg,261,2351,308,2551,object,1920,2560
train_103.jpg,313,2364,370,2560,object,1920,2560
train_103.jpg,372,2381,431,2560,object,1920,2560
train_103.jpg,1534,2250,1607,2415,object,1920,2560
train_103.jpg,438,2380,498,2562,object,1920,2560
train_103.jpg,575,2415,652,2551,object,1920,2560
train_103.jpg,672,2420,729,2559,object,1920,2560
train_103.jpg,732,2454,803,2563,object,1920,2560
train_103.jpg,810,2446,885,2559,object,1920,2560
train_103.jpg,889,2466,960,2562,object,1920,2560
train_103.jpg,963,2459,1031,2560,object,1920,2560
train_103.jpg,1041,2443,1110,2561,object,1920,2560
train_103.jpg,870,1349,947,1535,object,1920,2560
train_103.jpg,503,2405,571,2557,object,1920,2560
train_103.jpg,1464,2223,1526,2410,object,1920,2560
train_103.jpg,1413,2228,1458,2403,object,1920,2560
train_103.jpg,1300,2217,1366,2376,object,1920,2560
train_103.jpg,1370,1898,1447,2092,object,1920,2560
train_103.jpg,1546,1914,1614,2109,object,1920,2560
train_103.jpg,1624,1906,1716,2106,object,1920,2560
train_103.jpg,1726,1738,1920,2068,object,1920,2560
train_103.jpg,192,2090,257,2275,object,1920,2560
train_103.jpg,262,2118,320,2278,object,1920,2560
train_103.jpg,325,2106,383,2284,object,1920,2560
train_103.jpg,388,2123,447,2286,object,1920,2560
train_103.jpg,454,2118,511,2300,object,1920,2560
train_103.jpg,521,2168,582,2302,object,1920,2560
train_103.jpg,591,2161,663,2315,object,1920,2560
train_103.jpg,673,2175,751,2313,object,1920,2560
train_103.jpg,755,2169,822,2328,object,1920,2560
train_103.jpg,830,2195,894,2329,object,1920,2560
train_103.jpg,971,2203,1026,2353,object,1920,2560
train_103.jpg,1026,2192,1070,2354,object,1920,2560
train_103.jpg,1076,2186,1133,2360,object,1920,2560
train_103.jpg,1143,2180,1212,2368,object,1920,2560
train_103.jpg,1217,2176,1285,2380,object,1920,2560
train_103.jpg,1202,1897,1278,2075,object,1920,2560
train_103.jpg,800,1344,859,1522,object,1920,2560
train_103.jpg,1374,2216,1409,2391,object,1920,2560
train_103.jpg,650,1327,711,1521,object,1920,2560
train_103.jpg,1425,693,1479,935,object,1920,2560
train_103.jpg,1339,686,1403,936,object,1920,2560
train_103.jpg,1253,669,1303,937,object,1920,2560
train_103.jpg,712,1333,790,1523,object,1920,2560
train_103.jpg,1174,680,1237,943,object,1920,2560
train_103.jpg,1104,673,1172,941,object,1920,2560
train_103.jpg,98,771,131,941,object,1920,2560
train_103.jpg,1495,694,1553,941,object,1920,2560
train_103.jpg,1037,689,1097,941,object,1920,2560
train_103.jpg,826,713,903,951,object,1920,2560
train_103.jpg,744,787,826,949,object,1920,2560
train_103.jpg,662,788,741,951,object,1920,2560
train_103.jpg,568,783,655,949,object,1920,2560
train_103.jpg,478,784,566,951,object,1920,2560
train_103.jpg,395,775,474,954,object,1920,2560
train_103.jpg,309,791,395,959,object,1920,2560
train_103.jpg,912,712,964,952,object,1920,2560
train_103.jpg,1558,701,1612,938,object,1920,2560
train_103.jpg,1636,648,1712,928,object,1920,2560
train_103.jpg,1711,583,1818,869,object,1920,2560
train_103.jpg,1096,1057,1169,1253,object,1920,2560
train_103.jpg,1174,1057,1247,1255,object,1920,2560
train_103.jpg,1249,1057,1339,1257,object,1920,2560
train_103.jpg,1347,1049,1421,1255,object,1920,2560
train_103.jpg,1425,1053,1507,1257,object,1920,2560
train_103.jpg,1523,1052,1599,1257,object,1920,2560
train_103.jpg,1018,1061,1092,1252,object,1920,2560
train_103.jpg,928,1062,1013,1257,object,1920,2560
train_103.jpg,834,1084,923,1257,object,1920,2560
train_103.jpg,736,1089,827,1257,object,1920,2560
train_103.jpg,654,1080,736,1251,object,1920,2560
train_103.jpg,485,1080,570,1245,object,1920,2560
train_103.jpg,407,1077,480,1249,object,1920,2560
train_103.jpg,309,1084,392,1244,object,1920,2560
train_103.jpg,239,1084,309,1241,object,1920,2560
train_103.jpg,157,1057,232,1239,object,1920,2560
train_103.jpg,1820,528,1914,869,object,1920,2560
train_103.jpg,231,799,303,955,object,1920,2560
train_103.jpg,145,795,224,958,object,1920,2560
train_103.jpg,579,1080,651,1249,object,1920,2560
train_103.jpg,59,1421,125,1641,object,1920,2560
train_103.jpg,51,1213,132,1377,object,1920,2560
train_103.jpg,73,1033,153,1151,object,1920,2560
train_103.jpg,1808,950,1894,1284,object,1920,2560
train_103.jpg,1718,947,1805,1283,object,1920,2560
train_103.jpg,1616,1053,1698,1259,object,1920,2560
train_103.jpg,243,1326,317,1515,object,1920,2560
train_103.jpg,333,1323,391,1515,object,1920,2560
train_103.jpg,403,1327,470,1515,object,1920,2560
train_103.jpg,481,1327,546,1520,object,1920,2560
train_103.jpg,544,1328,640,1519,object,1920,2560
train_103.jpg,180,1327,239,1516,object,1920,2560
train_1030.jpg,378,1344,492,1665,object,2448,3264
train_1030.jpg,489,2394,587,2609,object,2448,3264
train_1030.jpg,1265,2696,1423,2814,object,2448,3264
train_1030.jpg,1111,2700,1260,2805,object,2448,3264
train_1030.jpg,1268,2824,1426,3006,object,2448,3264
train_1030.jpg,1116,2817,1263,2996,object,2448,3264
train_1030.jpg,984,2706,1100,2866,object,2448,3264
train_1030.jpg,762,2748,974,2971,object,2448,3264
train_1030.jpg,1439,938,1532,1221,object,2448,3264
train_1030.jpg,506,2872,699,3092,object,2448,3264
train_1030.jpg,76,2519,465,2793,object,2448,3264
train_1030.jpg,2316,2107,2425,2349,object,2448,3264
train_1030.jpg,2193,2107,2302,2348,object,2448,3264
train_1030.jpg,2037,2109,2139,2348,object,2448,3264
train_1030.jpg,1932,2109,2034,2348,object,2448,3264
train_1030.jpg,1823,2106,1925,2345,object,2448,3264
train_1030.jpg,1710,2098,1813,2338,object,2448,3264
train_1030.jpg,125,2817,490,3073,object,2448,3264
train_1030.jpg,1597,2099,1699,2338,object,2448,3264
train_1030.jpg,1339,940,1432,1223,object,2448,3264
train_1030.jpg,1916,1419,1999,1650,object,2448,3264
train_1030.jpg,159,1143,263,1513,object,2448,3264
train_1030.jpg,1628,1391,1720,1655,object,2448,3264
train_1030.jpg,1529,1392,1622,1656,object,2448,3264
train_1030.jpg,1431,1396,1523,1660,object,2448,3264
train_1030.jpg,1206,1396,1298,1660,object,2448,3264
train_1030.jpg,271,1148,348,1518,object,2448,3264
train_1030.jpg,1110,1394,1197,1658,object,2448,3264
train_1030.jpg,1233,945,1327,1228,object,2448,3264
train_1030.jpg,349,975,441,1256,object,2448,3264
train_1030.jpg,448,981,540,1263,object,2448,3264
train_1030.jpg,549,973,641,1255,object,2448,3264
train_1030.jpg,649,971,736,1254,object,2448,3264
train_1030.jpg,743,967,831,1250,object,2448,3264
train_1030.jpg,841,964,928,1246,object,2448,3264
train_1030.jpg,936,956,1023,1238,object,2448,3264
train_1030.jpg,1029,954,1123,1237,object,2448,3264
train_1030.jpg,159,929,273,1138,object,2448,3264
train_1030.jpg,499,1348,609,1669,object,2448,3264
train_1030.jpg,1486,2100,1589,2339,object,2448,3264
train_1030.jpg,1255,2106,1342,2344,object,2448,3264
train_1030.jpg,1842,1769,1948,2038,object,2448,3264
train_1030.jpg,1732,1764,1838,2033,object,2448,3264
train_1030.jpg,1615,1728,1727,2027,object,2448,3264
train_1030.jpg,1499,1729,1611,2028,object,2448,3264
train_1030.jpg,1307,1737,1407,2022,object,2448,3264
train_1030.jpg,1193,1736,1292,2020,object,2448,3264
train_1030.jpg,1088,1743,1183,2026,object,2448,3264
train_1030.jpg,1957,1755,2063,2025,object,2448,3264
train_1030.jpg,981,1735,1076,2018,object,2448,3264
train_1030.jpg,1663,925,1769,1219,object,2448,3264
train_1030.jpg,1784,927,1892,1221,object,2448,3264
train_1030.jpg,1906,922,2017,1214,object,2448,3264
train_1030.jpg,2040,915,2151,1207,object,2448,3264
train_1030.jpg,2156,917,2267,1210,object,2448,3264
train_1030.jpg,2276,907,2387,1200,object,2448,3264
train_1030.jpg,2394,908,2446,1198,object,2448,3264
train_1030.jpg,1543,927,1650,1222,object,2448,3264
train_1030.jpg,1391,2105,1477,2343,object,2448,3264
train_1030.jpg,2103,1758,2209,2027,object,2448,3264
train_1030.jpg,2332,1764,2438,2034,object,2448,3264
train_1030.jpg,1159,2106,1246,2344,object,2448,3264
train_1030.jpg,1053,2101,1150,2339,object,2448,3264
train_1030.jpg,962,2094,1046,2326,object,2448,3264
train_1030.jpg,31,1147,152,1517,object,2448,3264
train_1030.jpg,1013,1400,1100,1664,object,2448,3264
train_1030.jpg,916,1392,1004,1656,object,2448,3264
train_1030.jpg,813,1383,901,1674,object,2448,3264
train_1030.jpg,2214,1770,2320,2040,object,2448,3264
train_1030.jpg,721,1372,808,1663,object,2448,3264
train_1030.jpg,857,2106,955,2347,object,2448,3264
train_1030.jpg,762,2099,851,2329,object,2448,3264
train_1030.jpg,659,2092,754,2325,object,2448,3264
train_1030.jpg,561,2098,656,2330,object,2448,3264
train_1030.jpg,457,2093,553,2325,object,2448,3264
train_1030.jpg,204,2062,439,2418,object,2448,3264
train_1030.jpg,0,2058,182,2395,object,2448,3264
train_1030.jpg,617,1373,713,1670,object,2448,3264
train_1030.jpg,2296,506,2410,816,object,2448,3264
train_1030.jpg,1129,952,1222,1235,object,2448,3264
train_1030.jpg,2034,511,2160,821,object,2448,3264
train_1030.jpg,1943,2849,2020,3064,object,2448,3264
train_1030.jpg,1852,2903,1938,3118,object,2448,3264
train_1030.jpg,1753,2912,1844,3140,object,2448,3264
train_1030.jpg,1645,2905,1736,3134,object,2448,3264
train_1030.jpg,1541,2900,1622,3127,object,2448,3264
train_1030.jpg,1441,2893,1523,3120,object,2448,3264
train_1030.jpg,2029,2782,2089,2986,object,2448,3264
train_1030.jpg,2272,2416,2377,2639,object,2448,3264
train_1030.jpg,2170,513,2285,823,object,2448,3264
train_1030.jpg,1995,2414,2085,2632,object,2448,3264
train_1030.jpg,1888,2413,1987,2621,object,2448,3264
train_1030.jpg,1802,2408,1882,2609,object,2448,3264
train_1030.jpg,1716,2409,1798,2587,object,2448,3264
train_1030.jpg,1612,2409,1708,2611,object,2448,3264
train_1030.jpg,2181,2420,2265,2630,object,2448,3264
train_1030.jpg,1510,2414,1606,2616,object,2448,3264
train_1030.jpg,2095,2772,2179,2972,object,2448,3264
train_1030.jpg,1794,102,1910,422,object,2448,3264
train_1030.jpg,17,135,148,520,object,2448,3264
train_1030.jpg,152,127,265,509,object,2448,3264
train_1030.jpg,269,80,393,510,object,2448,3264
train_1030.jpg,404,75,528,504,object,2448,3264
train_1030.jpg,536,61,660,491,object,2448,3264
train_1030.jpg,669,170,785,490,object,2448,3264
train_1030.jpg,2191,2768,2275,2968,object,2448,3264
train_1030.jpg,792,156,908,476,object,2448,3264
train_1030.jpg,1044,152,1160,472,object,2448,3264
train_1030.jpg,1170,150,1286,470,object,2448,3264
train_1030.jpg,1297,134,1413,454,object,2448,3264
train_1030.jpg,1420,138,1536,459,object,2448,3264
train_1030.jpg,1540,133,1656,453,object,2448,3264
train_1030.jpg,1661,114,1777,435,object,2448,3264
train_1030.jpg,919,149,1036,469,object,2448,3264
train_1030.jpg,1408,2409,1504,2611,object,2448,3264
train_1030.jpg,2090,2419,2174,2628,object,2448,3264
train_1030.jpg,1200,2402,1296,2621,object,2448,3264
train_1030.jpg,769,1738,872,2031,object,2448,3264
train_1030.jpg,658,1748,758,2018,object,2448,3264
train_1030.jpg,565,1747,649,1997,object,2448,3264
train_1030.jpg,454,1746,553,1995,object,2448,3264
train_1030.jpg,1305,2405,1401,2623,object,2448,3264
train_1030.jpg,277,1668,418,2003,object,2448,3264
train_1030.jpg,883,1738,977,2021,object,2448,3264
train_1030.jpg,146,1597,266,1991,object,2448,3264
train_1030.jpg,2389,1415,2448,1649,object,2448,3264
train_1030.jpg,2297,1417,2382,1650,object,2448,3264
train_1030.jpg,2200,1417,2291,1648,object,2448,3264
train_1030.jpg,2104,1421,2195,1652,object,2448,3264
train_1030.jpg,2001,1421,2098,1652,object,2448,3264
train_1030.jpg,1729,1422,1818,1666,object,2448,3264
train_1030.jpg,0,1601,133,1978,object,2448,3264
train_1030.jpg,1902,520,2029,830,object,2448,3264
train_1030.jpg,1825,1420,1908,1651,object,2448,3264
train_1030.jpg,1307,553,1421,861,object,2448,3264
train_1030.jpg,2327,69,2448,404,object,2448,3264
train_1030.jpg,1434,550,1548,857,object,2448,3264
train_1030.jpg,2187,75,2317,410,object,2448,3264
train_1030.jpg,2048,92,2164,421,object,2448,3264
train_1030.jpg,1923,100,2039,429,object,2448,3264
train_1030.jpg,598,2395,697,2610,object,2448,3264
train_1030.jpg,706,2400,796,2607,object,2448,3264
train_1030.jpg,892,2403,982,2610,object,2448,3264
train_1030.jpg,1093,2406,1189,2624,object,2448,3264
train_1030.jpg,0,672,92,1046,object,2448,3264
train_1030.jpg,506,593,754,887,object,2448,3264
train_1030.jpg,814,572,929,879,object,2448,3264
train_1030.jpg,940,565,1054,873,object,2448,3264
train_1030.jpg,1063,556,1178,863,object,2448,3264
train_1030.jpg,1184,555,1299,863,object,2448,3264
train_1030.jpg,990,2399,1086,2617,object,2448,3264
train_1031.jpg,603,1929,654,1976,object,2448,3264
train_1031.jpg,655,1928,706,1980,object,2448,3264
train_1031.jpg,940,1931,1012,2029,object,2448,3264
train_1031.jpg,764,1931,807,1973,object,2448,3264
train_1031.jpg,868,1931,938,2031,object,2448,3264
train_1031.jpg,1018,1931,1086,2029,object,2448,3264
train_1031.jpg,1086,1932,1172,2029,object,2448,3264
train_1031.jpg,1179,1931,1260,2027,object,2448,3264
train_1031.jpg,1269,1928,1314,1999,object,2448,3264
train_1031.jpg,1314,1928,1383,1999,object,2448,3264
train_1031.jpg,1385,1926,1460,1999,object,2448,3264
train_1031.jpg,1460,1928,1536,2003,object,2448,3264
train_1031.jpg,1542,1929,1621,2003,object,2448,3264
train_1031.jpg,707,1931,754,1980,object,2448,3264
train_1031.jpg,11,1535,51,1630,object,2448,3264
train_1031.jpg,60,0,180,255,object,2448,3264
train_1031.jpg,546,1928,600,1976,object,2448,3264
train_1031.jpg,326,0,478,262,object,2448,3264
train_1031.jpg,513,1,709,281,object,2448,3264
train_1031.jpg,722,1,980,281,object,2448,3264
train_1031.jpg,1134,7,1318,281,object,2448,3264
train_1031.jpg,1329,16,1491,288,object,2448,3264
train_1031.jpg,1523,24,1676,284,object,2448,3264
train_1031.jpg,1737,11,2196,67,object,2448,3264
train_1031.jpg,1714,64,2223,119,object,2448,3264
train_1031.jpg,1711,120,2233,177,object,2448,3264
train_1031.jpg,1699,180,2213,228,object,2448,3264
train_1031.jpg,1714,228,2216,291,object,2448,3264
train_1031.jpg,2257,19,2419,64,object,2448,3264
train_1031.jpg,2253,75,2423,129,object,2448,3264
train_1031.jpg,2238,131,2405,182,object,2448,3264
train_1031.jpg,2220,187,2414,234,object,2448,3264
train_1031.jpg,2227,236,2399,287,object,2448,3264
train_1031.jpg,109,565,224,829,object,2448,3264
train_1031.jpg,26,1145,164,1364,object,2448,3264
train_1031.jpg,2250,591,2435,809,object,2448,3264
train_1031.jpg,2073,584,2245,817,object,2448,3264
train_1031.jpg,1887,468,2005,842,object,2448,3264
train_1031.jpg,1744,695,1873,827,object,2448,3264
train_1031.jpg,1572,502,1737,831,object,2448,3264
train_1031.jpg,734,560,853,838,object,2448,3264
train_1031.jpg,610,550,733,842,object,2448,3264
train_1031.jpg,561,457,674,536,object,2448,3264
train_1031.jpg,479,547,599,835,object,2448,3264
train_1031.jpg,191,8,314,266,object,2448,3264
train_1031.jpg,472,1927,527,1976,object,2448,3264
train_1031.jpg,775,2594,899,2875,object,2448,3264
train_1031.jpg,378,1927,426,1980,object,2448,3264
train_1031.jpg,1610,2127,1711,2315,object,2448,3264
train_1031.jpg,1718,2119,1799,2314,object,2448,3264
train_1031.jpg,1845,1678,1944,1849,object,2448,3264
train_1031.jpg,1748,1666,1844,1848,object,2448,3264
train_1031.jpg,1550,1557,1698,1698,object,2448,3264
train_1031.jpg,1396,1542,1549,1686,object,2448,3264
train_1031.jpg,430,1924,473,1975,object,2448,3264
train_1031.jpg,1464,1714,1598,1848,object,2448,3264
train_1031.jpg,1299,1727,1459,1868,object,2448,3264
train_1031.jpg,1153,1714,1301,1866,object,2448,3264
train_1031.jpg,1183,1561,1364,1685,object,2448,3264
train_1031.jpg,797,1548,919,1669,object,2448,3264
train_1031.jpg,625,1542,787,1668,object,2448,3264
train_1031.jpg,999,1721,1142,1860,object,2448,3264
train_1031.jpg,1520,2137,1605,2316,object,2448,3264
train_1031.jpg,857,1718,1002,1860,object,2448,3264
train_1031.jpg,573,1711,715,1859,object,2448,3264
train_1031.jpg,427,1710,573,1849,object,2448,3264
train_1031.jpg,277,1703,425,1854,object,2448,3264
train_1031.jpg,183,1699,275,1827,object,2448,3264
train_1031.jpg,30,1707,181,1825,object,2448,3264
train_1031.jpg,206,1568,347,1684,object,2448,3264
train_1031.jpg,52,1583,199,1699,object,2448,3264
train_1031.jpg,2201,992,2340,1091,object,2448,3264
train_1031.jpg,2283,1105,2433,1355,object,2448,3264
train_1031.jpg,2160,1100,2284,1358,object,2448,3264
train_1031.jpg,1995,928,2131,1084,object,2448,3264
train_1031.jpg,2010,1124,2143,1359,object,2448,3264
train_1031.jpg,1883,1089,2007,1359,object,2448,3264
train_1031.jpg,1722,1075,1861,1362,object,2448,3264
train_1031.jpg,715,1720,853,1860,object,2448,3264
train_1031.jpg,1568,1082,1724,1363,object,2448,3264
train_1031.jpg,1422,2139,1511,2313,object,2448,3264
train_1031.jpg,1250,2122,1325,2284,object,2448,3264
train_1031.jpg,565,2237,626,2328,object,2448,3264
train_1031.jpg,509,2238,564,2331,object,2448,3264
train_1031.jpg,741,2130,799,2241,object,2448,3264
train_1031.jpg,681,2130,742,2234,object,2448,3264
train_1031.jpg,625,2126,677,2228,object,2448,3264
train_1031.jpg,561,2126,620,2235,object,2448,3264
train_1031.jpg,494,2122,554,2225,object,2448,3264
train_1031.jpg,401,2216,466,2332,object,2448,3264
train_1031.jpg,333,2235,390,2332,object,2448,3264
train_1031.jpg,273,2235,333,2334,object,2448,3264
train_1031.jpg,206,2238,266,2328,object,2448,3264
train_1031.jpg,153,2235,208,2328,object,2448,3264
train_1031.jpg,386,2107,461,2209,object,2448,3264
train_1031.jpg,322,2111,378,2227,object,2448,3264
train_1031.jpg,1340,2130,1421,2316,object,2448,3264
train_1031.jpg,262,2115,323,2227,object,2448,3264
train_1031.jpg,138,2126,200,2235,object,2448,3264
train_1031.jpg,0,1988,130,2329,object,2448,3264
train_1031.jpg,2354,1677,2451,1849,object,2448,3264
train_1031.jpg,2242,1676,2351,1853,object,2448,3264
train_1031.jpg,2137,1677,2245,1855,object,2448,3264
train_1031.jpg,2044,1678,2131,1857,object,2448,3264
train_1031.jpg,1943,1677,2043,1857,object,2448,3264
train_1031.jpg,629,2238,685,2328,object,2448,3264
train_1031.jpg,685,2249,739,2328,object,2448,3264
train_1031.jpg,749,2242,811,2322,object,2448,3264
train_1031.jpg,898,2122,968,2287,object,2448,3264
train_1031.jpg,969,2130,1065,2281,object,2448,3264
train_1031.jpg,1071,2126,1147,2289,object,2448,3264
train_1031.jpg,1160,2130,1246,2292,object,2448,3264
train_1031.jpg,198,2122,256,2235,object,2448,3264
train_1031.jpg,1142,1067,1273,1205,object,2448,3264
train_1031.jpg,1598,1710,1750,1849,object,2448,3264
train_1031.jpg,1022,1224,1151,1368,object,2448,3264
train_1031.jpg,1224,2452,1345,2617,object,2448,3264
train_1031.jpg,1089,2650,1185,2849,object,2448,3264
train_1031.jpg,1194,2650,1297,2845,object,2448,3264
train_1031.jpg,1303,2650,1395,2846,object,2448,3264
train_1031.jpg,1355,2433,1462,2620,object,2448,3264
train_1031.jpg,1471,2433,1567,2625,object,2448,3264
train_1031.jpg,1581,2432,1668,2620,object,2448,3264
train_1031.jpg,1437,2650,1523,2859,object,2448,3264
train_1031.jpg,1542,2658,1635,2863,object,2448,3264
train_1031.jpg,1643,2639,1695,2816,object,2448,3264
train_1031.jpg,1153,1220,1288,1366,object,2448,3264
train_1031.jpg,1681,2396,1740,2554,object,2448,3264
train_1031.jpg,1747,2396,1853,2555,object,2448,3264
train_1031.jpg,1864,2392,1958,2528,object,2448,3264
train_1031.jpg,1711,2579,1777,2770,object,2448,3264
train_1031.jpg,1778,2577,1875,2770,object,2448,3264
train_1031.jpg,1875,2579,1970,2766,object,2448,3264
train_1031.jpg,2021,2384,2120,2609,object,2448,3264
train_1031.jpg,2137,2388,2236,2614,object,2448,3264
train_1031.jpg,2238,2388,2343,2601,object,2448,3264
train_1031.jpg,2347,2384,2449,2601,object,2448,3264
train_1031.jpg,2040,2620,2135,2865,object,2448,3264
train_1031.jpg,2145,2613,2222,2813,object,2448,3264
train_1031.jpg,2231,2620,2335,2858,object,2448,3264
train_1031.jpg,2339,2613,2441,2852,object,2448,3264
train_1031.jpg,281,1931,327,1977,object,2448,3264
train_1031.jpg,329,1928,376,1979,object,2448,3264
train_1031.jpg,1130,2448,1221,2603,object,2448,3264
train_1031.jpg,722,2429,1026,2550,object,2448,3264
train_1031.jpg,225,554,356,831,object,2448,3264
train_1031.jpg,356,546,477,835,object,2448,3264
train_1031.jpg,2081,2047,2164,2135,object,2448,3264
train_1031.jpg,1991,2047,2068,2133,object,2448,3264
train_1031.jpg,1894,2047,1988,2129,object,2448,3264
train_1031.jpg,786,1074,1020,1357,object,2448,3264
train_1031.jpg,797,943,1062,1069,object,2448,3264
train_1031.jpg,490,1082,633,1356,object,2448,3264
train_1031.jpg,243,1041,439,1129,object,2448,3264
train_1031.jpg,913,2564,1062,2856,object,2448,3264
train_1031.jpg,326,1149,492,1356,object,2448,3264
train_1031.jpg,165,1147,313,1362,object,2448,3264
train_1031.jpg,1789,1954,1880,2044,object,2448,3264
train_1031.jpg,1887,1950,1969,2039,object,2448,3264
train_1031.jpg,1976,1954,2067,2035,object,2448,3264
train_1031.jpg,1808,2055,1889,2135,object,2448,3264
train_1031.jpg,2253,1976,2341,2132,object,2448,3264
train_1031.jpg,2167,2044,2247,2131,object,2448,3264
train_1031.jpg,2164,1958,2249,2033,object,2448,3264
train_1031.jpg,2074,1946,2155,2035,object,2448,3264
train_1031.jpg,2115,2160,2197,2327,object,2448,3264
train_1031.jpg,580,2590,762,2834,object,2448,3264
train_1031.jpg,378,2628,558,2874,object,2448,3264
train_1031.jpg,191,2538,346,2875,object,2448,3264
train_1031.jpg,19,2508,180,2802,object,2448,3264
train_1031.jpg,2351,1976,2443,2128,object,2448,3264
train_1031.jpg,2317,2152,2421,2329,object,2448,3264
train_1031.jpg,2197,2154,2296,2324,object,2448,3264
train_1031.jpg,2025,2152,2111,2329,object,2448,3264
train_1031.jpg,1928,2152,2018,2319,object,2448,3264
train_1031.jpg,1842,2149,1925,2317,object,2448,3264
train_1032.jpg,254,1425,357,1758,object,2448,3264
train_1032.jpg,1417,732,1877,832,object,2448,3264
train_1032.jpg,513,1018,593,1346,object,2448,3264
train_1032.jpg,1875,1295,2329,1405,object,2448,3264
train_1032.jpg,1421,614,1866,720,object,2448,3264
train_1032.jpg,415,1006,509,1345,object,2448,3264
train_1032.jpg,1886,1182,2345,1290,object,2448,3264
train_1032.jpg,1436,834,1879,937,object,2448,3264
train_1032.jpg,599,1018,997,1072,object,2448,3264
train_1032.jpg,611,1076,1009,1168,object,2448,3264
train_1032.jpg,611,1174,1012,1259,object,2448,3264
train_1032.jpg,618,1264,1017,1364,object,2448,3264
train_1032.jpg,1014,1084,1423,1173,object,2448,3264
train_1032.jpg,1014,1174,1420,1266,object,2448,3264
train_1032.jpg,1898,1092,2381,1181,object,2448,3264
train_1032.jpg,321,1006,412,1346,object,2448,3264
train_1032.jpg,200,998,315,1337,object,2448,3264
train_1032.jpg,1002,1021,1422,1081,object,2448,3264
train_1032.jpg,1421,1174,1865,1278,object,2448,3264
train_1032.jpg,1421,1280,1859,1388,object,2448,3264
train_1032.jpg,1902,838,2357,942,object,2448,3264
train_1032.jpg,1906,720,2360,825,object,2448,3264
train_1032.jpg,1425,1065,1879,1174,object,2448,3264
train_1032.jpg,1021,1272,1416,1374,object,2448,3264
train_1032.jpg,438,313,924,435,object,2448,3264
train_1032.jpg,231,20,307,438,object,2448,3264
train_1032.jpg,1456,1702,1894,1815,object,2448,3264
train_1032.jpg,1456,1589,1906,1699,object,2448,3264
train_1032.jpg,1448,1522,1819,1579,object,2448,3264
train_1032.jpg,1468,1479,1809,1517,object,2448,3264
train_1032.jpg,1170,1609,1410,1690,object,2448,3264
train_1032.jpg,1021,1697,1453,1792,object,2448,3264
train_1032.jpg,642,1683,1018,1777,object,2448,3264
train_1032.jpg,638,1585,1015,1682,object,2448,3264
train_1032.jpg,646,1507,1029,1584,object,2448,3264
train_1032.jpg,646,1432,1027,1501,object,2448,3264
train_1032.jpg,544,1427,638,1757,object,2448,3264
train_1032.jpg,450,1436,543,1758,object,2448,3264
train_1032.jpg,360,1437,448,1757,object,2448,3264
train_1032.jpg,196,521,311,918,object,2448,3264
train_1032.jpg,317,528,409,916,object,2448,3264
train_1032.jpg,411,528,525,933,object,2448,3264
train_1032.jpg,528,712,931,822,object,2448,3264
train_1032.jpg,313,16,433,437,object,2448,3264
train_1032.jpg,434,51,929,178,object,2448,3264
train_1032.jpg,434,184,929,313,object,2448,3264
train_1032.jpg,935,86,1375,207,object,2448,3264
train_1032.jpg,935,211,1376,329,object,2448,3264
train_1032.jpg,928,333,1378,435,object,2448,3264
train_1032.jpg,94,27,225,437,object,2448,3264
train_1032.jpg,1401,55,1923,162,object,2448,3264
train_1032.jpg,1393,305,1901,436,object,2448,3264
train_1032.jpg,1941,47,2439,185,object,2448,3264
train_1032.jpg,1926,184,2428,313,object,2448,3264
train_1032.jpg,1918,317,2421,430,object,2448,3264
train_1032.jpg,935,698,1414,932,object,2448,3264
train_1032.jpg,536,822,936,927,object,2448,3264
train_1032.jpg,1401,168,1917,305,object,2448,3264
train_1032.jpg,532,604,929,707,object,2448,3264
train_1032.jpg,1421,528,1885,610,object,2448,3264
train_1032.jpg,1792,1976,2220,2071,object,2448,3264
train_1032.jpg,624,2266,991,2337,object,2448,3264
train_1032.jpg,650,2188,924,2252,object,2448,3264
train_1032.jpg,630,2336,984,2421,object,2448,3264
train_1032.jpg,1014,2278,1380,2347,object,2448,3264
train_1032.jpg,1021,2360,1381,2436,object,2448,3264
train_1032.jpg,1393,2285,1787,2369,object,2448,3264
train_1032.jpg,1389,2378,1784,2464,object,2448,3264
train_1032.jpg,1796,2277,2112,2360,object,2448,3264
train_1032.jpg,1792,2395,2166,2503,object,2448,3264
train_1032.jpg,2199,2278,2449,2373,object,2448,3264
train_1032.jpg,2196,2372,2440,2431,object,2448,3264
train_1032.jpg,2203,2438,2442,2518,object,2448,3264
train_1032.jpg,329,2642,675,2724,object,2448,3264
train_1032.jpg,685,2540,1069,2736,object,2448,3264
train_1032.jpg,1072,2586,1409,2668,object,2448,3264
train_1032.jpg,305,2336,630,2412,object,2448,3264
train_1032.jpg,290,2250,622,2331,object,2448,3264
train_1032.jpg,2215,2102,2448,2204,object,2448,3264
train_1032.jpg,2223,1992,2448,2096,object,2448,3264
train_1032.jpg,1847,1483,2207,1548,object,2448,3264
train_1032.jpg,1910,1628,2336,1726,object,2448,3264
train_1032.jpg,1898,1734,2320,1819,object,2448,3264
train_1032.jpg,278,1922,602,2014,object,2448,3264
train_1032.jpg,282,2019,606,2098,object,2448,3264
train_1032.jpg,611,1867,973,1951,object,2448,3264
train_1032.jpg,611,1957,975,2019,object,2448,3264
train_1032.jpg,1072,2677,1401,2747,object,2448,3264
train_1032.jpg,607,2027,980,2110,object,2448,3264
train_1032.jpg,986,2047,1363,2133,object,2448,3264
train_1032.jpg,1389,1898,1751,1964,object,2448,3264
train_1032.jpg,1374,1965,1775,2038,object,2448,3264
train_1032.jpg,1374,2043,1771,2141,object,2448,3264
train_1032.jpg,1796,1910,2233,1976,object,2448,3264
train_1032.jpg,1785,2074,2201,2164,object,2448,3264
train_1032.jpg,2243,1918,2450,1981,object,2448,3264
train_1032.jpg,990,1933,1360,2042,object,2448,3264
train_1032.jpg,1417,2560,1803,2643,object,2448,3264
train_1032.jpg,325,2532,665,2636,object,2448,3264
train_1032.jpg,1057,2881,1360,3028,object,2448,3264
train_1032.jpg,1413,2716,1746,2794,object,2448,3264
train_1032.jpg,1378,2951,1744,3015,object,2448,3264
train_1032.jpg,1378,2865,1749,2949,object,2448,3264
train_1032.jpg,2160,3060,2353,3137,object,2448,3264
train_1032.jpg,665,2968,1006,3045,object,2448,3264
train_1032.jpg,665,2877,1005,2963,object,2448,3264
train_1032.jpg,360,2951,661,3023,object,2448,3264
train_1032.jpg,356,2867,660,2947,object,2448,3264
train_1032.jpg,2141,2759,2449,2857,object,2448,3264
train_1032.jpg,1417,2642,1751,2713,object,2448,3264
train_1032.jpg,2141,2650,2445,2760,object,2448,3264
train_1032.jpg,1781,2646,2102,2735,object,2448,3264
train_1032.jpg,1378,3014,1736,3094,object,2448,3264
train_1032.jpg,1757,2896,2155,2988,object,2448,3264
train_1032.jpg,1757,2990,2151,3059,object,2448,3264
train_1032.jpg,1749,3064,2151,3136,object,2448,3264
train_1032.jpg,2160,3014,2364,3054,object,2448,3264
train_1032.jpg,1769,2744,2108,2803,object,2448,3264
train_1033.jpg,2188,1581,2312,1736,object,3264,2448
train_1033.jpg,2318,1592,2442,1747,object,3264,2448
train_1033.jpg,2450,1596,2685,1752,object,3264,2448
train_1033.jpg,1943,1586,2067,1741,object,3264,2448
train_1033.jpg,1571,1907,1735,2070,object,3264,2448
train_1033.jpg,1924,1865,2036,1964,object,3264,2448
train_1033.jpg,2043,1869,2157,1970,object,3264,2448
train_1033.jpg,2168,2009,2285,2079,object,3264,2448
train_1033.jpg,2292,2000,2409,2070,object,3264,2448
train_1033.jpg,2414,2015,2531,2085,object,3264,2448
train_1033.jpg,2173,1937,2290,2007,object,3264,2448
train_1033.jpg,2296,1928,2413,1998,object,3264,2448
train_1033.jpg,2421,1942,2538,2012,object,3264,2448
train_1033.jpg,2403,1815,2520,1885,object,3264,2448
train_1033.jpg,2649,1824,2845,2098,object,3264,2448
train_1033.jpg,2039,1976,2151,2075,object,3264,2448
train_1033.jpg,2691,1587,2919,1753,object,3264,2448
train_1033.jpg,1919,1966,2030,2065,object,3264,2448
train_1033.jpg,3072,1583,3197,1752,object,3264,2448
train_1033.jpg,1745,1919,1912,2083,object,3264,2448
train_1033.jpg,734,1931,904,2087,object,3264,2448
train_1033.jpg,561,1919,727,2075,object,3264,2448
train_1033.jpg,395,1915,555,2061,object,3264,2448
train_1033.jpg,115,0,353,124,object,3264,2448
train_1033.jpg,1408,1630,1578,1789,object,3264,2448
train_1033.jpg,2922,1583,3064,1761,object,3264,2448
train_1033.jpg,2851,1832,3000,2096,object,3264,2448
train_1033.jpg,1057,1622,1227,1781,object,3264,2448
train_1033.jpg,883,1627,1053,1786,object,3264,2448
train_1033.jpg,707,1627,877,1786,object,3264,2448
train_1033.jpg,497,1635,682,1790,object,3264,2448
train_1033.jpg,1129,1903,1299,2076,object,3264,2448
train_1033.jpg,3202,1575,3263,1743,object,3264,2448
train_1033.jpg,1233,1623,1403,1782,object,3264,2448
train_1033.jpg,3005,1832,3128,2092,object,3264,2448
train_1033.jpg,400,0,503,122,object,3264,2448
train_1033.jpg,1394,559,1488,683,object,3264,2448
train_1033.jpg,938,197,1197,480,object,3264,2448
train_1033.jpg,1204,359,1392,482,object,3264,2448
train_1033.jpg,1202,221,1392,353,object,3264,2448
train_1033.jpg,1401,247,1702,488,object,3264,2448
train_1033.jpg,1737,359,1931,487,object,3264,2448
train_1033.jpg,1939,328,2029,490,object,3264,2448
train_1033.jpg,2108,304,2231,489,object,3264,2448
train_1033.jpg,2241,276,2371,485,object,3264,2448
train_1033.jpg,2116,205,2237,295,object,3264,2448
train_1033.jpg,2377,186,2532,491,object,3264,2448
train_1033.jpg,2570,344,2680,499,object,3264,2448
train_1033.jpg,2795,265,2951,492,object,3264,2448
train_1033.jpg,3076,272,3212,491,object,3264,2448
train_1033.jpg,0,604,248,798,object,3264,2448
train_1033.jpg,249,602,497,795,object,3264,2448
train_1033.jpg,680,213,924,476,object,3264,2448
train_1033.jpg,3135,1825,3262,2088,object,3264,2448
train_1033.jpg,541,289,677,471,object,3264,2448
train_1033.jpg,91,272,284,468,object,3264,2448
train_1033.jpg,1385,689,1494,812,object,3264,2448
train_1033.jpg,1056,556,1233,808,object,3264,2448
train_1033.jpg,797,554,1051,809,object,3264,2448
train_1033.jpg,503,611,750,805,object,3264,2448
train_1033.jpg,2006,2,2124,144,object,3264,2448
train_1033.jpg,2129,1,2244,143,object,3264,2448
train_1033.jpg,2256,0,2390,142,object,3264,2448
train_1033.jpg,2399,0,2529,142,object,3264,2448
train_1033.jpg,2537,0,2653,141,object,3264,2448
train_1033.jpg,2680,0,2829,140,object,3264,2448
train_1033.jpg,2837,0,2963,137,object,3264,2448
train_1033.jpg,2967,0,3088,138,object,3264,2448
train_1033.jpg,1767,1404,1937,1561,object,3264,2448
train_1033.jpg,3098,0,3220,138,object,3264,2448
train_1033.jpg,0,265,86,464,object,3264,2448
train_1033.jpg,293,275,486,471,object,3264,2448
train_1033.jpg,1591,1399,1761,1556,object,3264,2448
train_1033.jpg,272,1919,390,2074,object,3264,2448
train_1033.jpg,1014,1395,1202,1564,object,3264,2448
train_1033.jpg,1789,683,1975,818,object,3264,2448
train_1033.jpg,2049,545,2221,820,object,3264,2448
train_1033.jpg,2352,553,2466,814,object,3264,2448
train_1033.jpg,2480,636,2621,823,object,3264,2448
train_1033.jpg,2484,537,2633,633,object,3264,2448
train_1033.jpg,2638,624,2730,814,object,3264,2448
train_1033.jpg,2764,620,2904,816,object,3264,2448
train_1033.jpg,2910,620,3035,820,object,3264,2448
train_1033.jpg,492,1144,661,1317,object,3264,2448
train_1033.jpg,3159,888,3264,1172,object,3264,2448
train_1033.jpg,3009,944,3144,1174,object,3264,2448
train_1033.jpg,2851,869,3005,1178,object,3264,2448
train_1033.jpg,2697,904,2840,1163,object,3264,2448
train_1033.jpg,2503,877,2689,1157,object,3264,2448
train_1033.jpg,2393,912,2496,1163,object,3264,2448
train_1033.jpg,2270,932,2388,1168,object,3264,2448
train_1033.jpg,1962,880,2132,1134,object,3264,2448
train_1033.jpg,1781,979,1959,1102,object,3264,2448
train_1033.jpg,1500,880,1778,1095,object,3264,2448
train_1033.jpg,1212,873,1497,1096,object,3264,2448
train_1033.jpg,1034,975,1209,1090,object,3264,2448
train_1033.jpg,849,904,1031,1087,object,3264,2448
train_1033.jpg,1414,1402,1583,1559,object,3264,2448
train_1033.jpg,2713,561,2850,616,object,3264,2448
train_1033.jpg,2882,541,3013,611,object,3264,2448
train_1033.jpg,16,884,229,1078,object,3264,2448
train_1033.jpg,233,892,482,1076,object,3264,2448
train_1033.jpg,490,904,653,1082,object,3264,2448
train_1033.jpg,659,908,840,1091,object,3264,2448
train_1033.jpg,1496,584,1784,813,object,3264,2448
train_1033.jpg,666,1148,818,1319,object,3264,2448
train_1033.jpg,2223,620,2342,817,object,3264,2448
train_1033.jpg,2069,1230,2173,1452,object,3264,2448
train_1033.jpg,3187,1237,3264,1474,object,3264,2448
train_1033.jpg,2748,1208,2917,1471,object,3264,2448
train_1033.jpg,2602,1232,2737,1462,object,3264,2448
train_1033.jpg,2424,1222,2596,1465,object,3264,2448
train_1033.jpg,2310,1230,2420,1458,object,3264,2448
train_1033.jpg,2186,1230,2290,1452,object,3264,2448
train_1033.jpg,827,1166,1007,1338,object,3264,2448
train_1033.jpg,1954,1228,2059,1450,object,3264,2448
train_1033.jpg,1777,1169,1950,1341,object,3264,2448
train_1033.jpg,1571,1173,1744,1346,object,3264,2448
train_1033.jpg,1389,1155,1567,1336,object,3264,2448
train_1033.jpg,1202,1157,1383,1333,object,3264,2448
train_1033.jpg,1023,1163,1198,1322,object,3264,2448
train_1033.jpg,509,0,834,125,object,3264,2448
train_1033.jpg,840,0,1035,132,object,3264,2448
train_1033.jpg,1042,0,1237,132,object,3264,2448
train_1033.jpg,1244,0,1439,132,object,3264,2448
train_1033.jpg,1446,0,1747,145,object,3264,2448
train_1033.jpg,1762,0,1977,147,object,3264,2448
train_1033.jpg,257,1390,456,1551,object,3264,2448
train_1033.jpg,497,1386,671,1555,object,3264,2448
train_1033.jpg,680,1390,853,1559,object,3264,2448
train_1033.jpg,3055,1246,3182,1474,object,3264,2448
train_1033.jpg,2922,1244,3049,1472,object,3264,2448
train_1034.jpg,100,1800,242,1978,object,2448,3264
train_1034.jpg,2401,1491,2450,1664,object,2448,3264
train_1034.jpg,2324,1442,2394,1669,object,2448,3264
train_1034.jpg,775,1804,889,2008,object,2448,3264
train_1034.jpg,416,1977,525,2011,object,2448,3264
train_1034.jpg,532,1806,648,2012,object,2448,3264
train_1034.jpg,659,1800,765,2018,object,2448,3264
train_1034.jpg,1198,2185,1312,2228,object,2448,3264
train_1034.jpg,1264,1803,1384,2012,object,2448,3264
train_1034.jpg,1145,1796,1256,2015,object,2448,3264
train_1034.jpg,2251,1515,2311,1669,object,2448,3264
train_1034.jpg,1025,1798,1135,2008,object,2448,3264
train_1034.jpg,902,1803,1016,2012,object,2448,3264
train_1034.jpg,250,1818,399,2012,object,2448,3264
train_1034.jpg,2181,1472,2242,1670,object,2448,3264
train_1034.jpg,2401,1800,2450,2022,object,2448,3264
train_1034.jpg,2012,1567,2089,1672,object,2448,3264
train_1034.jpg,2015,1033,2125,1291,object,2448,3264
train_1034.jpg,1884,1040,2008,1291,object,2448,3264
train_1034.jpg,1750,1044,1877,1296,object,2448,3264
train_1034.jpg,1603,1037,1741,1289,object,2448,3264
train_1034.jpg,1457,1044,1587,1284,object,2448,3264
train_1034.jpg,1222,1229,1320,1276,object,2448,3264
train_1034.jpg,956,967,1207,1287,object,2448,3264
train_1034.jpg,705,960,938,1281,object,2448,3264
train_1034.jpg,2131,1044,2261,1299,object,2448,3264
train_1034.jpg,2166,1830,2234,2014,object,2448,3264
train_1034.jpg,2081,1802,2161,2019,object,2448,3264
train_1034.jpg,2012,1811,2075,2022,object,2448,3264
train_1034.jpg,1865,1804,2003,2008,object,2448,3264
train_1034.jpg,1634,1814,1765,2012,object,2448,3264
train_1034.jpg,2100,1496,2177,1672,object,2448,3264
train_1034.jpg,1511,1796,1619,2017,object,2448,3264
train_1034.jpg,2243,1844,2327,2015,object,2448,3264
train_1034.jpg,2335,1797,2397,2015,object,2448,3264
train_1034.jpg,2289,975,2451,1287,object,2448,3264
train_1034.jpg,131,2235,242,2265,object,2448,3264
train_1034.jpg,116,2277,233,2308,object,2448,3264
train_1034.jpg,262,2204,368,2233,object,2448,3264
train_1034.jpg,247,2258,361,2281,object,2448,3264
train_1034.jpg,382,2089,492,2281,object,2448,3264
train_1034.jpg,497,2093,584,2281,object,2448,3264
train_1034.jpg,593,2080,722,2281,object,2448,3264
train_1034.jpg,728,2081,820,2279,object,2448,3264
train_1034.jpg,829,2081,948,2281,object,2448,3264
train_1034.jpg,960,2085,1060,2287,object,2448,3264
train_1034.jpg,1067,2078,1185,2285,object,2448,3264
train_1034.jpg,1391,1800,1499,2015,object,2448,3264
train_1034.jpg,50,1376,238,1660,object,2448,3264
train_1034.jpg,247,1381,399,1657,object,2448,3264
train_1034.jpg,1626,2077,1703,2289,object,2448,3264
train_1034.jpg,1742,2438,1822,2717,object,2448,3264
train_1034.jpg,1684,2432,1738,2717,object,2448,3264
train_1034.jpg,1599,2426,1674,2721,object,2448,3264
train_1034.jpg,1507,2428,1594,2719,object,2448,3264
train_1034.jpg,1434,2405,1501,2713,object,2448,3264
train_1034.jpg,1368,2416,1426,2722,object,2448,3264
train_1034.jpg,1272,2419,1359,2721,object,2448,3264
train_1034.jpg,1210,2459,1264,2716,object,2448,3264
train_1034.jpg,1133,2454,1201,2717,object,2448,3264
train_1034.jpg,1071,2459,1126,2717,object,2448,3264
train_1034.jpg,990,2447,1063,2724,object,2448,3264
train_1034.jpg,2277,2119,2336,2299,object,2448,3264
train_1034.jpg,2343,2080,2414,2289,object,2448,3264
train_1034.jpg,2428,2085,2451,2293,object,2448,3264
train_1034.jpg,104,2459,171,2722,object,2448,3264
train_1034.jpg,177,2442,249,2721,object,2448,3264
train_1034.jpg,343,2428,408,2697,object,2448,3264
train_1034.jpg,416,2445,471,2713,object,2448,3264
train_1034.jpg,478,2459,533,2721,object,2448,3264
train_1034.jpg,540,2449,608,2717,object,2448,3264
train_1034.jpg,617,2459,683,2711,object,2448,3264
train_1034.jpg,698,2449,750,2713,object,2448,3264
train_1034.jpg,759,2455,823,2711,object,2448,3264
train_1034.jpg,840,2421,902,2686,object,2448,3264
train_1034.jpg,909,2432,966,2677,object,2448,3264
train_1034.jpg,1834,2443,1896,2706,object,2448,3264
train_1034.jpg,1549,2069,1621,2294,object,2448,3264
train_1034.jpg,1965,2435,2037,2717,object,2448,3264
train_1034.jpg,2135,2432,2196,2710,object,2448,3264
train_1034.jpg,1715,2073,1778,2290,object,2448,3264
train_1034.jpg,1784,2066,1856,2289,object,2448,3264
train_1034.jpg,1865,2116,1961,2279,object,2448,3264
train_1034.jpg,1981,2084,2051,2289,object,2448,3264
train_1034.jpg,2058,2085,2124,2285,object,2448,3264
train_1034.jpg,2131,2073,2192,2274,object,2448,3264
train_1034.jpg,2204,2093,2264,2277,object,2448,3264
train_1034.jpg,412,1387,583,1662,object,2448,3264
train_1034.jpg,593,1385,750,1657,object,2448,3264
train_1034.jpg,759,1391,934,1661,object,2448,3264
train_1034.jpg,944,1476,1033,1667,object,2448,3264
train_1034.jpg,1040,1474,1134,1665,object,2448,3264
train_1034.jpg,1141,1480,1229,1668,object,2448,3264
train_1034.jpg,1241,1476,1309,1634,object,2448,3264
train_1034.jpg,1322,1472,1404,1665,object,2448,3264
train_1034.jpg,1414,1475,1491,1669,object,2448,3264
train_1034.jpg,1499,1480,1568,1665,object,2448,3264
train_1034.jpg,1576,1484,1646,1665,object,2448,3264
train_1034.jpg,1653,1484,1712,1666,object,2448,3264
train_1034.jpg,1719,1484,1798,1665,object,2448,3264
train_1034.jpg,1807,1480,1862,1664,object,2448,3264
train_1034.jpg,2424,2439,2448,2709,object,2448,3264
train_1034.jpg,2358,2443,2414,2702,object,2448,3264
train_1034.jpg,2297,2435,2347,2710,object,2448,3264
train_1034.jpg,2208,2440,2287,2713,object,2448,3264
train_1034.jpg,2046,2435,2127,2717,object,2448,3264
train_1034.jpg,1329,2078,1451,2293,object,2448,3264
train_1034.jpg,1869,1454,1938,1669,object,2448,3264
train_1034.jpg,2008,332,2167,817,object,2448,3264
train_1034.jpg,1430,424,1546,806,object,2448,3264
train_1034.jpg,1303,436,1415,809,object,2448,3264
train_1034.jpg,1164,416,1283,807,object,2448,3264
train_1034.jpg,1765,368,1838,809,object,2448,3264
train_1034.jpg,1850,339,1991,803,object,2448,3264
train_1034.jpg,362,948,679,1277,object,2448,3264
train_1034.jpg,31,940,356,1276,object,2448,3264
train_1034.jpg,2320,509,2435,819,object,2448,3264
train_1034.jpg,1942,1457,2007,1674,object,2448,3264
train_1034.jpg,1017,420,1143,806,object,2448,3264
train_1034.jpg,863,382,998,802,object,2448,3264
train_1034.jpg,732,385,853,803,object,2448,3264
train_1034.jpg,586,406,720,798,object,2448,3264
train_1034.jpg,501,401,572,802,object,2448,3264
train_1034.jpg,308,367,489,794,object,2448,3264
train_1034.jpg,31,324,163,787,object,2448,3264
train_1034.jpg,2173,384,2304,817,object,2448,3264
train_1034.jpg,1553,395,1639,805,object,2448,3264
train_1034.jpg,1649,382,1747,803,object,2448,3264
train_1035.jpg,2318,224,2415,429,object,2560,1920
train_1035.jpg,1140,645,1215,894,object,2560,1920
train_1035.jpg,1237,631,1292,921,object,2560,1920
train_1035.jpg,1314,636,1364,902,object,2560,1920
train_1035.jpg,1386,634,1477,902,object,2560,1920
train_1035.jpg,1494,645,1566,902,object,2560,1920
train_1035.jpg,960,634,1004,905,object,2560,1920
train_1035.jpg,1029,686,1120,899,object,2560,1920
train_1035.jpg,2493,836,2560,902,object,2560,1920
train_1035.jpg,1591,645,1665,894,object,2560,1920
train_1035.jpg,1013,1368,1069,1616,object,2560,1920
train_1035.jpg,957,1409,1005,1607,object,2560,1920
train_1035.jpg,888,1370,951,1605,object,2560,1920
train_1035.jpg,816,1349,876,1616,object,2560,1920
train_1035.jpg,750,1349,806,1627,object,2560,1920
train_1035.jpg,692,1336,744,1602,object,2560,1920
train_1035.jpg,620,1341,683,1605,object,2560,1920
train_1035.jpg,545,1346,607,1607,object,2560,1920
train_1035.jpg,465,1346,542,1618,object,2560,1920
train_1035.jpg,404,1331,449,1610,object,2560,1920
train_1035.jpg,307,1328,371,1616,object,2560,1920
train_1035.jpg,226,1330,295,1610,object,2560,1920
train_1035.jpg,149,1342,215,1616,object,2560,1920
train_1035.jpg,71,1339,140,1621,object,2560,1920
train_1035.jpg,3,1350,66,1608,object,2560,1920
train_1035.jpg,860,578,949,907,object,2560,1920
train_1035.jpg,1679,642,1771,891,object,2560,1920
train_1035.jpg,2321,634,2396,910,object,2560,1920
train_1035.jpg,1873,661,1939,907,object,2560,1920
train_1035.jpg,2014,196,2086,426,object,2560,1920
train_1035.jpg,1912,357,1973,451,object,2560,1920
train_1035.jpg,1831,166,1901,421,object,2560,1920
train_1035.jpg,1746,77,1804,332,object,2560,1920
train_1035.jpg,1652,155,1710,459,object,2560,1920
train_1035.jpg,1577,149,1641,456,object,2560,1920
train_1035.jpg,1505,108,1558,470,object,2560,1920
train_1035.jpg,1422,194,1497,445,object,2560,1920
train_1035.jpg,1328,257,1419,434,object,2560,1920
train_1035.jpg,1278,133,1328,454,object,2560,1920
train_1035.jpg,1198,127,1262,429,object,2560,1920
train_1035.jpg,1109,205,1184,421,object,2560,1920
train_1035.jpg,1015,160,1098,429,object,2560,1920
train_1035.jpg,910,133,999,434,object,2560,1920
train_1035.jpg,855,158,891,421,object,2560,1920
train_1035.jpg,769,191,824,423,object,2560,1920
train_1035.jpg,661,158,750,434,object,2560,1920
train_1035.jpg,1967,642,2033,885,object,2560,1920
train_1035.jpg,2036,658,2127,888,object,2560,1920
train_1035.jpg,2150,609,2216,891,object,2560,1920
train_1035.jpg,2222,664,2296,910,object,2560,1920
train_1035.jpg,1073,1417,1127,1613,object,2560,1920
train_1035.jpg,2399,811,2490,902,object,2560,1920
train_1035.jpg,1790,653,1859,894,object,2560,1920
train_1035.jpg,2443,174,2561,426,object,2560,1920
train_1035.jpg,111,172,174,423,object,2560,1920
train_1035.jpg,174,158,285,429,object,2560,1920
train_1035.jpg,296,188,385,415,object,2560,1920
train_1035.jpg,412,351,520,415,object,2560,1920
train_1035.jpg,426,241,515,329,object,2560,1920
train_1035.jpg,556,144,628,421,object,2560,1920
train_1035.jpg,1,149,77,432,object,2560,1920
train_1035.jpg,1134,1414,1181,1596,object,2560,1920
train_1035.jpg,1375,1371,1428,1591,object,2560,1920
train_1035.jpg,1253,1352,1305,1607,object,2560,1920
train_1035.jpg,83,1026,141,1253,object,2560,1920
train_1035.jpg,169,979,243,1275,object,2560,1920
train_1035.jpg,268,1032,338,1270,object,2560,1920
train_1035.jpg,338,1051,418,1262,object,2560,1920
train_1035.jpg,429,979,501,1284,object,2560,1920
train_1035.jpg,1190,1393,1244,1602,object,2560,1920
train_1035.jpg,528,1021,603,1295,object,2560,1920
train_1035.jpg,611,1018,705,1242,object,2560,1920
train_1035.jpg,717,1032,797,1256,object,2560,1920
train_1035.jpg,833,1029,896,1256,object,2560,1920
train_1035.jpg,907,977,988,1256,object,2560,1920
train_1035.jpg,999,974,1071,1242,object,2560,1920
train_1035.jpg,1084,988,1137,1231,object,2560,1920
train_1035.jpg,1148,996,1215,1239,object,2560,1920
train_1035.jpg,1228,1032,1275,1248,object,2560,1920
train_1035.jpg,1286,985,1333,1226,object,2560,1920
train_1035.jpg,1339,993,1419,1242,object,2560,1920
train_1035.jpg,1441,1109,1522,1231,object,2560,1920
train_1035.jpg,1552,968,1607,1226,object,2560,1920
train_1035.jpg,1624,990,1693,1250,object,2560,1920
train_1035.jpg,1804,971,1901,1259,object,2560,1920
train_1035.jpg,1917,963,1981,1237,object,2560,1920
train_1035.jpg,2006,963,2080,1242,object,2560,1920
train_1035.jpg,2092,968,2155,1256,object,2560,1920
train_1035.jpg,2175,966,2219,1256,object,2560,1920
train_1035.jpg,3,990,75,1264,object,2560,1920
train_1035.jpg,1,606,94,916,object,2560,1920
train_1035.jpg,2241,227,2307,426,object,2560,1920
train_1035.jpg,183,595,263,910,object,2560,1920
train_1035.jpg,2100,1549,2241,1607,object,2560,1920
train_1035.jpg,2141,1405,2258,1491,object,2560,1920
train_1035.jpg,2061,1381,2111,1630,object,2560,1920
train_1035.jpg,1989,1367,2047,1591,object,2560,1920
train_1035.jpg,97,622,174,913,object,2560,1920
train_1035.jpg,1829,1444,1892,1632,object,2560,1920
train_1035.jpg,2258,1369,2357,1569,object,2560,1920
train_1035.jpg,1760,1403,1823,1610,object,2560,1920
train_1035.jpg,1636,1375,1680,1599,object,2560,1920
train_1035.jpg,1585,1399,1634,1616,object,2560,1920
train_1035.jpg,1497,1342,1572,1610,object,2560,1920
train_1035.jpg,1433,1381,1495,1596,object,2560,1920
train_1035.jpg,2111,188,2210,445,object,2560,1920
train_1035.jpg,1309,1394,1365,1602,object,2560,1920
train_1035.jpg,1682,1345,1754,1624,object,2560,1920
train_1035.jpg,2404,1325,2493,1624,object,2560,1920
train_1035.jpg,1892,1325,1981,1591,object,2560,1920
train_1035.jpg,2318,982,2374,1231,object,2560,1920
train_1035.jpg,2238,971,2299,1237,object,2560,1920
train_1035.jpg,296,631,373,902,object,2560,1920
train_1035.jpg,2396,977,2468,1264,object,2560,1920
train_1035.jpg,371,717,440,899,object,2560,1920
train_1035.jpg,775,564,852,896,object,2560,1920
train_1035.jpg,456,603,520,894,object,2560,1920
train_1035.jpg,528,769,603,885,object,2560,1920
train_1035.jpg,697,584,769,921,object,2560,1920
train_1035.jpg,620,639,686,902,object,2560,1920
train_1036.jpg,332,479,400,767,object,1920,2560
train_1036.jpg,257,476,330,768,object,1920,2560
train_1036.jpg,197,454,251,771,object,1920,2560
train_1036.jpg,135,457,190,772,object,1920,2560
train_1036.jpg,66,442,121,768,object,1920,2560
train_1036.jpg,9,451,58,780,object,1920,2560
train_1036.jpg,407,476,464,766,object,1920,2560
train_1036.jpg,473,577,526,772,object,1920,2560
train_1036.jpg,843,476,909,759,object,1920,2560
train_1036.jpg,586,526,645,765,object,1920,2560
train_1036.jpg,655,492,702,763,object,1920,2560
train_1036.jpg,708,479,750,764,object,1920,2560
train_1036.jpg,1200,902,1271,1150,object,1920,2560
train_1036.jpg,1106,902,1176,1149,object,1920,2560
train_1036.jpg,931,971,1013,1157,object,1920,2560
train_1036.jpg,843,974,924,1159,object,1920,2560
train_1036.jpg,749,915,828,1159,object,1920,2560
train_1036.jpg,652,909,741,1160,object,1920,2560
train_1036.jpg,536,545,583,762,object,1920,2560
train_1036.jpg,1034,887,1103,1152,object,1920,2560
train_1036.jpg,1072,2347,1146,2563,object,1920,2560
train_1036.jpg,1288,912,1360,1144,object,1920,2560
train_1036.jpg,56,2002,135,2270,object,1920,2560
train_1036.jpg,0,2009,38,2265,object,1920,2560
train_1036.jpg,0,1654,71,1924,object,1920,2560
train_1036.jpg,78,1651,143,1924,object,1920,2560
train_1036.jpg,175,1658,253,1911,object,1920,2560
train_1036.jpg,577,2350,627,2562,object,1920,2560
train_1036.jpg,401,2353,475,2562,object,1920,2560
train_1036.jpg,326,2353,397,2560,object,1920,2560
train_1036.jpg,248,2356,324,2560,object,1920,2560
train_1036.jpg,185,2469,225,2562,object,1920,2560
train_1036.jpg,135,2466,179,2562,object,1920,2560
train_1036.jpg,47,2322,113,2561,object,1920,2560
train_1036.jpg,119,2312,157,2454,object,1920,2560
train_1036.jpg,229,2002,322,2265,object,1920,2560
train_1036.jpg,3,2334,43,2561,object,1920,2560
train_1036.jpg,335,1658,422,1912,object,1920,2560
train_1036.jpg,432,1664,505,1913,object,1920,2560
train_1036.jpg,511,1661,588,1909,object,1920,2560
train_1036.jpg,598,1654,668,1904,object,1920,2560
train_1036.jpg,765,1648,833,1901,object,1920,2560
train_1036.jpg,849,1680,920,1896,object,1920,2560
train_1036.jpg,949,1639,1022,1900,object,1920,2560
train_1036.jpg,1031,1642,1101,1893,object,1920,2560
train_1036.jpg,1112,1633,1192,1896,object,1920,2560
train_1036.jpg,1203,1633,1282,1900,object,1920,2560
train_1036.jpg,1285,1620,1393,1898,object,1920,2560
train_1036.jpg,1404,1626,1502,1889,object,1920,2560
train_1036.jpg,1507,1636,1611,1889,object,1920,2560
train_1036.jpg,254,1654,333,1907,object,1920,2560
train_1036.jpg,1617,1639,1712,1886,object,1920,2560
train_1036.jpg,338,1983,419,2263,object,1920,2560
train_1036.jpg,517,1971,578,2236,object,1920,2560
train_1036.jpg,1156,2347,1231,2558,object,1920,2560
train_1036.jpg,1241,2334,1330,2561,object,1920,2560
train_1036.jpg,1344,2341,1427,2562,object,1920,2560
train_1036.jpg,1448,2344,1528,2563,object,1920,2560
train_1036.jpg,1532,2366,1585,2563,object,1920,2560
train_1036.jpg,1589,2359,1643,2562,object,1920,2560
train_1036.jpg,1651,2338,1737,2562,object,1920,2560
train_1036.jpg,1745,2338,1843,2560,object,1920,2560
train_1036.jpg,893,2353,965,2561,object,1920,2560
train_1036.jpg,821,2353,888,2561,object,1920,2560
train_1036.jpg,709,2356,791,2562,object,1920,2560
train_1036.jpg,633,2347,702,2557,object,1920,2560
train_1036.jpg,1808,1962,1922,2244,object,1920,2560
train_1036.jpg,423,2043,489,2257,object,1920,2560
train_1036.jpg,1708,1968,1799,2237,object,1920,2560
train_1036.jpg,1501,1958,1571,2213,object,1920,2560
train_1036.jpg,1416,1980,1495,2239,object,1920,2560
train_1036.jpg,1307,1987,1398,2247,object,1920,2560
train_1036.jpg,1231,1993,1294,2243,object,1920,2560
train_1036.jpg,1115,2071,1220,2255,object,1920,2560
train_1036.jpg,1037,1993,1101,2247,object,1920,2560
train_1036.jpg,987,1987,1035,2245,object,1920,2560
train_1036.jpg,978,2347,1058,2561,object,1920,2560
train_1036.jpg,899,1993,960,2258,object,1920,2560
train_1036.jpg,827,1990,892,2258,object,1920,2560
train_1036.jpg,771,1987,826,2251,object,1920,2560
train_1036.jpg,733,1987,768,2242,object,1920,2560
train_1036.jpg,586,1993,647,2249,object,1920,2560
train_1036.jpg,1598,2106,1685,2242,object,1920,2560
train_1036.jpg,1720,1614,1802,1890,object,1920,2560
train_1036.jpg,677,1651,754,1901,object,1920,2560
train_1036.jpg,1830,1272,1916,1525,object,1920,2560
train_1036.jpg,1366,880,1469,1140,object,1920,2560
train_1036.jpg,107,909,169,1083,object,1920,2560
train_1036.jpg,9,909,89,1171,object,1920,2560
train_1036.jpg,1175,514,1224,758,object,1920,2560
train_1036.jpg,392,921,460,1169,object,1920,2560
train_1036.jpg,464,909,552,1166,object,1920,2560
train_1036.jpg,555,909,650,1162,object,1920,2560
train_1036.jpg,1817,1789,1918,1883,object,1920,2560
train_1036.jpg,918,479,989,761,object,1920,2560
train_1036.jpg,1000,551,1052,753,object,1920,2560
train_1036.jpg,0,1304,63,1557,object,1920,2560
train_1036.jpg,1059,511,1118,758,object,1920,2560
train_1036.jpg,1592,890,1699,1135,object,1920,2560
train_1036.jpg,1708,884,1805,1130,object,1920,2560
train_1036.jpg,1821,902,1901,1094,object,1920,2560
train_1036.jpg,1864,464,1918,731,object,1920,2560
train_1036.jpg,1774,517,1836,731,object,1920,2560
train_1036.jpg,1661,479,1721,737,object,1920,2560
train_1036.jpg,1567,476,1654,742,object,1920,2560
train_1036.jpg,1470,486,1561,742,object,1920,2560
train_1036.jpg,1372,696,1465,749,object,1920,2560
train_1036.jpg,1238,463,1314,750,object,1920,2560
train_1036.jpg,1473,874,1581,1136,object,1920,2560
train_1036.jpg,85,1304,121,1558,object,1920,2560
train_1036.jpg,277,906,352,1174,object,1920,2560
train_1036.jpg,354,1297,427,1556,object,1920,2560
train_1036.jpg,1723,1275,1819,1537,object,1920,2560
train_1036.jpg,1661,1291,1720,1537,object,1920,2560
train_1036.jpg,1548,1278,1654,1535,object,1920,2560
train_1036.jpg,1441,1285,1533,1539,object,1920,2560
train_1036.jpg,1357,1282,1433,1535,object,1920,2560
train_1036.jpg,1291,1285,1347,1543,object,1920,2560
train_1036.jpg,1222,1291,1285,1545,object,1920,2560
train_1036.jpg,1150,1294,1219,1538,object,1920,2560
train_1036.jpg,1062,1291,1144,1536,object,1920,2560
train_1036.jpg,974,1294,1031,1545,object,1920,2560
train_1036.jpg,125,1316,184,1557,object,1920,2560
train_1036.jpg,1122,514,1166,758,object,1920,2560
train_1036.jpg,796,1341,888,1547,object,1920,2560
train_1036.jpg,442,1307,513,1555,object,1920,2560
train_1036.jpg,517,1307,601,1552,object,1920,2560
train_1036.jpg,614,1300,701,1549,object,1920,2560
train_1036.jpg,718,1291,796,1545,object,1920,2560
train_1036.jpg,893,1300,967,1549,object,1920,2560
train_1037.jpg,1550,467,1722,650,object,1920,2560
train_1037.jpg,1367,490,1542,646,object,1920,2560
train_1037.jpg,1207,493,1366,650,object,1920,2560
train_1037.jpg,983,767,1135,945,object,1920,2560
train_1037.jpg,1139,701,1276,947,object,1920,2560
train_1037.jpg,1282,764,1374,943,object,1920,2560
train_1037.jpg,1374,709,1515,948,object,1920,2560
train_1037.jpg,1520,746,1621,936,object,1920,2560
train_1037.jpg,754,518,918,662,object,1920,2560
train_1037.jpg,641,168,759,402,object,1920,2560
train_1037.jpg,527,171,638,399,object,1920,2560
train_1037.jpg,412,192,525,404,object,1920,2560
train_1037.jpg,1621,736,1714,934,object,1920,2560
train_1037.jpg,306,196,407,403,object,1920,2560
train_1037.jpg,1037,464,1199,653,object,1920,2560
train_1037.jpg,66,181,184,403,object,1920,2560
train_1037.jpg,0,509,137,664,object,1920,2560
train_1037.jpg,137,484,239,662,object,1920,2560
train_1037.jpg,243,501,411,662,object,1920,2560
train_1037.jpg,414,501,569,656,object,1920,2560
train_1037.jpg,571,518,751,658,object,1920,2560
train_1037.jpg,924,468,1020,662,object,1920,2560
train_1037.jpg,187,164,305,408,object,1920,2560
train_1037.jpg,184,2234,262,2407,object,1920,2560
train_1037.jpg,387,1930,493,2126,object,1920,2560
train_1037.jpg,1760,180,1859,378,object,1920,2560
train_1037.jpg,1616,206,1746,380,object,1920,2560
train_1037.jpg,1527,176,1609,375,object,1920,2560
train_1037.jpg,1352,271,1527,376,object,1920,2560
train_1037.jpg,1233,128,1347,380,object,1920,2560
train_1037.jpg,822,802,983,943,object,1920,2560
train_1037.jpg,1382,2243,1450,2403,object,1920,2560
train_1037.jpg,1456,2230,1533,2400,object,1920,2560
train_1037.jpg,1534,2227,1605,2398,object,1920,2560
train_1037.jpg,1609,2224,1678,2396,object,1920,2560
train_1037.jpg,1100,2236,1180,2403,object,1920,2560
train_1037.jpg,1033,2223,1101,2405,object,1920,2560
train_1037.jpg,963,2225,1029,2388,object,1920,2560
train_1037.jpg,881,2239,961,2409,object,1920,2560
train_1037.jpg,810,2252,878,2411,object,1920,2560
train_1037.jpg,713,2209,808,2410,object,1920,2560
train_1037.jpg,622,2231,708,2410,object,1920,2560
train_1037.jpg,509,2225,620,2411,object,1920,2560
train_1037.jpg,415,2223,507,2410,object,1920,2560
train_1037.jpg,337,2234,412,2407,object,1920,2560
train_1037.jpg,262,2247,332,2407,object,1920,2560
train_1037.jpg,51,2240,125,2411,object,1920,2560
train_1037.jpg,43,1998,110,2126,object,1920,2560
train_1037.jpg,206,1938,294,2125,object,1920,2560
train_1037.jpg,296,1935,380,2126,object,1920,2560
train_1037.jpg,492,1930,607,2114,object,1920,2560
train_1037.jpg,732,795,822,953,object,1920,2560
train_1037.jpg,1284,2210,1380,2400,object,1920,2560
train_1037.jpg,720,1734,780,1859,object,1920,2560
train_1037.jpg,1210,1656,1301,1852,object,1920,2560
train_1037.jpg,1123,1681,1209,1851,object,1920,2560
train_1037.jpg,1049,1679,1123,1850,object,1920,2560
train_1037.jpg,943,1647,1045,1848,object,1920,2560
train_1037.jpg,783,1655,882,1855,object,1920,2560
train_1037.jpg,646,1736,709,1861,object,1920,2560
train_1037.jpg,564,1707,644,1860,object,1920,2560
train_1037.jpg,489,1725,562,1859,object,1920,2560
train_1037.jpg,411,1726,482,1862,object,1920,2560
train_1037.jpg,309,1637,403,1867,object,1920,2560
train_1037.jpg,121,1660,232,1867,object,1920,2560
train_1037.jpg,23,1689,117,1863,object,1920,2560
train_1037.jpg,880,157,994,392,object,1920,2560
train_1037.jpg,172,1329,329,1429,object,1920,2560
train_1037.jpg,169,1430,333,1519,object,1920,2560
train_1037.jpg,1303,1609,1416,1851,object,1920,2560
train_1037.jpg,335,1348,494,1523,object,1920,2560
train_1037.jpg,1417,1585,1527,1848,object,1920,2560
train_1037.jpg,1577,1977,1648,2122,object,1920,2560
train_1037.jpg,996,158,1116,391,object,1920,2560
train_1037.jpg,1119,144,1234,382,object,1920,2560
train_1037.jpg,1182,2188,1285,2395,object,1920,2560
train_1037.jpg,606,1985,669,2126,object,1920,2560
train_1037.jpg,671,1976,748,2122,object,1920,2560
train_1037.jpg,801,2002,870,2126,object,1920,2560
train_1037.jpg,871,1996,933,2121,object,1920,2560
train_1037.jpg,937,1933,1045,2126,object,1920,2560
train_1037.jpg,1050,1985,1116,2122,object,1920,2560
train_1037.jpg,1117,2000,1178,2123,object,1920,2560
train_1037.jpg,1183,1925,1268,2122,object,1920,2560
train_1037.jpg,1274,1977,1347,2120,object,1920,2560
train_1037.jpg,1346,1961,1425,2118,object,1920,2560
train_1037.jpg,1426,1973,1495,2117,object,1920,2560
train_1037.jpg,1493,1974,1574,2122,object,1920,2560
train_1037.jpg,1527,1581,1649,1839,object,1920,2560
train_1037.jpg,499,1327,591,1519,object,1920,2560
train_1037.jpg,0,1339,165,1529,object,1920,2560
train_1037.jpg,712,1308,811,1409,object,1920,2560
train_1037.jpg,736,1088,816,1234,object,1920,2560
train_1037.jpg,658,1080,736,1237,object,1920,2560
train_1037.jpg,592,1318,709,1515,object,1920,2560
train_1037.jpg,462,1076,546,1234,object,1920,2560
train_1037.jpg,337,1076,461,1241,object,1920,2560
train_1037.jpg,251,1061,335,1235,object,1920,2560
train_1037.jpg,82,1105,223,1245,object,1920,2560
train_1037.jpg,818,1038,913,1233,object,1920,2560
train_1037.jpg,0,1080,80,1245,object,1920,2560
train_1037.jpg,0,863,134,955,object,1920,2560
train_1037.jpg,147,868,317,955,object,1920,2560
train_1037.jpg,317,777,467,865,object,1920,2560
train_1037.jpg,318,867,474,951,object,1920,2560
train_1037.jpg,474,789,642,869,object,1920,2560
train_1037.jpg,475,872,646,959,object,1920,2560
train_1037.jpg,655,793,732,951,object,1920,2560
train_1037.jpg,0,768,136,861,object,1920,2560
train_1037.jpg,916,1037,1019,1229,object,1920,2560
train_1037.jpg,549,1076,653,1233,object,1920,2560
train_1037.jpg,1123,1026,1224,1227,object,1920,2560
train_1037.jpg,709,1417,810,1515,object,1920,2560
train_1037.jpg,819,1413,908,1512,object,1920,2560
train_1037.jpg,911,1341,990,1519,object,1920,2560
train_1037.jpg,1022,1028,1118,1225,object,1920,2560
train_1037.jpg,1056,1390,1127,1507,object,1920,2560
train_1037.jpg,1128,1373,1198,1511,object,1920,2560
train_1037.jpg,1200,1370,1268,1508,object,1920,2560
train_1037.jpg,1273,1368,1343,1503,object,1920,2560
train_1037.jpg,998,1385,1057,1507,object,1920,2560
train_1037.jpg,1487,1339,1577,1503,object,1920,2560
train_1037.jpg,1226,1028,1327,1227,object,1920,2560
train_1037.jpg,1327,1023,1464,1221,object,1920,2560
train_1037.jpg,1344,1370,1413,1501,object,1920,2560
train_1037.jpg,1468,1039,1558,1213,object,1920,2560
train_1037.jpg,1566,1049,1667,1202,object,1920,2560
train_1037.jpg,1579,1339,1648,1501,object,1920,2560
train_1037.jpg,767,201,881,391,object,1920,2560
train_1038.jpg,445,810,650,1014,object,2448,3264
train_1038.jpg,0,806,198,1014,object,2448,3264
train_1038.jpg,2321,523,2419,700,object,2448,3264
train_1038.jpg,2171,442,2308,700,object,2448,3264
train_1038.jpg,1041,311,1143,428,object,2448,3264
train_1038.jpg,1636,314,1772,382,object,2448,3264
train_1038.jpg,1976,429,2099,696,object,2448,3264
train_1038.jpg,902,730,1083,1058,object,2448,3264
train_1038.jpg,659,812,878,1016,object,2448,3264
train_1038.jpg,127,2564,311,2678,object,2448,3264
train_1038.jpg,1684,479,1796,704,object,2448,3264
train_1038.jpg,1542,423,1678,704,object,2448,3264
train_1038.jpg,1318,438,1444,695,object,2448,3264
train_1038.jpg,1179,449,1309,692,object,2448,3264
train_1038.jpg,1041,434,1163,685,object,2448,3264
train_1038.jpg,913,445,1037,683,object,2448,3264
train_1038.jpg,644,449,864,676,object,2448,3264
train_1038.jpg,404,449,631,663,object,2448,3264
train_1038.jpg,161,434,387,670,object,2448,3264
train_1038.jpg,153,288,382,424,object,2448,3264
train_1038.jpg,0,442,158,664,object,2448,3264
train_1038.jpg,0,288,148,435,object,2448,3264
train_1038.jpg,1239,734,1416,1063,object,2448,3264
train_1038.jpg,1834,445,1965,697,object,2448,3264
train_1038.jpg,1422,857,1566,1067,object,2448,3264
train_1038.jpg,1662,737,1818,1066,object,2448,3264
train_1038.jpg,1829,829,1974,1069,object,2448,3264
train_1038.jpg,1344,2249,1488,2426,object,2448,3264
train_1038.jpg,1194,2242,1336,2426,object,2448,3264
train_1038.jpg,1074,2178,1188,2426,object,2448,3264
train_1038.jpg,927,2246,1068,2430,object,2448,3264
train_1038.jpg,812,2224,922,2414,object,2448,3264
train_1038.jpg,689,2242,805,2419,object,2448,3264
train_1038.jpg,494,2190,680,2422,object,2448,3264
train_1038.jpg,292,2246,488,2441,object,2448,3264
train_1038.jpg,97,2250,284,2438,object,2448,3264
train_1038.jpg,2321,1804,2448,2072,object,2448,3264
train_1038.jpg,2246,1814,2301,2055,object,2448,3264
train_1038.jpg,2156,1812,2238,2062,object,2448,3264
train_1038.jpg,2066,1808,2147,2026,object,2448,3264
train_1038.jpg,1939,1810,2038,2062,object,2448,3264
train_1038.jpg,1838,1815,1931,2065,object,2448,3264
train_1038.jpg,1718,1842,1801,2076,object,2448,3264
train_1038.jpg,1643,1842,1715,2074,object,2448,3264
train_1038.jpg,1568,1838,1636,2076,object,2448,3264
train_1038.jpg,1490,1847,1563,2077,object,2448,3264
train_1038.jpg,1355,1965,1481,2098,object,2448,3264
train_1038.jpg,1276,1834,1351,2092,object,2448,3264
train_1038.jpg,1497,2246,1639,2421,object,2448,3264
train_1038.jpg,1198,1827,1272,2095,object,2448,3264
train_1038.jpg,1489,2164,1639,2242,object,2448,3264
train_1038.jpg,1759,2193,1862,2337,object,2448,3264
train_1038.jpg,131,2688,314,2790,object,2448,3264
train_1038.jpg,322,2620,518,2790,object,2448,3264
train_1038.jpg,573,2474,705,2771,object,2448,3264
train_1038.jpg,756,2463,860,2581,object,2448,3264
train_1038.jpg,936,2485,1032,2768,object,2448,3264
train_1038.jpg,1041,2485,1148,2761,object,2448,3264
train_1038.jpg,1153,2478,1248,2748,object,2448,3264
train_1038.jpg,1430,2512,1530,2753,object,2448,3264
train_1038.jpg,1531,2467,1601,2602,object,2448,3264
train_1038.jpg,1639,2519,1748,2738,object,2448,3264
train_1038.jpg,1752,2500,1840,2731,object,2448,3264
train_1038.jpg,1868,2452,1956,2573,object,2448,3264
train_1038.jpg,1988,2489,2081,2713,object,2448,3264
train_1038.jpg,2089,2479,2172,2706,object,2448,3264
train_1038.jpg,2178,2478,2265,2700,object,2448,3264
train_1038.jpg,2276,2452,2367,2543,object,2448,3264
train_1038.jpg,2328,2193,2444,2399,object,2448,3264
train_1038.jpg,2238,2253,2307,2405,object,2448,3264
train_1038.jpg,2152,2261,2225,2405,object,2448,3264
train_1038.jpg,2077,2250,2141,2409,object,2448,3264
train_1038.jpg,1894,2235,1991,2408,object,2448,3264
train_1038.jpg,1647,2156,1753,2322,object,2448,3264
train_1038.jpg,1119,1827,1195,2094,object,2448,3264
train_1038.jpg,1022,1830,1108,2097,object,2448,3264
train_1038.jpg,913,1879,1003,2108,object,2448,3264
train_1038.jpg,678,1385,884,1583,object,2448,3264
train_1038.jpg,487,1381,671,1593,object,2448,3264
train_1038.jpg,292,1392,480,1584,object,2448,3264
train_1038.jpg,75,1389,285,1586,object,2448,3264
train_1038.jpg,2287,1127,2450,1434,object,2448,3264
train_1038.jpg,2074,1200,2209,1449,object,2448,3264
train_1038.jpg,1958,1224,2064,1446,object,2448,3264
train_1038.jpg,1812,1217,1948,1436,object,2448,3264
train_1038.jpg,1677,1231,1809,1443,object,2448,3264
train_1038.jpg,1497,1213,1631,1450,object,2448,3264
train_1038.jpg,1374,1231,1491,1444,object,2448,3264
train_1038.jpg,1202,1117,1362,1449,object,2448,3264
train_1038.jpg,1071,1239,1196,1452,object,2448,3264
train_1038.jpg,898,1134,1056,1448,object,2448,3264
train_1038.jpg,678,1112,886,1303,object,2448,3264
train_1038.jpg,457,1093,666,1304,object,2448,3264
train_1038.jpg,232,1095,448,1306,object,2448,3264
train_1038.jpg,0,1097,226,1307,object,2448,3264
train_1038.jpg,2302,742,2448,1056,object,2448,3264
train_1038.jpg,2141,734,2299,1056,object,2448,3264
train_1038.jpg,1984,723,2130,1059,object,2448,3264
train_1038.jpg,928,1561,1024,1781,object,2448,3264
train_1038.jpg,1150,1508,1264,1782,object,2448,3264
train_1038.jpg,1269,1502,1372,1782,object,2448,3264
train_1038.jpg,1377,1501,1513,1768,object,2448,3264
train_1038.jpg,835,1950,908,2150,object,2448,3264
train_1038.jpg,749,1958,821,2149,object,2448,3264
train_1038.jpg,663,1961,735,2141,object,2448,3264
train_1038.jpg,517,1943,649,2154,object,2448,3264
train_1038.jpg,393,1958,512,2155,object,2448,3264
train_1038.jpg,255,1958,387,2160,object,2448,3264
train_1038.jpg,127,1958,250,2164,object,2448,3264
train_1038.jpg,11,1954,122,2167,object,2448,3264
train_1038.jpg,846,1639,917,1802,object,2448,3264
train_1038.jpg,692,1627,782,1887,object,2448,3264
train_1038.jpg,0,2605,123,2792,object,2448,3264
train_1038.jpg,603,1639,684,1880,object,2448,3264
train_1038.jpg,430,1636,514,1892,object,2448,3264
train_1038.jpg,337,1637,421,1902,object,2448,3264
train_1038.jpg,240,1632,328,1895,object,2448,3264
train_1038.jpg,150,1628,231,1898,object,2448,3264
train_1038.jpg,56,1666,145,1896,object,2448,3264
train_1038.jpg,2265,1479,2377,1764,object,2448,3264
train_1038.jpg,2119,1480,2257,1767,object,2448,3264
train_1038.jpg,1969,1494,2114,1763,object,2448,3264
train_1038.jpg,1713,1496,1855,1779,object,2448,3264
train_1038.jpg,1520,1501,1707,1780,object,2448,3264
train_1038.jpg,517,1639,596,1894,object,2448,3264
train_1038.jpg,1033,1508,1140,1785,object,2448,3264
train_1038.jpg,202,809,439,1018,object,2448,3264
train_1039.jpg,1168,2723,1264,2835,object,2448,3264
train_1039.jpg,2016,439,2108,759,object,2448,3264
train_1039.jpg,2106,443,2230,759,object,2448,3264
train_1039.jpg,2231,444,2327,764,object,2448,3264
train_1039.jpg,2326,398,2440,764,object,2448,3264
train_1039.jpg,85,848,159,1102,object,2448,3264
train_1039.jpg,175,774,302,1113,object,2448,3264
train_1039.jpg,1397,374,1775,746,object,2448,3264
train_1039.jpg,339,794,531,1688,object,2448,3264
train_1039.jpg,644,814,788,1123,object,2448,3264
train_1039.jpg,100,2031,285,2305,object,2448,3264
train_1039.jpg,2296,1635,2354,1936,object,2448,3264
train_1039.jpg,2206,1647,2296,1954,object,2448,3264
train_1039.jpg,2096,1656,2202,1961,object,2448,3264
train_1039.jpg,2001,1622,2085,1953,object,2448,3264
train_1039.jpg,534,784,644,1117,object,2448,3264
train_1039.jpg,1248,376,1371,734,object,2448,3264
train_1039.jpg,1103,354,1249,730,object,2448,3264
train_1039.jpg,938,372,1088,724,object,2448,3264
train_1039.jpg,1532,2026,1754,2290,object,2448,3264
train_1039.jpg,1372,2028,1532,2306,object,2448,3264
train_1039.jpg,1233,2031,1368,2303,object,2448,3264
train_1039.jpg,1063,2042,1229,2296,object,2448,3264
train_1039.jpg,5,344,67,676,object,2448,3264
train_1039.jpg,75,337,155,679,object,2448,3264
train_1039.jpg,165,339,231,683,object,2448,3264
train_1039.jpg,269,299,408,689,object,2448,3264
train_1039.jpg,434,314,596,698,object,2448,3264
train_1039.jpg,1416,1211,1526,1550,object,2448,3264
train_1039.jpg,873,2026,1065,2284,object,2448,3264
train_1039.jpg,684,2026,863,2296,object,2448,3264
train_1039.jpg,489,2016,667,2298,object,2448,3264
train_1039.jpg,290,2036,476,2304,object,2448,3264
train_1039.jpg,794,324,923,726,object,2448,3264
train_1039.jpg,1872,1620,1989,1961,object,2448,3264
train_1039.jpg,1782,2034,2059,2286,object,2448,3264
train_1039.jpg,1742,1607,1866,1958,object,2448,3264
train_1039.jpg,1517,1607,1615,1934,object,2448,3264
train_1039.jpg,1273,1597,1388,1924,object,2448,3264
train_1039.jpg,1128,1605,1258,1936,object,2448,3264
train_1039.jpg,1018,1587,1128,1930,object,2448,3264
train_1039.jpg,893,1598,1007,1931,object,2448,3264
train_1039.jpg,789,1582,894,1931,object,2448,3264
train_1039.jpg,644,1587,784,1926,object,2448,3264
train_1039.jpg,1397,1614,1501,1931,object,2448,3264
train_1039.jpg,389,1697,591,1899,object,2448,3264
train_1039.jpg,2156,1246,2258,1587,object,2448,3264
train_1039.jpg,2041,1228,2145,1581,object,2448,3264
train_1039.jpg,1921,1235,2033,1562,object,2448,3264
train_1039.jpg,1802,1213,1917,1562,object,2448,3264
train_1039.jpg,1652,1215,1790,1562,object,2448,3264
train_1039.jpg,1304,1214,1409,1553,object,2448,3264
train_1039.jpg,2271,1228,2395,1581,object,2448,3264
train_1039.jpg,938,1198,1058,1537,object,2448,3264
train_1039.jpg,826,1188,924,1531,object,2448,3264
train_1039.jpg,671,1191,791,1532,object,2448,3264
train_1039.jpg,804,809,899,1142,object,2448,3264
train_1039.jpg,898,792,1062,1143,object,2448,3264
train_1039.jpg,1083,799,1185,1146,object,2448,3264
train_1039.jpg,1208,816,1338,1158,object,2448,3264
train_1039.jpg,1338,814,1419,1187,object,2448,3264
train_1039.jpg,1477,828,1665,928,object,2448,3264
train_1039.jpg,1482,933,1682,1055,object,2448,3264
train_1039.jpg,1692,868,1796,1082,object,2448,3264
train_1039.jpg,1802,894,1957,1088,object,2448,3264
train_1039.jpg,1976,873,2068,1181,object,2448,3264
train_1039.jpg,2066,866,2184,1188,object,2448,3264
train_1039.jpg,2206,848,2322,1192,object,2448,3264
train_1039.jpg,60,1183,176,1506,object,2448,3264
train_1039.jpg,180,1200,291,1507,object,2448,3264
train_1039.jpg,554,1168,658,1531,object,2448,3264
train_1039.jpg,1617,1619,1739,1936,object,2448,3264
train_1039.jpg,2101,2016,2285,2282,object,2448,3264
train_1039.jpg,1542,1208,1652,1557,object,2448,3264
train_1039.jpg,5,2376,137,2639,object,2448,3264
train_1039.jpg,1083,2715,1155,2835,object,2448,3264
train_1039.jpg,1353,2890,1456,3019,object,2448,3264
train_1039.jpg,1168,2875,1258,3002,object,2448,3264
train_1039.jpg,1083,2881,1165,2994,object,2448,3264
train_1039.jpg,938,2890,1028,3031,object,2448,3264
train_1039.jpg,843,2887,939,3024,object,2448,3264
train_1039.jpg,749,2885,834,3024,object,2448,3264
train_1039.jpg,204,2734,349,2820,object,2448,3264
train_1039.jpg,360,2725,474,2819,object,2448,3264
train_1039.jpg,279,2920,427,3011,object,2448,3264
train_1039.jpg,150,2926,273,3019,object,2448,3264
train_1039.jpg,25,2910,141,3019,object,2448,3264
train_1039.jpg,2291,2039,2405,2281,object,2448,3264
train_1039.jpg,1794,2371,1991,2510,object,2448,3264
train_1039.jpg,1996,2376,2206,2499,object,2448,3264
train_1039.jpg,1996,2505,2216,2623,object,2448,3264
train_1039.jpg,2231,2406,2403,2651,object,2448,3264
train_1039.jpg,1782,2515,1993,2635,object,2448,3264
train_1039.jpg,1268,2710,1387,2848,object,2448,3264
train_1039.jpg,1263,2891,1351,3014,object,2448,3264
train_1039.jpg,1797,2866,1912,3019,object,2448,3264
train_1039.jpg,155,2381,286,2640,object,2448,3264
train_1039.jpg,289,2376,439,2635,object,2448,3264
train_1039.jpg,449,2359,595,2640,object,2448,3264
train_1039.jpg,604,2371,750,2656,object,2448,3264
train_1039.jpg,764,2388,895,2655,object,2448,3264
train_1039.jpg,1667,2865,1777,3010,object,2448,3264
train_1039.jpg,1078,2384,1212,2645,object,2448,3264
train_1039.jpg,1218,2376,1350,2635,object,2448,3264
train_1039.jpg,1372,2499,1564,2635,object,2448,3264
train_1039.jpg,898,2386,1062,2641,object,2448,3264
train_1039.jpg,2071,2721,2141,2845,object,2448,3264
train_1039.jpg,1582,2500,1768,2636,object,2448,3264
train_1039.jpg,2081,2885,2169,3004,object,2448,3264
train_1039.jpg,2166,2885,2258,3020,object,2448,3264
train_1039.jpg,1921,2865,2033,3016,object,2448,3264
train_1039.jpg,2266,2909,2344,3024,object,2448,3264
train_1039.jpg,2351,2900,2435,3023,object,2448,3264
train_1039.jpg,2161,2730,2241,2846,object,2448,3264
train_104.jpg,1569,218,1716,351,object,1920,2560
train_104.jpg,559,126,755,279,object,1920,2560
train_104.jpg,752,148,926,279,object,1920,2560
train_104.jpg,927,147,1076,285,object,1920,2560
train_104.jpg,1074,175,1257,285,object,1920,2560
train_104.jpg,1259,175,1422,319,object,1920,2560
train_104.jpg,1421,212,1578,316,object,1920,2560
train_104.jpg,301,99,539,230,object,1920,2560
train_104.jpg,1704,181,1774,316,object,1920,2560
train_104.jpg,95,74,314,220,object,1920,2560
train_104.jpg,1888,163,1922,322,object,1920,2560
train_104.jpg,1354,672,1511,789,object,1920,2560
train_104.jpg,1510,672,1692,777,object,1920,2560
train_104.jpg,1335,553,1510,659,object,1920,2560
train_104.jpg,28,881,282,985,object,1920,2560
train_104.jpg,393,875,697,985,object,1920,2560
train_104.jpg,685,863,887,983,object,1920,2560
train_104.jpg,1271,599,1354,779,object,1920,2560
train_104.jpg,887,853,1063,982,object,1920,2560
train_104.jpg,1231,828,1388,991,object,1920,2560
train_104.jpg,1433,838,1569,976,object,1920,2560
train_104.jpg,1565,836,1691,973,object,1920,2560
train_104.jpg,1863,608,1904,733,object,1920,2560
train_104.jpg,1833,746,1912,915,object,1920,2560
train_104.jpg,1771,169,1888,325,object,1920,2560
train_104.jpg,1059,853,1228,1013,object,1920,2560
train_104.jpg,1108,541,1222,648,object,1920,2560
train_104.jpg,1510,547,1688,660,object,1920,2560
train_104.jpg,709,513,899,648,object,1920,2560
train_104.jpg,899,513,1108,648,object,1920,2560
train_104.jpg,325,283,541,384,object,1920,2560
train_104.jpg,543,285,752,421,object,1920,2560
train_104.jpg,752,289,887,421,object,1920,2560
train_104.jpg,887,289,1077,438,object,1920,2560
train_104.jpg,1077,332,1239,439,object,1920,2560
train_104.jpg,1240,332,1419,444,object,1920,2560
train_104.jpg,71,230,325,384,object,1920,2560
train_104.jpg,1575,353,1688,466,object,1920,2560
train_104.jpg,1688,336,1790,464,object,1920,2560
train_104.jpg,1790,338,1888,494,object,1920,2560
train_104.jpg,64,457,312,619,object,1920,2560
train_104.jpg,313,498,480,617,object,1920,2560
train_104.jpg,479,500,712,642,object,1920,2560
train_104.jpg,1415,351,1575,445,object,1920,2560
train_1040.jpg,1768,752,1922,966,object,1920,2560
train_1040.jpg,1619,752,1762,968,object,1920,2560
train_1040.jpg,1491,767,1618,970,object,1920,2560
train_1040.jpg,703,871,783,963,object,1920,2560
train_1040.jpg,783,865,861,960,object,1920,2560
train_1040.jpg,862,869,936,971,object,1920,2560
train_1040.jpg,1100,861,1174,966,object,1920,2560
train_1040.jpg,1011,863,1092,967,object,1920,2560
train_1040.jpg,1180,858,1221,967,object,1920,2560
train_1040.jpg,1178,968,1224,1073,object,1920,2560
train_1040.jpg,1100,967,1171,1074,object,1920,2560
train_1040.jpg,8,1104,41,1234,object,1920,2560
train_1040.jpg,1010,969,1091,1069,object,1920,2560
train_1040.jpg,942,861,1010,962,object,1920,2560
train_1040.jpg,43,1118,78,1237,object,1920,2560
train_1040.jpg,728,1131,763,1283,object,1920,2560
train_1040.jpg,341,1154,395,1264,object,1920,2560
train_1040.jpg,1581,1414,1706,1596,object,1920,2560
train_1040.jpg,1104,1257,1181,1352,object,1920,2560
train_1040.jpg,1018,1245,1093,1345,object,1920,2560
train_1040.jpg,868,1238,943,1335,object,1920,2560
train_1040.jpg,941,1245,1014,1334,object,1920,2560
train_1040.jpg,936,1142,1039,1237,object,1920,2560
train_1040.jpg,262,1108,320,1268,object,1920,2560
train_1040.jpg,865,1139,923,1236,object,1920,2560
train_1040.jpg,763,1136,803,1288,object,1920,2560
train_1040.jpg,474,1205,586,1295,object,1920,2560
train_1040.jpg,605,1217,701,1297,object,1920,2560
train_1040.jpg,591,1123,714,1213,object,1920,2560
train_1040.jpg,474,1116,585,1201,object,1920,2560
train_1040.jpg,407,1147,468,1265,object,1920,2560
train_1040.jpg,806,1131,844,1281,object,1920,2560
train_1040.jpg,1107,1156,1190,1253,object,1920,2560
train_1040.jpg,748,1358,802,1537,object,1920,2560
train_1040.jpg,1292,1155,1418,1264,object,1920,2560
train_1040.jpg,1006,1664,1054,1938,object,1920,2560
train_1040.jpg,1061,1689,1108,1949,object,1920,2560
train_1040.jpg,1112,1691,1156,1967,object,1920,2560
train_1040.jpg,1163,1719,1213,1981,object,1920,2560
train_1040.jpg,1225,1714,1273,2011,object,1920,2560
train_1040.jpg,1280,1746,1328,2012,object,1920,2560
train_1040.jpg,1327,1746,1400,2037,object,1920,2560
train_1040.jpg,1456,1844,1533,1972,object,1920,2560
train_1040.jpg,1542,1851,1602,1983,object,1920,2560
train_1040.jpg,1613,1891,1695,2012,object,1920,2560
train_1040.jpg,1703,1895,1764,2031,object,1920,2560
train_1040.jpg,1777,1923,1862,2047,object,1920,2560
train_1040.jpg,1863,1961,1919,2079,object,1920,2560
train_1040.jpg,1464,2028,1584,2145,object,1920,2560
train_1040.jpg,1479,2149,1585,2198,object,1920,2560
train_1040.jpg,1653,2098,1691,2167,object,1920,2560
train_1040.jpg,1695,2129,1738,2208,object,1920,2560
train_1040.jpg,1746,2180,1799,2261,object,1920,2560
train_1040.jpg,1824,2184,1887,2283,object,1920,2560
train_1040.jpg,4,1660,34,1869,object,1920,2560
train_1040.jpg,39,1675,69,1884,object,1920,2560
train_1040.jpg,70,1679,93,1889,object,1920,2560
train_1040.jpg,94,1687,121,1905,object,1920,2560
train_1040.jpg,869,1655,926,1883,object,1920,2560
train_1040.jpg,121,1707,149,1911,object,1920,2560
train_1040.jpg,818,1621,863,1876,object,1920,2560
train_1040.jpg,748,1609,778,1851,object,1920,2560
train_1040.jpg,1726,1480,1875,1625,object,1920,2560
train_1040.jpg,1468,1660,1589,1784,object,1920,2560
train_1040.jpg,1601,1687,1735,1811,object,1920,2560
train_1040.jpg,1758,1718,1892,1856,object,1920,2560
train_1040.jpg,0,1440,23,1627,object,1920,2560
train_1040.jpg,23,1442,52,1640,object,1920,2560
train_1040.jpg,51,1444,79,1649,object,1920,2560
train_1040.jpg,78,1448,127,1658,object,1920,2560
train_1040.jpg,176,1468,207,1678,object,1920,2560
train_1040.jpg,211,1476,240,1695,object,1920,2560
train_1040.jpg,243,1484,276,1709,object,1920,2560
train_1040.jpg,279,1491,307,1715,object,1920,2560
train_1040.jpg,313,1499,342,1724,object,1920,2560
train_1040.jpg,344,1503,376,1737,object,1920,2560
train_1040.jpg,376,1515,419,1746,object,1920,2560
train_1040.jpg,423,1523,461,1753,object,1920,2560
train_1040.jpg,466,1531,494,1764,object,1920,2560
train_1040.jpg,497,1566,527,1771,object,1920,2560
train_1040.jpg,532,1566,564,1788,object,1920,2560
train_1040.jpg,568,1574,602,1794,object,1920,2560
train_1040.jpg,607,1589,648,1806,object,1920,2560
train_1040.jpg,654,1574,692,1783,object,1920,2560
train_1040.jpg,699,1601,740,1834,object,1920,2560
train_1040.jpg,787,1622,817,1855,object,1920,2560
train_1040.jpg,1194,1151,1279,1264,object,1920,2560
train_1040.jpg,149,1718,177,1922,object,1920,2560
train_1040.jpg,207,1722,239,1939,object,1920,2560
train_1040.jpg,1092,1409,1140,1598,object,1920,2560
train_1040.jpg,932,1417,1073,1562,object,1920,2560
train_1040.jpg,869,1382,930,1554,object,1920,2560
train_1040.jpg,802,1387,866,1546,object,1920,2560
train_1040.jpg,936,963,1007,1067,object,1920,2560
train_1040.jpg,693,1369,743,1519,object,1920,2560
train_1040.jpg,630,1378,683,1506,object,1920,2560
train_1040.jpg,525,1346,594,1487,object,1920,2560
train_1040.jpg,470,1339,522,1486,object,1920,2560
train_1040.jpg,427,1330,468,1464,object,1920,2560
train_1040.jpg,368,1335,417,1464,object,1920,2560
train_1040.jpg,313,1328,361,1460,object,1920,2560
train_1040.jpg,274,1319,312,1447,object,1920,2560
train_1040.jpg,231,1327,269,1437,object,1920,2560
train_1040.jpg,200,1307,228,1425,object,1920,2560
train_1040.jpg,157,1307,192,1421,object,1920,2560
train_1040.jpg,121,1300,153,1417,object,1920,2560
train_1040.jpg,55,1288,115,1416,object,1920,2560
train_1040.jpg,1761,1049,1896,1319,object,1920,2560
train_1040.jpg,1609,1053,1752,1303,object,1920,2560
train_1040.jpg,1472,1045,1600,1293,object,1920,2560
train_1040.jpg,1189,1264,1288,1374,object,1920,2560
train_1040.jpg,1291,1272,1397,1375,object,1920,2560
train_1040.jpg,1151,1421,1223,1613,object,1920,2560
train_1040.jpg,180,1718,207,1931,object,1920,2560
train_1040.jpg,1358,1460,1436,1657,object,1920,2560
train_1040.jpg,1621,2298,1690,2518,object,1920,2560
train_1040.jpg,243,1730,269,1953,object,1920,2560
train_1040.jpg,274,1781,299,1967,object,1920,2560
train_1040.jpg,302,1783,323,1975,object,1920,2560
train_1040.jpg,325,1797,348,1989,object,1920,2560
train_1040.jpg,348,1805,385,2002,object,1920,2560
train_1040.jpg,399,1824,436,2029,object,1920,2560
train_1040.jpg,442,1824,487,2041,object,1920,2560
train_1040.jpg,489,1836,538,2051,object,1920,2560
train_1040.jpg,544,1859,584,2075,object,1920,2560
train_1040.jpg,583,1867,635,2105,object,1920,2560
train_1040.jpg,634,1883,683,2105,object,1920,2560
train_1040.jpg,685,1895,732,2129,object,1920,2560
train_1040.jpg,732,1926,775,2153,object,1920,2560
train_1040.jpg,779,1934,838,2176,object,1920,2560
train_1040.jpg,842,1957,901,2202,object,1920,2560
train_1040.jpg,904,1981,961,2232,object,1920,2560
train_1040.jpg,967,2008,1037,2265,object,1920,2560
train_1040.jpg,1041,2028,1130,2307,object,1920,2560
train_1040.jpg,1131,2059,1215,2342,object,1920,2560
train_1040.jpg,1221,2098,1325,2394,object,1920,2560
train_1040.jpg,1331,2133,1440,2426,object,1920,2560
train_1040.jpg,1484,2349,1541,2470,object,1920,2560
train_1040.jpg,1554,2274,1614,2491,object,1920,2560
train_1040.jpg,1695,2313,1747,2478,object,1920,2560
train_1040.jpg,869,970,927,1065,object,1920,2560
train_1040.jpg,1448,1437,1567,1570,object,1920,2560
train_1040.jpg,376,689,440,807,object,1920,2560
train_1040.jpg,622,407,731,551,object,1920,2560
train_1040.jpg,474,417,600,587,object,1920,2560
train_1040.jpg,399,454,473,588,object,1920,2560
train_1040.jpg,204,509,371,1085,object,1920,2560
train_1040.jpg,55,498,149,654,object,1920,2560
train_1040.jpg,0,536,52,658,object,1920,2560
train_1040.jpg,1174,8,1281,180,object,1920,2560
train_1040.jpg,1112,11,1170,211,object,1920,2560
train_1040.jpg,1041,20,1113,214,object,1920,2560
train_1040.jpg,458,650,549,802,object,1920,2560
train_1040.jpg,673,31,806,299,object,1920,2560
train_1040.jpg,622,139,667,325,object,1920,2560
train_1040.jpg,748,360,855,544,object,1920,2560
train_1040.jpg,579,149,623,327,object,1920,2560
train_1040.jpg,474,160,513,359,object,1920,2560
train_1040.jpg,415,176,465,376,object,1920,2560
train_1040.jpg,376,188,415,385,object,1920,2560
train_1040.jpg,337,258,371,386,object,1920,2560
train_1040.jpg,235,262,263,421,object,1920,2560
train_1040.jpg,266,249,328,415,object,1920,2560
train_1040.jpg,196,269,232,442,object,1920,2560
train_1040.jpg,168,290,193,445,object,1920,2560
train_1040.jpg,125,286,164,454,object,1920,2560
train_1040.jpg,94,317,119,456,object,1920,2560
train_1040.jpg,63,321,89,466,object,1920,2560
train_1040.jpg,16,337,60,466,object,1920,2560
train_1040.jpg,513,145,578,360,object,1920,2560
train_1040.jpg,857,352,958,518,object,1920,2560
train_1040.jpg,1296,6,1488,168,object,1920,2560
train_1040.jpg,720,963,787,1057,object,1920,2560
train_1040.jpg,1006,599,1109,765,object,1920,2560
train_1040.jpg,795,967,865,1061,object,1920,2560
train_1040.jpg,1127,309,1211,480,object,1920,2560
train_1040.jpg,1358,270,1446,450,object,1920,2560
train_1040.jpg,1476,295,1607,474,object,1920,2560
train_1040.jpg,1730,270,1831,432,object,1920,2560
train_1040.jpg,1147,575,1214,748,object,1920,2560
train_1040.jpg,1840,264,1919,427,object,1920,2560
train_1040.jpg,39,709,93,846,object,1920,2560
train_1040.jpg,94,705,165,835,object,1920,2560
train_1040.jpg,861,604,978,779,object,1920,2560
train_1040.jpg,775,650,851,777,object,1920,2560
train_1040.jpg,654,629,754,795,object,1920,2560
train_1040.jpg,564,642,645,793,object,1920,2560
train_1040.jpg,0,728,37,844,object,1920,2560
train_1040.jpg,1381,540,1456,741,object,1920,2560
train_1040.jpg,979,316,1112,509,object,1920,2560
train_1040.jpg,391,971,448,1044,object,1920,2560
train_1040.jpg,517,967,574,1049,object,1920,2560
train_1040.jpg,446,974,511,1045,object,1920,2560
train_1040.jpg,509,877,595,962,object,1920,2560
train_1040.jpg,450,880,505,971,object,1920,2560
train_1040.jpg,391,885,445,970,object,1920,2560
train_1040.jpg,575,969,636,1049,object,1920,2560
train_1040.jpg,1734,515,1845,689,object,1920,2560
train_1040.jpg,642,967,715,1055,object,1920,2560
train_1040.jpg,1491,560,1579,699,object,1920,2560
train_1040.jpg,1593,540,1699,692,object,1920,2560
train_1041.jpg,270,1854,586,1956,object,3120,4160
train_1041.jpg,660,2291,957,2445,object,3120,4160
train_1041.jpg,329,2144,646,2306,object,3120,4160
train_1041.jpg,648,2120,947,2287,object,3120,4160
train_1041.jpg,348,2306,660,2471,object,3120,4160
train_1041.jpg,618,1943,923,2114,object,3120,4160
train_1041.jpg,598,1840,919,1943,object,3120,4160
train_1041.jpg,289,1967,611,2140,object,3120,4160
train_1041.jpg,34,2311,340,2490,object,3120,4160
train_1041.jpg,113,2634,412,2731,object,3120,4160
train_1041.jpg,962,2268,1255,2412,object,3120,4160
train_1041.jpg,5,1977,278,2141,object,3120,4160
train_1041.jpg,5,2870,170,3023,object,3120,4160
train_1041.jpg,182,2870,453,3013,object,3120,4160
train_1041.jpg,172,2742,426,2866,object,3120,4160
train_1041.jpg,0,2735,159,2855,object,3120,4160
train_1041.jpg,5,2149,327,2307,object,3120,4160
train_1041.jpg,5,1854,260,1971,object,3120,4160
train_1041.jpg,952,2111,1248,2266,object,3120,4160
train_1041.jpg,2144,2100,2422,2325,object,3120,4160
train_1041.jpg,922,1835,1226,1933,object,3120,4160
train_1041.jpg,2757,1727,2912,2024,object,3120,4160
train_1041.jpg,2988,2060,3119,2350,object,3120,4160
train_1041.jpg,2721,2074,2984,2344,object,3120,4160
train_1041.jpg,2458,1800,2739,2067,object,3120,4160
train_1041.jpg,2433,2080,2712,2330,object,3120,4160
train_1041.jpg,2150,1813,2449,2090,object,3120,4160
train_1041.jpg,211,3017,486,3154,object,3120,4160
train_1041.jpg,1854,1820,2139,2006,object,3120,4160
train_1041.jpg,1849,2021,2130,2189,object,3120,4160
train_1041.jpg,1849,2194,2133,2336,object,3120,4160
train_1041.jpg,1550,1840,1847,2035,object,3120,4160
train_1041.jpg,1545,2046,1846,2208,object,3120,4160
train_1041.jpg,1560,2217,1845,2367,object,3120,4160
train_1041.jpg,1241,1820,1549,1927,object,3120,4160
train_1041.jpg,1251,1933,1537,2097,object,3120,4160
train_1041.jpg,1261,2105,1538,2263,object,3120,4160
train_1041.jpg,1261,2262,1549,2395,object,3120,4160
train_1041.jpg,937,1938,1244,2108,object,3120,4160
train_1041.jpg,790,397,1148,641,object,3120,4160
train_1041.jpg,1300,2929,1555,3034,object,3120,4160
train_1041.jpg,773,142,1144,389,object,3120,4160
train_1041.jpg,1015,2667,1295,2797,object,3120,4160
train_1041.jpg,1030,2802,1298,2952,object,3120,4160
train_1041.jpg,1030,2963,1301,3065,object,3120,4160
train_1041.jpg,1300,2659,1559,2793,object,3120,4160
train_1041.jpg,1305,2796,1554,2919,object,3120,4160
train_1041.jpg,2978,1727,3118,2053,object,3120,4160
train_1041.jpg,1570,2556,1841,2728,object,3120,4160
train_1041.jpg,1565,2742,1827,2886,object,3120,4160
train_1041.jpg,1565,2885,1831,2991,object,3120,4160
train_1041.jpg,2625,49,2912,191,object,3120,4160
train_1041.jpg,567,3557,849,3669,object,3120,4160
train_1041.jpg,589,3674,847,3764,object,3120,4160
train_1041.jpg,265,3414,543,3574,object,3120,4160
train_1041.jpg,275,3581,560,3696,object,3120,4160
train_1041.jpg,314,3704,580,3768,object,3120,4160
train_1041.jpg,5,3424,258,3585,object,3120,4160
train_1041.jpg,15,3588,269,3703,object,3120,4160
train_1041.jpg,1295,2561,1549,2642,object,3120,4160
train_1041.jpg,1168,392,1520,637,object,3120,4160
train_1041.jpg,1020,2575,1288,2666,object,3120,4160
train_1041.jpg,746,2840,1025,2972,object,3120,4160
train_1041.jpg,757,0,1138,129,object,3120,4160
train_1041.jpg,1148,5,1507,126,object,3120,4160
train_1041.jpg,1153,130,1505,383,object,3120,4160
train_1041.jpg,1526,358,1883,640,object,3120,4160
train_1041.jpg,1511,49,1885,350,object,3120,4160
train_1041.jpg,1889,346,2244,655,object,3120,4160
train_1041.jpg,1889,54,2241,340,object,3120,4160
train_1041.jpg,2252,221,2605,574,object,3120,4160
train_1041.jpg,2615,196,2943,511,object,3120,4160
train_1041.jpg,2257,59,2611,210,object,3120,4160
train_1041.jpg,10,3027,202,3148,object,3120,4160
train_1041.jpg,422,2615,700,2704,object,3120,4160
train_1041.jpg,437,2714,730,2854,object,3120,4160
train_1041.jpg,461,2859,736,2983,object,3120,4160
train_1041.jpg,486,2992,746,3133,object,3120,4160
train_1041.jpg,719,2589,995,2680,object,3120,4160
train_1041.jpg,736,2698,1017,2828,object,3120,4160
train_1041.jpg,755,2978,1020,3098,object,3120,4160
train_1041.jpg,2826,1212,3088,1547,object,3120,4160
train_1041.jpg,525,1428,862,1697,object,3120,4160
train_1041.jpg,2826,858,2942,1187,object,3120,4160
train_1041.jpg,2865,3257,3078,3359,object,3120,4160
train_1041.jpg,2618,3267,2850,3381,object,3120,4160
train_1041.jpg,2864,3169,3086,3254,object,3120,4160
train_1041.jpg,2621,3194,2851,3262,object,3120,4160
train_1041.jpg,2360,3262,2600,3362,object,3120,4160
train_1041.jpg,2953,849,3033,1187,object,3120,4160
train_1041.jpg,2266,3449,2509,3584,object,3120,4160
train_1041.jpg,2522,3444,2589,3554,object,3120,4160
train_1041.jpg,2185,3164,2319,3380,object,3120,4160
train_1041.jpg,2168,3384,2327,3444,object,3120,4160
train_1041.jpg,2109,3449,2254,3644,object,3120,4160
train_1041.jpg,1842,3532,2100,3609,object,3120,4160
train_1041.jpg,1833,3432,2084,3533,object,3120,4160
train_1041.jpg,1589,3228,1864,3405,object,3120,4160
train_1041.jpg,1580,3544,1847,3657,object,3120,4160
train_1041.jpg,2855,3365,3055,3463,object,3120,4160
train_1041.jpg,1570,3409,1827,3532,object,3120,4160
train_1041.jpg,2621,3386,2823,3494,object,3120,4160
train_1041.jpg,2827,3470,3055,3552,object,3120,4160
train_1041.jpg,1845,2536,2105,2696,object,3120,4160
train_1041.jpg,1838,2703,2103,2866,object,3120,4160
train_1041.jpg,1840,2870,2091,3023,object,3120,4160
train_1041.jpg,2109,2541,2369,2783,object,3120,4160
train_1041.jpg,2384,2536,2633,2762,object,3120,4160
train_1041.jpg,2109,2796,2358,2979,object,3120,4160
train_1041.jpg,2379,2777,2627,2948,object,3120,4160
train_1041.jpg,2664,2472,2904,2598,object,3120,4160
train_1041.jpg,2913,2458,3103,2595,object,3120,4160
train_1041.jpg,2904,2595,3115,2705,object,3120,4160
train_1041.jpg,2644,2600,2883,2710,object,3120,4160
train_1041.jpg,2866,2718,3116,2832,object,3120,4160
train_1041.jpg,2644,2723,2853,2847,object,3120,4160
train_1041.jpg,2855,2833,3097,2926,object,3120,4160
train_1041.jpg,2644,2845,2850,2948,object,3120,4160
train_1041.jpg,2590,3503,2826,3560,object,3120,4160
train_1041.jpg,1329,3355,1564,3478,object,3120,4160
train_1041.jpg,2355,3375,2599,3445,object,3120,4160
train_1041.jpg,1349,3596,1569,3685,object,3120,4160
train_1041.jpg,1516,1371,1831,1603,object,3120,4160
train_1041.jpg,1840,898,2158,1136,object,3120,4160
train_1041.jpg,1835,1144,2156,1370,object,3120,4160
train_1041.jpg,1069,3380,1325,3508,object,3120,4160
train_1041.jpg,1088,3510,1329,3622,object,3120,4160
train_1041.jpg,1099,3630,1352,3714,object,3120,4160
train_1041.jpg,819,3401,1061,3530,object,3120,4160
train_1041.jpg,846,3537,1079,3644,object,3120,4160
train_1041.jpg,854,3645,1089,3737,object,3120,4160
train_1041.jpg,1334,3483,1561,3580,object,3120,4160
train_1041.jpg,1835,1369,2143,1612,object,3120,4160
train_1041.jpg,2173,898,2491,1245,object,3120,4160
train_1041.jpg,2163,1256,2480,1543,object,3120,4160
train_1041.jpg,2512,893,2817,1231,object,3120,4160
train_1041.jpg,2492,1246,2795,1547,object,3120,4160
train_1041.jpg,1496,1153,1830,1374,object,3120,4160
train_1041.jpg,1501,903,1831,1141,object,3120,4160
train_1041.jpg,545,3408,819,3549,object,3120,4160
train_1041.jpg,863,1428,1182,1694,object,3120,4160
train_1041.jpg,1188,1415,1508,1675,object,3120,4160
train_1041.jpg,5,215,331,641,object,3120,4160
train_1041.jpg,343,216,768,656,object,3120,4160
train_1041.jpg,74,849,429,993,object,3120,4160
train_1041.jpg,98,1006,461,1218,object,3120,4160
train_1041.jpg,442,854,787,981,object,3120,4160
train_1041.jpg,471,996,814,1218,object,3120,4160
train_1041.jpg,130,1220,487,1428,object,3120,4160
train_1041.jpg,2947,93,3119,533,object,3120,4160
train_1041.jpg,795,858,1139,991,object,3120,4160
train_1041.jpg,1143,849,1493,981,object,3120,4160
train_1041.jpg,1153,991,1484,1206,object,3120,4160
train_1041.jpg,819,997,1149,1210,object,3120,4160
train_1041.jpg,849,1217,1166,1420,object,3120,4160
train_1041.jpg,1172,1212,1491,1415,object,3120,4160
train_1041.jpg,157,1439,511,1701,object,3120,4160
train_1041.jpg,491,1220,843,1423,object,3120,4160
train_1041.jpg,39,3706,300,3795,object,3120,4160
train_1042.jpg,1164,718,1262,972,object,2448,3264
train_1042.jpg,1268,704,1364,967,object,2448,3264
train_1042.jpg,1370,712,1474,963,object,2448,3264
train_1042.jpg,1474,704,1588,963,object,2448,3264
train_1042.jpg,2147,290,2251,545,object,2448,3264
train_1042.jpg,1683,686,1799,955,object,2448,3264
train_1042.jpg,1055,717,1157,972,object,2448,3264
train_1042.jpg,2257,321,2359,547,object,2448,3264
train_1042.jpg,2358,330,2446,541,object,2448,3264
train_1042.jpg,1585,702,1676,963,object,2448,3264
train_1042.jpg,1060,374,1154,643,object,2448,3264
train_1042.jpg,1487,352,1583,642,object,2448,3264
train_1042.jpg,1280,366,1377,642,object,2448,3264
train_1042.jpg,1377,356,1479,647,object,2448,3264
train_1042.jpg,1588,348,1698,632,object,2448,3264
train_1042.jpg,2041,326,2143,551,object,2448,3264
train_1042.jpg,1702,335,1820,616,object,2448,3264
train_1042.jpg,1817,330,1904,614,object,2448,3264
train_1042.jpg,185,431,261,677,object,2448,3264
train_1042.jpg,92,433,181,686,object,2448,3264
train_1042.jpg,4,422,89,686,object,2448,3264
train_1042.jpg,2160,1280,2256,1554,object,2448,3264
train_1042.jpg,1170,370,1276,642,object,2448,3264
train_1042.jpg,277,433,366,677,object,2448,3264
train_1042.jpg,2072,1280,2158,1553,object,2448,3264
train_1042.jpg,550,431,655,673,object,2448,3264
train_1042.jpg,779,1054,828,1324,object,2448,3264
train_1042.jpg,786,1421,853,1689,object,2448,3264
train_1042.jpg,708,1416,779,1695,object,2448,3264
train_1042.jpg,621,1414,708,1694,object,2448,3264
train_1042.jpg,544,1408,616,1694,object,2448,3264
train_1042.jpg,481,1405,537,1672,object,2448,3264
train_1042.jpg,395,1425,471,1707,object,2448,3264
train_1042.jpg,299,1421,387,1707,object,2448,3264
train_1042.jpg,224,1452,290,1703,object,2448,3264
train_1042.jpg,691,1051,773,1323,object,2448,3264
train_1042.jpg,123,1460,216,1702,object,2448,3264
train_1042.jpg,194,1848,285,2098,object,2448,3264
train_1042.jpg,295,1790,371,2097,object,2448,3264
train_1042.jpg,383,1784,453,2089,object,2448,3264
train_1042.jpg,457,1782,550,2092,object,2448,3264
train_1042.jpg,559,1773,631,2085,object,2448,3264
train_1042.jpg,633,1773,723,2093,object,2448,3264
train_1042.jpg,730,1793,815,2089,object,2448,3264
train_1042.jpg,823,1786,864,2077,object,2448,3264
train_1042.jpg,141,2169,250,2483,object,2448,3264
train_1042.jpg,101,1848,187,2103,object,2448,3264
train_1042.jpg,251,2154,345,2485,object,2448,3264
train_1042.jpg,603,1044,683,1306,object,2448,3264
train_1042.jpg,427,1054,510,1320,object,2448,3264
train_1042.jpg,1791,1343,1865,1579,object,2448,3264
train_1042.jpg,2353,1284,2450,1551,object,2448,3264
train_1042.jpg,370,431,459,679,object,2448,3264
train_1042.jpg,466,433,545,677,object,2448,3264
train_1042.jpg,660,431,735,677,object,2448,3264
train_1042.jpg,739,427,811,679,object,2448,3264
train_1042.jpg,35,757,135,1019,object,2448,3264
train_1042.jpg,2261,1294,2342,1553,object,2448,3264
train_1042.jpg,145,751,229,1012,object,2448,3264
train_1042.jpg,510,1056,594,1319,object,2448,3264
train_1042.jpg,238,752,348,1003,object,2448,3264
train_1042.jpg,440,752,547,1013,object,2448,3264
train_1042.jpg,559,748,653,1012,object,2448,3264
train_1042.jpg,659,754,758,1012,object,2448,3264
train_1042.jpg,757,743,825,1004,object,2448,3264
train_1042.jpg,31,1104,106,1323,object,2448,3264
train_1042.jpg,106,1079,174,1324,object,2448,3264
train_1042.jpg,180,1078,264,1319,object,2448,3264
train_1042.jpg,268,1071,348,1324,object,2448,3264
train_1042.jpg,348,1065,422,1322,object,2448,3264
train_1042.jpg,356,751,440,1012,object,2448,3264
train_1042.jpg,1708,1337,1790,1579,object,2448,3264
train_1042.jpg,356,2147,440,2470,object,2448,3264
train_1042.jpg,523,2138,629,2458,object,2448,3264
train_1042.jpg,1482,1922,1566,2176,object,2448,3264
train_1042.jpg,1393,1915,1474,2085,object,2448,3264
train_1042.jpg,1298,1914,1386,2186,object,2448,3264
train_1042.jpg,1212,1905,1289,2182,object,2448,3264
train_1042.jpg,1100,1909,1210,2168,object,2448,3264
train_1042.jpg,1056,1628,1133,1867,object,2448,3264
train_1042.jpg,1135,1621,1213,1870,object,2448,3264
train_1042.jpg,1236,1623,1310,1865,object,2448,3264
train_1042.jpg,1315,1625,1391,1865,object,2448,3264
train_1042.jpg,1578,1923,1654,2191,object,2448,3264
train_1042.jpg,1403,1619,1491,1864,object,2448,3264
train_1042.jpg,1588,1623,1659,1876,object,2448,3264
train_1042.jpg,1667,1632,1763,1878,object,2448,3264
train_1042.jpg,1768,1623,1861,1890,object,2448,3264
train_1042.jpg,1975,1601,2048,1848,object,2448,3264
train_1042.jpg,2050,1601,2135,1848,object,2448,3264
train_1042.jpg,2138,1606,2236,1850,object,2448,3264
train_1042.jpg,2235,1597,2324,1853,object,2448,3264
train_1042.jpg,2327,1611,2422,1852,object,2448,3264
train_1042.jpg,1988,1271,2066,1553,object,2448,3264
train_1042.jpg,1500,1620,1580,1870,object,2448,3264
train_1042.jpg,444,2137,521,2468,object,2448,3264
train_1042.jpg,1658,1931,1760,2198,object,2448,3264
train_1042.jpg,2327,1940,2401,2202,object,2448,3264
train_1042.jpg,633,2187,715,2459,object,2448,3264
train_1042.jpg,721,2177,801,2455,object,2448,3264
train_1042.jpg,801,2185,874,2459,object,2448,3264
train_1042.jpg,1073,2204,1158,2456,object,2448,3264
train_1042.jpg,1161,2226,1253,2459,object,2448,3264
train_1042.jpg,1254,2221,1332,2474,object,2448,3264
train_1042.jpg,1346,2234,1424,2433,object,2448,3264
train_1042.jpg,1430,2270,1500,2483,object,2448,3264
train_1042.jpg,1504,2270,1577,2481,object,2448,3264
train_1042.jpg,1761,1939,1848,2213,object,2448,3264
train_1042.jpg,1579,2270,1667,2508,object,2448,3264
train_1042.jpg,1760,2283,1829,2521,object,2448,3264
train_1042.jpg,1997,2252,2094,2527,object,2448,3264
train_1042.jpg,2107,2250,2196,2529,object,2448,3264
train_1042.jpg,2204,2252,2304,2544,object,2448,3264
train_1042.jpg,2309,2248,2419,2543,object,2448,3264
train_1042.jpg,1962,1931,2033,2186,object,2448,3264
train_1042.jpg,2037,1941,2122,2187,object,2448,3264
train_1042.jpg,2129,1931,2214,2188,object,2448,3264
train_1042.jpg,2217,1937,2322,2190,object,2448,3264
train_1042.jpg,1672,2290,1754,2507,object,2448,3264
train_1042.jpg,1621,1337,1707,1584,object,2448,3264
train_1042.jpg,2309,603,2402,902,object,2448,3264
train_1042.jpg,1459,1356,1540,1592,object,2448,3264
train_1042.jpg,1540,1337,1623,1594,object,2448,3264
train_1042.jpg,2380,950,2447,1224,object,2448,3264
train_1042.jpg,2411,589,2450,884,object,2448,3264
train_1042.jpg,2217,598,2309,893,object,2448,3264
train_1042.jpg,2129,597,2213,902,object,2448,3264
train_1042.jpg,2199,946,2286,1233,object,2448,3264
train_1042.jpg,2107,950,2197,1223,object,2448,3264
train_1042.jpg,2005,603,2107,934,object,2448,3264
train_1042.jpg,2015,955,2093,1235,object,2448,3264
train_1042.jpg,1777,1028,1876,1280,object,2448,3264
train_1042.jpg,1676,1029,1776,1280,object,2448,3264
train_1042.jpg,2292,948,2382,1232,object,2448,3264
train_1042.jpg,1465,1029,1563,1280,object,2448,3264
train_1042.jpg,1379,1346,1452,1590,object,2448,3264
train_1042.jpg,1566,1034,1674,1284,object,2448,3264
train_1042.jpg,1308,1333,1372,1588,object,2448,3264
train_1042.jpg,1217,1346,1302,1589,object,2448,3264
train_1042.jpg,1802,694,1892,959,object,2448,3264
train_1042.jpg,1146,1342,1214,1588,object,2448,3264
train_1042.jpg,1058,1333,1144,1580,object,2448,3264
train_1042.jpg,1073,1034,1175,1288,object,2448,3264
train_1042.jpg,1179,1032,1273,1284,object,2448,3264
train_1042.jpg,1280,1034,1372,1279,object,2448,3264
train_1042.jpg,1377,1040,1466,1276,object,2448,3264
train_1043.jpg,478,1624,520,1775,object,1920,2560
train_1043.jpg,364,1581,396,1723,object,1920,2560
train_1043.jpg,399,1593,436,1742,object,1920,2560
train_1043.jpg,438,1597,478,1757,object,1920,2560
train_1043.jpg,325,1574,360,1719,object,1920,2560
train_1043.jpg,525,1636,560,1792,object,1920,2560
train_1043.jpg,853,1190,907,1367,object,1920,2560
train_1043.jpg,607,1679,654,1839,object,1920,2560
train_1043.jpg,658,1691,702,1860,object,1920,2560
train_1043.jpg,920,1198,968,1373,object,1920,2560
train_1043.jpg,787,1182,846,1349,object,1920,2560
train_1043.jpg,736,1178,781,1337,object,1920,2560
train_1043.jpg,1711,2059,1771,2316,object,1920,2560
train_1043.jpg,564,1664,602,1811,object,1920,2560
train_1043.jpg,1758,1765,1861,1994,object,1920,2560
train_1043.jpg,1812,1335,1913,1594,object,1920,2560
train_1043.jpg,1464,1664,1545,1900,object,1920,2560
train_1043.jpg,1155,1589,1218,1784,object,1920,2560
train_1043.jpg,720,1472,770,1625,object,1920,2560
train_1043.jpg,575,1433,631,1583,object,1920,2560
train_1043.jpg,356,1362,410,1504,object,1920,2560
train_1043.jpg,442,834,497,971,object,1920,2560
train_1043.jpg,505,818,559,994,object,1920,2560
train_1043.jpg,564,818,611,1002,object,1920,2560
train_1043.jpg,615,830,663,1009,object,1920,2560
train_1043.jpg,669,826,724,1016,object,1920,2560
train_1043.jpg,728,834,785,1025,object,1920,2560
train_1043.jpg,791,838,848,1025,object,1920,2560
train_1043.jpg,857,842,920,1036,object,1920,2560
train_1043.jpg,924,834,987,1038,object,1920,2560
train_1043.jpg,995,834,1054,1041,object,1920,2560
train_1043.jpg,681,1166,726,1319,object,1920,2560
train_1043.jpg,1711,1315,1798,1567,object,1920,2560
train_1043.jpg,309,1354,349,1498,object,1920,2560
train_1043.jpg,975,1210,1029,1384,object,1920,2560
train_1043.jpg,1229,1621,1289,1813,object,1920,2560
train_1043.jpg,1307,1632,1373,1848,object,1920,2560
train_1043.jpg,1382,1656,1454,1866,object,1920,2560
train_1043.jpg,1656,1726,1743,1964,object,1920,2560
train_1043.jpg,634,1155,677,1310,object,1920,2560
train_1043.jpg,857,1761,908,1949,object,1920,2560
train_1043.jpg,536,1143,577,1296,object,1920,2560
train_1043.jpg,685,1934,723,2164,object,1920,2560
train_1043.jpg,728,1949,774,2191,object,1920,2560
train_1043.jpg,779,1977,819,2217,object,1920,2560
train_1043.jpg,830,1996,872,2246,object,1920,2560
train_1043.jpg,877,2035,925,2268,object,1920,2560
train_1043.jpg,928,2067,971,2304,object,1920,2560
train_1043.jpg,983,2161,1032,2330,object,1920,2560
train_1043.jpg,1049,2192,1096,2364,object,1920,2560
train_1043.jpg,1104,2219,1159,2404,object,1920,2560
train_1043.jpg,1170,2247,1226,2438,object,1920,2560
train_1043.jpg,1241,2278,1288,2472,object,1920,2560
train_1043.jpg,1296,2325,1360,2512,object,1920,2560
train_1043.jpg,1370,2345,1433,2543,object,1920,2560
train_1043.jpg,1452,2392,1516,2563,object,1920,2560
train_1043.jpg,1534,2423,1608,2561,object,1920,2560
train_1043.jpg,450,1127,484,1272,object,1920,2560
train_1043.jpg,775,1476,848,1653,object,1920,2560
train_1043.jpg,595,1895,680,2134,object,1920,2560
train_1043.jpg,544,1859,588,2091,object,1920,2560
train_1043.jpg,505,1848,537,2064,object,1920,2560
train_1043.jpg,470,1832,497,2046,object,1920,2560
train_1043.jpg,493,1127,529,1277,object,1920,2560
train_1043.jpg,705,1711,754,1881,object,1920,2560
train_1043.jpg,763,1718,802,1898,object,1920,2560
train_1043.jpg,810,1746,853,1924,object,1920,2560
train_1043.jpg,912,1777,963,1974,object,1920,2560
train_1043.jpg,967,1805,1023,1996,object,1920,2560
train_1043.jpg,1033,1828,1089,2031,object,1920,2560
train_1043.jpg,1096,1867,1164,2060,object,1920,2560
train_1043.jpg,591,1147,624,1302,object,1920,2560
train_1043.jpg,1166,1898,1237,2084,object,1920,2560
train_1043.jpg,1315,1910,1377,2152,object,1920,2560
train_1043.jpg,1390,1934,1448,2187,object,1920,2560
train_1043.jpg,1460,1957,1529,2217,object,1920,2560
train_1043.jpg,1538,1992,1600,2249,object,1920,2560
train_1043.jpg,1617,2020,1694,2284,object,1920,2560
train_1043.jpg,344,1773,387,1975,object,1920,2560
train_1043.jpg,388,1789,422,1993,object,1920,2560
train_1043.jpg,427,1808,461,2014,object,1920,2560
train_1043.jpg,1241,1895,1306,2119,object,1920,2560
train_1043.jpg,1057,1570,1143,1761,object,1920,2560
train_1043.jpg,1515,1296,1601,1528,object,1920,2560
train_1043.jpg,658,525,718,700,object,1920,2560
train_1043.jpg,325,552,369,711,object,1920,2560
train_1043.jpg,274,556,317,713,object,1920,2560
train_1043.jpg,223,556,266,724,object,1920,2560
train_1043.jpg,137,583,206,781,object,1920,2560
train_1043.jpg,70,603,130,793,object,1920,2560
train_1043.jpg,20,630,66,776,object,1920,2560
train_1043.jpg,184,846,246,955,object,1920,2560
train_1043.jpg,59,838,130,938,object,1920,2560
train_1043.jpg,192,1245,252,1381,object,1920,2560
train_1043.jpg,98,1233,154,1365,object,1920,2560
train_1043.jpg,39,1194,80,1342,object,1920,2560
train_1043.jpg,12,1370,57,1515,object,1920,2560
train_1043.jpg,78,1397,124,1526,object,1920,2560
train_1043.jpg,141,1425,190,1553,object,1920,2560
train_1043.jpg,251,1621,306,1778,object,1920,2560
train_1043.jpg,1711,842,1810,1117,object,1920,2560
train_1043.jpg,1836,842,1921,1135,object,1920,2560
train_1043.jpg,372,556,420,707,object,1920,2560
train_1043.jpg,423,532,481,711,object,1920,2560
train_1043.jpg,536,536,592,702,object,1920,2560
train_1043.jpg,595,532,649,698,object,1920,2560
train_1043.jpg,1605,838,1702,1110,object,1920,2560
train_1043.jpg,1503,838,1589,1104,object,1920,2560
train_1043.jpg,1855,286,1922,687,object,1920,2560
train_1043.jpg,1746,297,1849,683,object,1920,2560
train_1043.jpg,1652,313,1734,685,object,1920,2560
train_1043.jpg,1558,313,1642,690,object,1920,2560
train_1043.jpg,1472,333,1540,678,object,1920,2560
train_1043.jpg,1421,344,1468,677,object,1920,2560
train_1043.jpg,1137,833,1219,1058,object,1920,2560
train_1043.jpg,1327,360,1413,688,object,1920,2560
train_1043.jpg,1155,415,1217,699,object,1920,2560
train_1043.jpg,1092,423,1148,702,object,1920,2560
train_1043.jpg,1018,431,1087,688,object,1920,2560
train_1043.jpg,947,505,1005,675,object,1920,2560
train_1043.jpg,865,509,926,684,object,1920,2560
train_1043.jpg,787,525,859,692,object,1920,2560
train_1043.jpg,724,528,784,698,object,1920,2560
train_1043.jpg,391,834,437,964,object,1920,2560
train_1043.jpg,1225,376,1293,695,object,1920,2560
train_1043.jpg,1229,836,1306,1067,object,1920,2560
train_1043.jpg,149,1585,202,1749,object,1920,2560
train_1043.jpg,1421,1292,1508,1510,object,1920,2560
train_1043.jpg,1607,1306,1700,1550,object,1920,2560
train_1043.jpg,341,838,383,964,object,1920,2560
train_1043.jpg,294,830,340,967,object,1920,2560
train_1043.jpg,407,1123,441,1269,object,1920,2560
train_1043.jpg,364,1112,398,1256,object,1920,2560
train_1043.jpg,321,1108,360,1248,object,1920,2560
train_1043.jpg,1037,1221,1098,1411,object,1920,2560
train_1043.jpg,1104,1233,1179,1434,object,1920,2560
train_1043.jpg,1311,838,1400,1079,object,1920,2560
train_1043.jpg,1323,1257,1414,1481,object,1920,2560
train_1043.jpg,0,1546,64,1731,object,1920,2560
train_1043.jpg,1178,1249,1256,1443,object,1920,2560
train_1044.jpg,251,1849,357,1955,object,1920,2560
train_1044.jpg,1155,1926,1253,2103,object,1920,2560
train_1044.jpg,1255,1901,1360,2071,object,1920,2560
train_1044.jpg,1362,1879,1450,2047,object,1920,2560
train_1044.jpg,1460,1838,1555,2007,object,1920,2560
train_1044.jpg,1566,1814,1659,1979,object,1920,2560
train_1044.jpg,1667,1795,1752,1962,object,1920,2560
train_1044.jpg,1762,1778,1840,1933,object,1920,2560
train_1044.jpg,880,1833,977,1921,object,1920,2560
train_1044.jpg,871,1727,971,1827,object,1920,2560
train_1044.jpg,773,1852,872,1944,object,1920,2560
train_1044.jpg,765,1740,868,1842,object,1920,2560
train_1044.jpg,580,1887,662,1996,object,1920,2560
train_1044.jpg,144,1983,246,2094,object,1920,2560
train_1044.jpg,471,1915,562,2016,object,1920,2560
train_1044.jpg,468,1795,569,1901,object,1920,2560
train_1044.jpg,1689,1392,1753,1488,object,1920,2560
train_1044.jpg,1040,1958,1142,2135,object,1920,2560
train_1044.jpg,1830,1367,1896,1457,object,1920,2560
train_1044.jpg,5,1893,121,2004,object,1920,2560
train_1044.jpg,27,2013,139,2121,object,1920,2560
train_1044.jpg,131,1874,244,1975,object,1920,2560
train_1044.jpg,368,1939,467,2041,object,1920,2560
train_1044.jpg,359,1827,463,1927,object,1920,2560
train_1044.jpg,253,1961,361,2067,object,1920,2560
train_1044.jpg,670,1868,769,1972,object,1920,2560
train_1044.jpg,915,1985,1034,2183,object,1920,2560
train_1044.jpg,33,2184,193,2387,object,1920,2560
train_1044.jpg,654,2064,763,2249,object,1920,2560
train_1044.jpg,1405,1596,1473,1691,object,1920,2560
train_1044.jpg,1324,1716,1398,1817,object,1920,2560
train_1044.jpg,1324,1607,1400,1702,object,1920,2560
train_1044.jpg,1242,1743,1318,1834,object,1920,2560
train_1044.jpg,1239,1631,1319,1728,object,1920,2560
train_1044.jpg,1152,1757,1232,1861,object,1920,2560
train_1044.jpg,1081,1778,1145,1877,object,1920,2560
train_1044.jpg,1152,1645,1237,1746,object,1920,2560
train_1044.jpg,983,1803,1074,1898,object,1920,2560
train_1044.jpg,975,1705,1066,1797,object,1920,2560
train_1044.jpg,1838,1258,1902,1361,object,1920,2560
train_1044.jpg,1403,1701,1473,1793,object,1920,2560
train_1044.jpg,1484,1680,1550,1774,object,1920,2560
train_1044.jpg,1558,1585,1632,1667,object,1920,2560
train_1044.jpg,1563,1680,1633,1767,object,1920,2560
train_1044.jpg,1639,1566,1711,1652,object,1920,2560
train_1044.jpg,1645,1667,1712,1750,object,1920,2560
train_1044.jpg,1716,1547,1778,1634,object,1920,2560
train_1044.jpg,1787,1541,1847,1628,object,1920,2560
train_1044.jpg,1855,1528,1909,1615,object,1920,2560
train_1044.jpg,1718,1640,1776,1725,object,1920,2560
train_1044.jpg,1784,1634,1847,1712,object,1920,2560
train_1044.jpg,1852,1623,1908,1699,object,1920,2560
train_1044.jpg,1844,1822,1919,1908,object,1920,2560
train_1044.jpg,204,2171,364,2359,object,1920,2560
train_1044.jpg,379,2132,500,2323,object,1920,2560
train_1044.jpg,504,2097,644,2295,object,1920,2560
train_1044.jpg,771,2018,894,2204,object,1920,2560
train_1044.jpg,1765,1272,1833,1362,object,1920,2560
train_1044.jpg,741,1062,829,1354,object,1920,2560
train_1044.jpg,1596,1386,1681,1507,object,1920,2560
train_1044.jpg,817,1449,931,1505,object,1920,2560
train_1044.jpg,934,1416,1051,1493,object,1920,2560
train_1044.jpg,643,1070,734,1359,object,1920,2560
train_1044.jpg,513,1106,615,1386,object,1920,2560
train_1044.jpg,389,1098,504,1390,object,1920,2560
train_1044.jpg,267,1117,383,1411,object,1920,2560
train_1044.jpg,139,1130,264,1424,object,1920,2560
train_1044.jpg,0,1144,103,1452,object,1920,2560
train_1044.jpg,1776,615,1812,898,object,1920,2560
train_1044.jpg,1694,621,1772,910,object,1920,2560
train_1044.jpg,1610,618,1686,914,object,1920,2560
train_1044.jpg,1531,635,1586,916,object,1920,2560
train_1044.jpg,1367,640,1454,931,object,1920,2560
train_1044.jpg,1247,632,1337,934,object,1920,2560
train_1044.jpg,1147,643,1236,942,object,1920,2560
train_1044.jpg,1062,640,1136,964,object,1920,2560
train_1044.jpg,967,640,1060,973,object,1920,2560
train_1044.jpg,681,1465,807,1525,object,1920,2560
train_1044.jpg,550,1561,683,1699,object,1920,2560
train_1044.jpg,409,1607,545,1724,object,1920,2560
train_1044.jpg,1683,1280,1760,1378,object,1920,2560
train_1044.jpg,844,1049,935,1347,object,1920,2560
train_1044.jpg,942,1029,1051,1326,object,1920,2560
train_1044.jpg,1059,1021,1163,1304,object,1920,2560
train_1044.jpg,1168,1013,1265,1296,object,1920,2560
train_1044.jpg,1275,1002,1371,1284,object,1920,2560
train_1044.jpg,1378,989,1450,1255,object,1920,2560
train_1044.jpg,1457,975,1539,1242,object,1920,2560
train_1044.jpg,1552,972,1639,1235,object,1920,2560
train_1044.jpg,831,645,914,976,object,1920,2560
train_1044.jpg,1648,972,1743,1226,object,1920,2560
train_1044.jpg,1846,959,1921,1191,object,1920,2560
train_1044.jpg,0,1585,80,1675,object,1920,2560
train_1044.jpg,82,1561,237,1633,object,1920,2560
train_1044.jpg,237,1539,387,1604,object,1920,2560
train_1044.jpg,403,1517,537,1587,object,1920,2560
train_1044.jpg,0,1683,79,1818,object,1920,2560
train_1044.jpg,84,1653,231,1789,object,1920,2560
train_1044.jpg,251,1626,389,1762,object,1920,2560
train_1044.jpg,1762,964,1843,1209,object,1920,2560
train_1044.jpg,727,643,826,988,object,1920,2560
train_1044.jpg,1760,1381,1824,1475,object,1920,2560
train_1044.jpg,485,654,598,999,object,1920,2560
train_1044.jpg,836,191,957,571,object,1920,2560
train_1044.jpg,1394,1430,1486,1537,object,1920,2560
train_1044.jpg,1394,1310,1486,1413,object,1920,2560
train_1044.jpg,1283,1443,1386,1561,object,1920,2560
train_1044.jpg,1275,1329,1385,1430,object,1920,2560
train_1044.jpg,1193,1460,1280,1572,object,1920,2560
train_1044.jpg,1187,1345,1273,1448,object,1920,2560
train_1044.jpg,684,188,810,569,object,1920,2560
train_1044.jpg,1492,1291,1583,1392,object,1920,2560
train_1044.jpg,523,191,667,571,object,1920,2560
train_1044.jpg,1059,1482,1167,1599,object,1920,2560
train_1044.jpg,1059,1354,1183,1476,object,1920,2560
train_1044.jpg,942,1498,1046,1618,object,1920,2560
train_1044.jpg,692,1541,816,1670,object,1920,2560
train_1044.jpg,289,212,388,571,object,1920,2560
train_1044.jpg,147,191,275,581,object,1920,2560
train_1044.jpg,8,182,136,587,object,1920,2560
train_1044.jpg,605,640,717,989,object,1920,2560
train_1044.jpg,419,218,513,590,object,1920,2560
train_1044.jpg,1498,1408,1578,1517,object,1920,2560
train_1044.jpg,828,1520,934,1641,object,1920,2560
train_1044.jpg,238,654,342,1025,object,1920,2560
train_1044.jpg,0,645,102,1018,object,1920,2560
train_1044.jpg,1822,615,1918,886,object,1920,2560
train_1044.jpg,1808,251,1880,553,object,1920,2560
train_1044.jpg,1729,251,1802,547,object,1920,2560
train_1044.jpg,1561,240,1636,547,object,1920,2560
train_1044.jpg,1468,237,1552,559,object,1920,2560
train_1044.jpg,1386,240,1456,561,object,1920,2560
train_1044.jpg,1291,234,1377,569,object,1920,2560
train_1044.jpg,1179,229,1276,569,object,1920,2560
train_1044.jpg,1081,221,1174,564,object,1920,2560
train_1044.jpg,1648,245,1721,551,object,1920,2560
train_1044.jpg,351,656,475,1004,object,1920,2560
train_1044.jpg,967,218,1067,570,object,1920,2560
train_1045.jpg,532,2125,597,2331,object,2448,3264
train_1045.jpg,611,2120,670,2320,object,2448,3264
train_1045.jpg,673,2115,740,2317,object,2448,3264
train_1045.jpg,752,2111,820,2326,object,2448,3264
train_1045.jpg,831,2111,895,2318,object,2448,3264
train_1045.jpg,902,2107,969,2308,object,2448,3264
train_1045.jpg,977,2107,1040,2312,object,2448,3264
train_1045.jpg,1892,2103,1960,2298,object,2448,3264
train_1045.jpg,1826,2103,1885,2302,object,2448,3264
train_1045.jpg,1047,2107,1113,2314,object,2448,3264
train_1045.jpg,1122,2107,1186,2312,object,2448,3264
train_1045.jpg,1265,2099,1331,2304,object,2448,3264
train_1045.jpg,1755,2103,1817,2307,object,2448,3264
train_1045.jpg,1337,2081,1394,2291,object,2448,3264
train_1045.jpg,1689,2094,1749,2305,object,2448,3264
train_1045.jpg,466,2125,529,2336,object,2448,3264
train_1045.jpg,1619,2098,1679,2301,object,2448,3264
train_1045.jpg,1547,2100,1611,2300,object,2448,3264
train_1045.jpg,1471,2105,1539,2302,object,2448,3264
train_1045.jpg,1400,2070,1459,2290,object,2448,3264
train_1045.jpg,1194,2107,1260,2305,object,2448,3264
train_1045.jpg,383,2133,457,2337,object,2448,3264
train_1045.jpg,675,1925,743,2114,object,2448,3264
train_1045.jpg,233,2142,306,2340,object,2448,3264
train_1045.jpg,752,1927,821,2104,object,2448,3264
train_1045.jpg,831,1922,894,2104,object,2448,3264
train_1045.jpg,903,1920,970,2096,object,2448,3264
train_1045.jpg,530,1931,602,2119,object,2448,3264
train_1045.jpg,449,1931,517,2120,object,2448,3264
train_1045.jpg,378,1931,444,2126,object,2448,3264
train_1045.jpg,295,1932,373,2127,object,2448,3264
train_1045.jpg,224,1936,284,2126,object,2448,3264
train_1045.jpg,146,1938,218,2127,object,2448,3264
train_1045.jpg,1966,2098,2028,2301,object,2448,3264
train_1045.jpg,312,2129,377,2331,object,2448,3264
train_1045.jpg,2166,1312,2195,1514,object,2448,3264
train_1045.jpg,1052,1724,1114,1920,object,2448,3264
train_1045.jpg,1264,1526,1334,1719,object,2448,3264
train_1045.jpg,1193,1525,1259,1720,object,2448,3264
train_1045.jpg,977,1922,1039,2096,object,2448,3264
train_1045.jpg,1047,1926,1121,2096,object,2448,3264
train_1045.jpg,607,1922,672,2117,object,2448,3264
train_1045.jpg,1126,1927,1190,2104,object,2448,3264
train_1045.jpg,1197,1918,1262,2097,object,2448,3264
train_1045.jpg,1266,1910,1332,2096,object,2448,3264
train_1045.jpg,150,2142,228,2342,object,2448,3264
train_1045.jpg,1124,1724,1190,1919,object,2448,3264
train_1045.jpg,2032,2103,2097,2296,object,2448,3264
train_1045.jpg,2045,1909,2103,2096,object,2448,3264
train_1045.jpg,2169,2098,2230,2292,object,2448,3264
train_1045.jpg,977,1729,1041,1914,object,2448,3264
train_1045.jpg,903,1724,970,1916,object,2448,3264
train_1045.jpg,827,1730,896,1918,object,2448,3264
train_1045.jpg,752,1730,821,1918,object,2448,3264
train_1045.jpg,677,1729,746,1916,object,2448,3264
train_1045.jpg,607,1729,670,1916,object,2448,3264
train_1045.jpg,528,1729,596,1927,object,2448,3264
train_1045.jpg,452,1731,523,1922,object,2448,3264
train_1045.jpg,378,1738,446,1928,object,2448,3264
train_1045.jpg,1051,1324,1116,1519,object,2448,3264
train_1045.jpg,1117,1324,1188,1517,object,2448,3264
train_1045.jpg,1192,1324,1265,1522,object,2448,3264
train_1045.jpg,1271,1323,1335,1521,object,2448,3264
train_1045.jpg,2199,1315,2267,1526,object,2448,3264
train_1045.jpg,1051,1526,1117,1722,object,2448,3264
train_1045.jpg,299,1517,371,1722,object,2448,3264
train_1045.jpg,378,1522,448,1724,object,2448,3264
train_1045.jpg,453,1522,526,1721,object,2448,3264
train_1045.jpg,532,1526,600,1722,object,2448,3264
train_1045.jpg,607,1535,671,1720,object,2448,3264
train_1045.jpg,677,1526,742,1721,object,2448,3264
train_1045.jpg,752,1509,821,1723,object,2448,3264
train_1045.jpg,824,1503,902,1724,object,2448,3264
train_1045.jpg,906,1513,973,1722,object,2448,3264
train_1045.jpg,977,1513,1046,1723,object,2448,3264
train_1045.jpg,145,1733,214,1932,object,2448,3264
train_1045.jpg,220,1733,288,1931,object,2448,3264
train_1045.jpg,295,1733,370,1925,object,2448,3264
train_1045.jpg,1126,1522,1188,1720,object,2448,3264
train_1045.jpg,2103,2099,2164,2295,object,2448,3264
train_1045.jpg,2273,1326,2338,1528,object,2448,3264
train_1045.jpg,1905,1522,1964,1718,object,2448,3264
train_1045.jpg,2234,2098,2307,2291,object,2448,3264
train_1045.jpg,1482,1909,1537,2104,object,2448,3264
train_1045.jpg,1546,1914,1614,2098,object,2448,3264
train_1045.jpg,1623,1914,1680,2093,object,2448,3264
train_1045.jpg,1685,1914,1753,2086,object,2448,3264
train_1045.jpg,1760,1918,1820,2098,object,2448,3264
train_1045.jpg,1826,1914,1896,2098,object,2448,3264
train_1045.jpg,1900,1909,1959,2097,object,2448,3264
train_1045.jpg,1966,1909,2036,2093,object,2448,3264
train_1045.jpg,2105,1909,2175,2098,object,2448,3264
train_1045.jpg,2182,1905,2238,2093,object,2448,3264
train_1045.jpg,2246,1906,2311,2092,object,2448,3264
train_1045.jpg,1469,1729,1536,1908,object,2448,3264
train_1045.jpg,1971,1526,2049,1712,object,2448,3264
train_1045.jpg,1544,1725,1613,1912,object,2448,3264
train_1045.jpg,1760,1720,1819,1912,object,2448,3264
train_1045.jpg,1821,1724,1868,1912,object,2448,3264
train_1045.jpg,1895,1723,1966,1906,object,2448,3264
train_1045.jpg,2081,1702,2149,1877,object,2448,3264
train_1045.jpg,2174,1702,2246,1897,object,2448,3264
train_1045.jpg,2248,1702,2319,1896,object,2448,3264
train_1045.jpg,1482,1531,1544,1719,object,2448,3264
train_1045.jpg,1548,1531,1619,1720,object,2448,3264
train_1045.jpg,1623,1533,1681,1720,object,2448,3264
train_1045.jpg,1687,1526,1754,1721,object,2448,3264
train_1045.jpg,1685,1724,1755,1912,object,2448,3264
train_1045.jpg,1758,1530,1828,1718,object,2448,3264
train_1045.jpg,1833,1521,1900,1714,object,2448,3264
train_1045.jpg,1619,1727,1679,1910,object,2448,3264
train_1045.jpg,1971,1720,2045,1904,object,2448,3264
train_1045.jpg,1267,1724,1330,1906,object,2448,3264
train_1045.jpg,136,1516,216,1718,object,2448,3264
train_1045.jpg,1977,1328,2044,1521,object,2448,3264
train_1045.jpg,2340,1333,2419,1412,object,2448,3264
train_1045.jpg,2347,1415,2419,1487,object,2448,3264
train_1045.jpg,2345,1491,2416,1557,object,2448,3264
train_1045.jpg,2333,1564,2448,1631,object,2448,3264
train_1045.jpg,2336,1635,2408,1699,object,2448,3264
train_1045.jpg,2330,1707,2451,1776,object,2448,3264
train_1045.jpg,2325,1777,2399,1849,object,2448,3264
train_1045.jpg,2327,1852,2397,1919,object,2448,3264
train_1045.jpg,2323,1927,2395,1987,object,2448,3264
train_1045.jpg,1895,1333,1974,1518,object,2448,3264
train_1045.jpg,2327,1993,2402,2058,object,2448,3264
train_1045.jpg,2327,2133,2399,2195,object,2448,3264
train_1045.jpg,2323,2199,2397,2270,object,2448,3264
train_1045.jpg,2402,2205,2448,2272,object,2448,3264
train_1045.jpg,2404,2133,2450,2199,object,2448,3264
train_1045.jpg,2406,2059,2452,2122,object,2448,3264
train_1045.jpg,2404,1988,2448,2055,object,2448,3264
train_1045.jpg,2402,1922,2448,1982,object,2448,3264
train_1045.jpg,2406,1777,2450,1844,object,2448,3264
train_1045.jpg,1197,1727,1260,1914,object,2448,3264
train_1045.jpg,221,1512,293,1719,object,2448,3264
train_1045.jpg,2327,2063,2399,2127,object,2448,3264
train_1045.jpg,1830,1328,1877,1514,object,2448,3264
train_1045.jpg,2404,1853,2448,1916,object,2448,3264
train_1045.jpg,1696,1322,1757,1520,object,2448,3264
train_1045.jpg,607,1324,675,1490,object,2448,3264
train_1045.jpg,1764,1324,1826,1522,object,2448,3264
train_1045.jpg,682,1320,763,1487,object,2448,3264
train_1045.jpg,449,1320,529,1489,object,2448,3264
train_1045.jpg,374,1320,444,1496,object,2448,3264
train_1045.jpg,290,1315,361,1495,object,2448,3264
train_1045.jpg,212,1320,286,1496,object,2448,3264
train_1045.jpg,137,1309,206,1499,object,2448,3264
train_1045.jpg,0,2097,85,2312,object,2448,3264
train_1045.jpg,2,1848,106,2075,object,2448,3264
train_1045.jpg,3,1597,84,1819,object,2448,3264
train_1045.jpg,532,1324,599,1489,object,2448,3264
train_1045.jpg,2138,1324,2161,1508,object,2448,3264
train_1045.jpg,9,1408,125,1555,object,2448,3264
train_1045.jpg,1553,1327,1621,1520,object,2448,3264
train_1045.jpg,2094,1513,2122,1678,object,2448,3264
train_1045.jpg,2125,1517,2152,1686,object,2448,3264
train_1045.jpg,1485,1330,1550,1524,object,2448,3264
train_1045.jpg,2194,1530,2257,1688,object,2448,3264
train_1045.jpg,2261,1535,2326,1695,object,2448,3264
train_1045.jpg,1628,1321,1691,1520,object,2448,3264
train_1045.jpg,2100,1322,2130,1508,object,2448,3264
train_1045.jpg,2155,1522,2188,1685,object,2448,3264
train_1046.jpg,200,2205,330,2278,object,2336,4160
train_1046.jpg,334,2205,441,2273,object,2336,4160
train_1046.jpg,314,2304,420,2407,object,2336,4160
train_1046.jpg,454,2294,574,2418,object,2336,4160
train_1046.jpg,584,2265,676,2402,object,2336,4160
train_1046.jpg,698,2324,797,2379,object,2336,4160
train_1046.jpg,823,2285,927,2428,object,2336,4160
train_1046.jpg,938,2280,1049,2429,object,2336,4160
train_1046.jpg,1057,2359,1172,2410,object,2336,4160
train_1046.jpg,1766,2265,1837,2417,object,2336,4160
train_1046.jpg,1312,2280,1428,2425,object,2336,4160
train_1046.jpg,1591,2255,1690,2415,object,2336,4160
train_1046.jpg,1846,2265,1924,2409,object,2336,4160
train_1046.jpg,1930,2280,2030,2417,object,2336,4160
train_1046.jpg,2035,2285,2150,2414,object,2336,4160
train_1046.jpg,2160,2280,2245,2407,object,2336,4160
train_1046.jpg,2255,2190,2337,2404,object,2336,4160
train_1046.jpg,40,2619,151,2871,object,2336,4160
train_1046.jpg,165,2539,246,2800,object,2336,4160
train_1046.jpg,1456,3093,1524,3285,object,2336,4160
train_1046.jpg,1187,2275,1294,2428,object,2336,4160
train_1046.jpg,155,2329,277,2440,object,2336,4160
train_1046.jpg,998,2040,1181,2116,object,2336,4160
train_1046.jpg,2275,2000,2340,2101,object,2336,4160
train_1046.jpg,1312,1726,1491,1794,object,2336,4160
train_1046.jpg,1397,3103,1448,3261,object,2336,4160
train_1046.jpg,1322,1806,1498,1888,object,2336,4160
train_1046.jpg,1501,1796,1660,1878,object,2336,4160
train_1046.jpg,1676,1801,1828,1867,object,2336,4160
train_1046.jpg,1856,1776,2035,1873,object,2336,4160
train_1046.jpg,2070,1766,2283,1867,object,2336,4160
train_1046.jpg,200,1990,344,2121,object,2336,4160
train_1046.jpg,349,1990,485,2111,object,2336,4160
train_1046.jpg,5,2304,107,2539,object,2336,4160
train_1046.jpg,494,1995,647,2116,object,2336,4160
train_1046.jpg,813,2040,993,2127,object,2336,4160
train_1046.jpg,988,1955,1160,2030,object,2336,4160
train_1046.jpg,1187,2000,1331,2109,object,2336,4160
train_1046.jpg,1347,2005,1488,2111,object,2336,4160
train_1046.jpg,1506,1945,1611,2114,object,2336,4160
train_1046.jpg,1616,1970,1697,2107,object,2336,4160
train_1046.jpg,1726,2025,1905,2100,object,2336,4160
train_1046.jpg,1920,2010,2080,2096,object,2336,4160
train_1046.jpg,2095,2035,2256,2099,object,2336,4160
train_1046.jpg,658,1995,797,2119,object,2336,4160
train_1046.jpg,1232,3142,1393,3308,object,2336,4160
train_1046.jpg,953,2549,1016,2773,object,2336,4160
train_1046.jpg,983,3167,1085,3320,object,2336,4160
train_1046.jpg,1317,2499,1439,2746,object,2336,4160
train_1046.jpg,1461,2504,1586,2741,object,2336,4160
train_1046.jpg,1606,2494,1726,2738,object,2336,4160
train_1046.jpg,1731,2499,1847,2737,object,2336,4160
train_1046.jpg,1856,2504,1975,2730,object,2336,4160
train_1046.jpg,2010,2534,2084,2726,object,2336,4160
train_1046.jpg,2095,2544,2215,2732,object,2336,4160
train_1046.jpg,2225,2529,2337,2704,object,2336,4160
train_1046.jpg,165,2908,276,3071,object,2336,4160
train_1046.jpg,1187,2499,1307,2756,object,2336,4160
train_1046.jpg,289,2888,392,3046,object,2336,4160
train_1046.jpg,534,2883,637,3044,object,2336,4160
train_1046.jpg,643,2868,756,3043,object,2336,4160
train_1046.jpg,763,2853,884,3016,object,2336,4160
train_1046.jpg,893,2843,986,2997,object,2336,4160
train_1046.jpg,1008,2928,1096,3029,object,2336,4160
train_1046.jpg,1107,2873,1252,3021,object,2336,4160
train_1046.jpg,1287,2973,1351,3034,object,2336,4160
train_1046.jpg,1362,2938,1429,2999,object,2336,4160
train_1046.jpg,1447,2843,1560,2999,object,2336,4160
train_1046.jpg,414,2888,525,3053,object,2336,4160
train_1046.jpg,1107,2534,1176,2756,object,2336,4160
train_1046.jpg,1023,2544,1096,2756,object,2336,4160
train_1046.jpg,1132,1816,1303,1883,object,2336,4160
train_1046.jpg,868,3202,934,3332,object,2336,4160
train_1046.jpg,808,3207,863,3333,object,2336,4160
train_1046.jpg,738,3212,798,3337,object,2336,4160
train_1046.jpg,691,3219,733,3333,object,2336,4160
train_1046.jpg,619,3222,678,3338,object,2336,4160
train_1046.jpg,559,3207,616,3336,object,2336,4160
train_1046.jpg,514,3227,554,3341,object,2336,4160
train_1046.jpg,469,3222,506,3342,object,2336,4160
train_1046.jpg,404,3192,460,3327,object,2336,4160
train_1046.jpg,200,3162,281,3352,object,2336,4160
train_1046.jpg,60,3167,167,3359,object,2336,4160
train_1046.jpg,2223,2846,2308,2967,object,2336,4160
train_1046.jpg,2090,2813,2210,2970,object,2336,4160
train_1046.jpg,1970,2813,2087,2983,object,2336,4160
train_1046.jpg,1851,2813,1958,3005,object,2336,4160
train_1046.jpg,249,2539,324,2797,object,2336,4160
train_1046.jpg,384,2524,504,2805,object,2336,4160
train_1046.jpg,519,2554,693,2781,object,2336,4160
train_1046.jpg,703,2534,787,2763,object,2336,4160
train_1046.jpg,823,2594,880,2770,object,2336,4160
train_1046.jpg,883,2604,945,2780,object,2336,4160
train_1046.jpg,1122,3147,1206,3311,object,2336,4160
train_1046.jpg,1132,1721,1302,1803,object,2336,4160
train_1046.jpg,2210,3063,2338,3267,object,2336,4160
train_1046.jpg,938,1726,1117,1798,object,2336,4160
train_1046.jpg,1975,269,2107,388,object,2336,4160
train_1046.jpg,1816,229,1960,370,object,2336,4160
train_1046.jpg,1526,229,1720,324,object,2336,4160
train_1046.jpg,1666,334,1791,480,object,2336,4160
train_1046.jpg,1536,329,1656,471,object,2336,4160
train_1046.jpg,1387,339,1526,466,object,2336,4160
train_1046.jpg,1372,200,1515,329,object,2336,4160
train_1046.jpg,1227,344,1369,470,object,2336,4160
train_1046.jpg,1227,209,1358,338,object,2336,4160
train_1046.jpg,1801,374,1948,491,object,2336,4160
train_1046.jpg,80,838,178,1180,object,2336,4160
train_1046.jpg,359,853,481,1182,object,2336,4160
train_1046.jpg,489,938,575,1185,object,2336,4160
train_1046.jpg,579,963,633,1193,object,2336,4160
train_1046.jpg,643,908,728,1193,object,2336,4160
train_1046.jpg,738,958,842,1198,object,2336,4160
train_1046.jpg,858,983,960,1203,object,2336,4160
train_1046.jpg,968,998,1076,1197,object,2336,4160
train_1046.jpg,1087,973,1193,1203,object,2336,4160
train_1046.jpg,1197,988,1302,1211,object,2336,4160
train_1046.jpg,214,823,320,1181,object,2336,4160
train_1046.jpg,1965,399,2094,503,object,2336,4160
train_1046.jpg,2140,35,2340,349,object,2336,4160
train_1046.jpg,2125,364,2338,510,object,2336,4160
train_1046.jpg,1706,2833,1838,2998,object,2336,4160
train_1046.jpg,1222,80,1380,193,object,2336,4160
train_1046.jpg,1082,344,1205,450,object,2336,4160
train_1046.jpg,1082,214,1207,330,object,2336,4160
train_1046.jpg,1092,90,1211,211,object,2336,4160
train_1046.jpg,943,319,1076,445,object,2336,4160
train_1046.jpg,948,214,1062,314,object,2336,4160
train_1046.jpg,938,85,1069,211,object,2336,4160
train_1046.jpg,813,304,929,434,object,2336,4160
train_1046.jpg,668,314,811,434,object,2336,4160
train_1046.jpg,668,190,788,302,object,2336,4160
train_1046.jpg,454,214,643,421,object,2336,4160
train_1046.jpg,264,200,449,420,object,2336,4160
train_1046.jpg,60,195,247,416,object,2336,4160
train_1046.jpg,2085,3447,2216,3639,object,2336,4160
train_1046.jpg,1806,3462,1943,3664,object,2336,4160
train_1046.jpg,1646,3457,1799,3669,object,2336,4160
train_1046.jpg,1491,3462,1640,3679,object,2336,4160
train_1046.jpg,1337,3497,1478,3695,object,2336,4160
train_1046.jpg,1237,3551,1334,3696,object,2336,4160
train_1046.jpg,1167,3576,1235,3710,object,2336,4160
train_1046.jpg,1417,988,1523,1205,object,2336,4160
train_1046.jpg,928,1811,1110,1892,object,2336,4160
train_1046.jpg,1531,988,1637,1212,object,2336,4160
train_1046.jpg,1746,1062,1877,1223,object,2336,4160
train_1046.jpg,1980,3073,2046,3257,object,2336,4160
train_1046.jpg,1880,3073,1963,3251,object,2336,4160
train_1046.jpg,1751,3078,1833,3255,object,2336,4160
train_1046.jpg,1676,3083,1747,3266,object,2336,4160
train_1046.jpg,1596,3083,1655,3280,object,2336,4160
train_1046.jpg,1541,3083,1591,3273,object,2336,4160
train_1046.jpg,1586,1392,1662,1637,object,2336,4160
train_1046.jpg,1671,1367,1740,1644,object,2336,4160
train_1046.jpg,1910,1442,1994,1634,object,2336,4160
train_1046.jpg,2060,3073,2130,3257,object,2336,4160
train_1046.jpg,2005,1387,2081,1634,object,2336,4160
train_1046.jpg,2185,1377,2255,1636,object,2336,4160
train_1046.jpg,2260,1387,2322,1632,object,2336,4160
train_1046.jpg,30,1696,110,1894,object,2336,4160
train_1046.jpg,115,1781,312,1888,object,2336,4160
train_1046.jpg,329,1771,526,1884,object,2336,4160
train_1046.jpg,549,1716,731,1801,object,2336,4160
train_1046.jpg,544,1811,727,1888,object,2336,4160
train_1046.jpg,733,1716,929,1801,object,2336,4160
train_1046.jpg,733,1811,918,1889,object,2336,4160
train_1046.jpg,2100,1392,2170,1637,object,2336,4160
train_1046.jpg,2135,3063,2200,3245,object,2336,4160
train_1046.jpg,45,3497,166,3767,object,2336,4160
train_1046.jpg,175,3601,308,3777,object,2336,4160
train_1046.jpg,1895,1018,2085,1086,object,2336,4160
train_1046.jpg,1895,1092,2099,1166,object,2336,4160
train_1046.jpg,1885,1177,2090,1230,object,2336,4160
train_1046.jpg,2105,943,2210,1222,object,2336,4160
train_1046.jpg,2220,953,2333,1223,object,2336,4160
train_1046.jpg,100,1377,170,1627,object,2336,4160
train_1046.jpg,180,1342,247,1632,object,2336,4160
train_1046.jpg,259,1382,313,1625,object,2336,4160
train_1046.jpg,324,1392,378,1627,object,2336,4160
train_1046.jpg,384,1327,459,1625,object,2336,4160
train_1046.jpg,474,1332,569,1629,object,2336,4160
train_1046.jpg,828,1367,890,1645,object,2336,4160
train_1046.jpg,898,1387,965,1645,object,2336,4160
train_1046.jpg,983,1367,1050,1635,object,2336,4160
train_1046.jpg,1077,1367,1281,1654,object,2336,4160
train_1046.jpg,1481,1392,1581,1631,object,2336,4160
train_1046.jpg,1092,3576,1160,3719,object,2336,4160
train_1046.jpg,923,3502,1055,3709,object,2336,4160
train_1046.jpg,708,3522,899,3740,object,2336,4160
train_1046.jpg,514,3504,678,3770,object,2336,4160
train_1046.jpg,319,3596,458,3763,object,2336,4160
train_1046.jpg,1646,993,1733,1221,object,2336,4160
train_1046.jpg,1581,2838,1700,3004,object,2336,4160
train_1047.jpg,1673,1603,1736,1804,object,1920,2560
train_1047.jpg,588,813,647,1043,object,1920,2560
train_1047.jpg,1237,870,1311,1031,object,1920,2560
train_1047.jpg,1159,869,1235,1031,object,1920,2560
train_1047.jpg,1084,868,1157,1040,object,1920,2560
train_1047.jpg,953,850,1084,1040,object,1920,2560
train_1047.jpg,866,875,951,1039,object,1920,2560
train_1047.jpg,789,877,869,1046,object,1920,2560
train_1047.jpg,714,903,786,974,object,1920,2560
train_1047.jpg,711,972,786,1043,object,1920,2560
train_1047.jpg,1320,892,1460,1025,object,1920,2560
train_1047.jpg,651,875,714,1043,object,1920,2560
train_1047.jpg,400,837,494,1048,object,1920,2560
train_1047.jpg,314,830,401,1051,object,1920,2560
train_1047.jpg,230,845,314,1054,object,1920,2560
train_1047.jpg,155,839,232,1056,object,1920,2560
train_1047.jpg,57,830,152,1057,object,1920,2560
train_1047.jpg,0,908,53,1057,object,1920,2560
train_1047.jpg,1809,588,1882,666,object,1920,2560
train_1047.jpg,1810,667,1881,750,object,1920,2560
train_1047.jpg,493,839,583,1041,object,1920,2560
train_1047.jpg,1703,621,1809,741,object,1920,2560
train_1047.jpg,1467,853,1585,1019,object,1920,2560
train_1047.jpg,1655,851,1715,1010,object,1920,2560
train_1047.jpg,1497,1084,1569,1287,object,1920,2560
train_1047.jpg,1431,1120,1494,1287,object,1920,2560
train_1047.jpg,1365,1121,1430,1293,object,1920,2560
train_1047.jpg,1296,1075,1364,1299,object,1920,2560
train_1047.jpg,1234,1099,1294,1298,object,1920,2560
train_1047.jpg,1081,1132,1237,1180,object,1920,2560
train_1047.jpg,1096,1186,1228,1308,object,1920,2560
train_1047.jpg,992,1132,1081,1317,object,1920,2560
train_1047.jpg,1588,824,1650,1013,object,1920,2560
train_1047.jpg,929,1083,988,1329,object,1920,2560
train_1047.jpg,786,1138,857,1329,object,1920,2560
train_1047.jpg,693,1087,775,1335,object,1920,2560
train_1047.jpg,544,1171,691,1350,object,1920,2560
train_1047.jpg,457,1225,532,1353,object,1920,2560
train_1047.jpg,36,1221,131,1380,object,1920,2560
train_1047.jpg,1843,827,1910,1003,object,1920,2560
train_1047.jpg,1780,827,1843,1010,object,1920,2560
train_1047.jpg,1721,798,1780,1010,object,1920,2560
train_1047.jpg,866,1090,929,1328,object,1920,2560
train_1047.jpg,1637,559,1702,742,object,1920,2560
train_1047.jpg,1601,559,1638,741,object,1920,2560
train_1047.jpg,1434,515,1596,741,object,1920,2560
train_1047.jpg,1374,257,1435,422,object,1920,2560
train_1047.jpg,1305,250,1373,418,object,1920,2560
train_1047.jpg,1231,239,1299,416,object,1920,2560
train_1047.jpg,1162,239,1229,403,object,1920,2560
train_1047.jpg,1090,197,1158,405,object,1920,2560
train_1047.jpg,1031,197,1087,406,object,1920,2560
train_1047.jpg,974,251,1026,398,object,1920,2560
train_1047.jpg,896,198,971,391,object,1920,2560
train_1047.jpg,1434,335,1512,424,object,1920,2560
train_1047.jpg,813,158,898,390,object,1920,2560
train_1047.jpg,657,264,750,382,object,1920,2560
train_1047.jpg,527,202,654,296,object,1920,2560
train_1047.jpg,523,296,652,364,object,1920,2560
train_1047.jpg,341,225,440,266,object,1920,2560
train_1047.jpg,415,269,520,369,object,1920,2560
train_1047.jpg,326,269,417,361,object,1920,2560
train_1047.jpg,185,158,325,361,object,1920,2560
train_1047.jpg,51,128,176,338,object,1920,2560
train_1047.jpg,753,159,809,382,object,1920,2560
train_1047.jpg,1512,230,1582,424,object,1920,2560
train_1047.jpg,1586,329,1647,439,object,1920,2560
train_1047.jpg,1646,335,1709,439,object,1920,2560
train_1047.jpg,1276,603,1422,736,object,1920,2560
train_1047.jpg,1186,597,1274,738,object,1920,2560
train_1047.jpg,1096,603,1187,739,object,1920,2560
train_1047.jpg,1048,531,1091,741,object,1920,2560
train_1047.jpg,995,505,1049,733,object,1920,2560
train_1047.jpg,911,535,987,744,object,1920,2560
train_1047.jpg,827,484,911,743,object,1920,2560
train_1047.jpg,705,480,820,603,object,1920,2560
train_1047.jpg,699,607,818,738,object,1920,2560
train_1047.jpg,603,523,700,736,object,1920,2560
train_1047.jpg,550,483,603,738,object,1920,2560
train_1047.jpg,328,586,547,672,object,1920,2560
train_1047.jpg,338,673,547,726,object,1920,2560
train_1047.jpg,218,574,321,722,object,1920,2560
train_1047.jpg,111,580,219,714,object,1920,2560
train_1047.jpg,0,582,109,714,object,1920,2560
train_1047.jpg,1813,332,1892,451,object,1920,2560
train_1047.jpg,1721,236,1814,333,object,1920,2560
train_1047.jpg,1727,341,1809,444,object,1920,2560
train_1047.jpg,1568,1084,1635,1273,object,1920,2560
train_1047.jpg,1634,1065,1686,1273,object,1920,2560
train_1047.jpg,251,1219,364,1362,object,1920,2560
train_1047.jpg,1765,1134,1890,1273,object,1920,2560
train_1047.jpg,1512,1897,1574,2075,object,1920,2560
train_1047.jpg,1452,1896,1512,2100,object,1920,2560
train_1047.jpg,1395,1903,1451,2100,object,1920,2560
train_1047.jpg,1350,1905,1393,2115,object,1920,2560
train_1047.jpg,1267,1983,1351,2109,object,1920,2560
train_1047.jpg,1697,1123,1763,1273,object,1920,2560
train_1047.jpg,1132,1954,1208,2135,object,1920,2560
train_1047.jpg,1043,1954,1129,2154,object,1920,2560
train_1047.jpg,923,2028,1040,2176,object,1920,2560
train_1047.jpg,801,2030,921,2211,object,1920,2560
train_1047.jpg,654,2105,788,2166,object,1920,2560
train_1047.jpg,642,2166,784,2197,object,1920,2560
train_1047.jpg,623,2200,780,2222,object,1920,2560
train_1047.jpg,457,2130,621,2166,object,1920,2560
train_1047.jpg,457,2181,612,2211,object,1920,2560
train_1047.jpg,466,2214,624,2262,object,1920,2560
train_1047.jpg,293,2056,438,2178,object,1920,2560
train_1047.jpg,284,2184,435,2315,object,1920,2560
train_1047.jpg,195,2106,279,2327,object,1920,2560
train_1047.jpg,1577,1862,1621,2067,object,1920,2560
train_1047.jpg,0,2178,174,2231,object,1920,2560
train_1047.jpg,1628,1861,1688,2042,object,1920,2560
train_1047.jpg,1747,1867,1800,2031,object,1920,2560
train_1047.jpg,134,1168,249,1238,object,1920,2560
train_1047.jpg,146,1246,251,1368,object,1920,2560
train_1047.jpg,1825,2136,1901,2337,object,1920,2560
train_1047.jpg,1780,2149,1821,2363,object,1920,2560
train_1047.jpg,1712,2136,1781,2363,object,1920,2560
train_1047.jpg,1631,2157,1711,2393,object,1920,2560
train_1047.jpg,1535,2175,1629,2392,object,1920,2560
train_1047.jpg,1437,2185,1536,2429,object,1920,2560
train_1047.jpg,1320,2208,1432,2441,object,1920,2560
train_1047.jpg,1222,2208,1318,2476,object,1920,2560
train_1047.jpg,1123,2312,1218,2497,object,1920,2560
train_1047.jpg,1007,2264,1105,2530,object,1920,2560
train_1047.jpg,872,2449,1001,2547,object,1920,2560
train_1047.jpg,759,2479,870,2560,object,1920,2560
train_1047.jpg,756,2351,844,2463,object,1920,2560
train_1047.jpg,624,2342,753,2470,object,1920,2560
train_1047.jpg,484,2363,621,2510,object,1920,2560
train_1047.jpg,1876,1863,1919,2013,object,1920,2560
train_1047.jpg,1801,1862,1870,2019,object,1920,2560
train_1047.jpg,1691,1868,1746,2046,object,1920,2560
train_1047.jpg,0,2237,188,2282,object,1920,2560
train_1047.jpg,1207,1931,1259,2133,object,1920,2560
train_1047.jpg,1750,1670,1845,1785,object,1920,2560
train_1047.jpg,1261,1339,1382,1443,object,1920,2560
train_1047.jpg,1813,1350,1875,1533,object,1920,2560
train_1047.jpg,1756,1366,1808,1547,object,1920,2560
train_1047.jpg,1691,1401,1756,1547,object,1920,2560
train_1047.jpg,1625,1403,1687,1562,object,1920,2560
train_1047.jpg,1556,1413,1623,1562,object,1920,2560
train_1047.jpg,1470,1417,1556,1580,object,1920,2560
train_1047.jpg,1341,1464,1454,1601,object,1920,2560
train_1047.jpg,36,1889,217,2049,object,1920,2560
train_1047.jpg,1213,1463,1326,1604,object,1920,2560
train_1047.jpg,926,1506,1054,1637,object,1920,2560
train_1047.jpg,771,1514,916,1652,object,1920,2560
train_1047.jpg,0,2295,184,2335,object,1920,2560
train_1047.jpg,412,1552,582,1697,object,1920,2560
train_1047.jpg,221,1425,387,1547,object,1920,2560
train_1047.jpg,224,1547,408,1712,object,1920,2560
train_1047.jpg,111,1591,214,1736,object,1920,2560
train_1047.jpg,9,1526,109,1735,object,1920,2560
train_1047.jpg,1060,1470,1203,1619,object,1920,2560
train_1047.jpg,13,1821,218,1891,object,1920,2560
train_1047.jpg,597,1522,742,1667,object,1920,2560
train_1047.jpg,341,1749,417,2016,object,1920,2560
train_1047.jpg,230,1768,341,2018,object,1920,2560
train_1047.jpg,1610,1610,1671,1804,object,1920,2560
train_1047.jpg,1544,1656,1606,1828,object,1920,2560
train_1047.jpg,1473,1619,1545,1828,object,1920,2560
train_1047.jpg,1321,1716,1413,1783,object,1920,2560
train_1047.jpg,1320,1783,1414,1861,object,1920,2560
train_1047.jpg,1232,1727,1320,1786,object,1920,2560
train_1047.jpg,1228,1786,1320,1864,object,1920,2560
train_1047.jpg,1111,1715,1229,1864,object,1920,2560
train_1047.jpg,1419,1615,1470,1840,object,1920,2560
train_1047.jpg,953,1679,1014,1918,object,1920,2560
train_1047.jpg,872,1700,953,1918,object,1920,2560
train_1047.jpg,813,1734,860,1936,object,1920,2560
train_1047.jpg,753,1753,811,1936,object,1920,2560
train_1047.jpg,688,1771,753,1864,object,1920,2560
train_1047.jpg,687,1865,751,1954,object,1920,2560
train_1047.jpg,517,1797,683,1989,object,1920,2560
train_1047.jpg,1019,1693,1105,1894,object,1920,2560
train_1047.jpg,421,1750,518,1989,object,1920,2560
train_1048.jpg,767,1670,846,1887,object,1920,2560
train_1048.jpg,859,1667,945,1882,object,1920,2560
train_1048.jpg,961,1661,1040,1881,object,1920,2560
train_1048.jpg,1050,1670,1127,1875,object,1920,2560
train_1048.jpg,1139,1676,1216,1892,object,1920,2560
train_1048.jpg,1228,1682,1301,1888,object,1920,2560
train_1048.jpg,1314,1679,1394,1885,object,1920,2560
train_1048.jpg,1584,1667,1668,1887,object,1920,2560
train_1048.jpg,1492,1701,1572,1882,object,1920,2560
train_1048.jpg,1676,1673,1756,1892,object,1920,2560
train_1048.jpg,1762,1685,1843,1890,object,1920,2560
train_1048.jpg,681,1667,760,1878,object,1920,2560
train_1048.jpg,15,2127,144,2337,object,1920,2560
train_1048.jpg,1857,1682,1922,1885,object,1920,2560
train_1048.jpg,1406,1676,1470,1900,object,1920,2560
train_1048.jpg,599,1664,674,1877,object,1920,2560
train_1048.jpg,1372,1357,1454,1556,object,1920,2560
train_1048.jpg,313,1667,401,1875,object,1920,2560
train_1048.jpg,230,2078,295,2278,object,1920,2560
train_1048.jpg,813,1329,901,1541,object,1920,2560
train_1048.jpg,906,1332,999,1545,object,1920,2560
train_1048.jpg,1007,1338,1094,1542,object,1920,2560
train_1048.jpg,1102,1348,1182,1538,object,1920,2560
train_1048.jpg,1191,1341,1273,1538,object,1920,2560
train_1048.jpg,408,1676,487,1878,object,1920,2560
train_1048.jpg,1280,1344,1363,1551,object,1920,2560
train_1048.jpg,1553,1363,1627,1548,object,1920,2560
train_1048.jpg,1639,1357,1727,1562,object,1920,2560
train_1048.jpg,1734,1360,1814,1560,object,1920,2560
train_1048.jpg,1820,1366,1902,1551,object,1920,2560
train_1048.jpg,0,1854,92,2045,object,1920,2560
train_1048.jpg,224,1793,302,1986,object,1920,2560
train_1048.jpg,1455,1351,1546,1550,object,1920,2560
train_1048.jpg,313,2035,412,2205,object,1920,2560
train_1048.jpg,414,1320,499,1542,object,1920,2560
train_1048.jpg,519,2007,602,2207,object,1920,2560
train_1048.jpg,642,2287,714,2528,object,1920,2560
train_1048.jpg,718,2296,789,2536,object,1920,2560
train_1048.jpg,795,2296,871,2525,object,1920,2560
train_1048.jpg,881,2296,948,2522,object,1920,2560
train_1048.jpg,955,2296,1042,2522,object,1920,2560
train_1048.jpg,1047,2302,1123,2529,object,1920,2560
train_1048.jpg,556,2293,626,2530,object,1920,2560
train_1048.jpg,1130,2299,1202,2529,object,1920,2560
train_1048.jpg,1289,2333,1374,2523,object,1920,2560
train_1048.jpg,1391,2324,1470,2522,object,1920,2560
train_1048.jpg,1480,2330,1556,2522,object,1920,2560
train_1048.jpg,1575,2339,1650,2521,object,1920,2560
train_1048.jpg,1654,2324,1720,2517,object,1920,2560
train_1048.jpg,718,1329,811,1548,object,1920,2560
train_1048.jpg,1212,2327,1288,2535,object,1920,2560
train_1048.jpg,482,2296,550,2536,object,1920,2560
train_1048.jpg,402,2302,475,2535,object,1920,2560
train_1048.jpg,249,2407,292,2552,object,1920,2560
train_1048.jpg,608,2004,694,2205,object,1920,2560
train_1048.jpg,694,2011,786,2206,object,1920,2560
train_1048.jpg,795,2011,872,2205,object,1920,2560
train_1048.jpg,875,2007,951,2203,object,1920,2560
train_1048.jpg,958,2007,1032,2209,object,1920,2560
train_1048.jpg,1044,2011,1120,2209,object,1920,2560
train_1048.jpg,1123,2007,1203,2204,object,1920,2560
train_1048.jpg,1228,2011,1304,2199,object,1920,2560
train_1048.jpg,1305,2038,1387,2202,object,1920,2560
train_1048.jpg,1397,2032,1469,2209,object,1920,2560
train_1048.jpg,1480,2032,1558,2215,object,1920,2560
train_1048.jpg,1578,2032,1663,2222,object,1920,2560
train_1048.jpg,1673,2047,1753,2207,object,1920,2560
train_1048.jpg,1756,2035,1829,2208,object,1920,2560
train_1048.jpg,1829,2029,1917,2195,object,1920,2560
train_1048.jpg,510,1332,606,1544,object,1920,2560
train_1048.jpg,608,1323,700,1539,object,1920,2560
train_1048.jpg,417,2029,515,2206,object,1920,2560
train_1048.jpg,988,353,1093,553,object,1920,2560
train_1048.jpg,1219,691,1316,892,object,1920,2560
train_1048.jpg,1105,685,1208,892,object,1920,2560
train_1048.jpg,998,660,1098,883,object,1920,2560
train_1048.jpg,887,688,985,889,object,1920,2560
train_1048.jpg,770,672,869,882,object,1920,2560
train_1048.jpg,651,672,754,879,object,1920,2560
train_1048.jpg,537,666,640,869,object,1920,2560
train_1048.jpg,424,663,529,875,object,1920,2560
train_1048.jpg,298,629,414,866,object,1920,2560
train_1048.jpg,141,829,291,1027,object,1920,2560
train_1048.jpg,0,856,129,1023,object,1920,2560
train_1048.jpg,1817,307,1887,580,object,1920,2560
train_1048.jpg,1667,322,1726,586,object,1920,2560
train_1048.jpg,1578,307,1663,565,object,1920,2560
train_1048.jpg,1501,313,1577,568,object,1920,2560
train_1048.jpg,1406,304,1476,566,object,1920,2560
train_1048.jpg,1308,362,1400,563,object,1920,2560
train_1048.jpg,1212,359,1302,559,object,1920,2560
train_1048.jpg,1099,359,1196,557,object,1920,2560
train_1048.jpg,651,270,775,338,object,1920,2560
train_1048.jpg,764,347,860,546,object,1920,2560
train_1048.jpg,648,341,759,543,object,1920,2560
train_1048.jpg,531,338,638,538,object,1920,2560
train_1048.jpg,153,402,292,576,object,1920,2560
train_1048.jpg,0,408,138,583,object,1920,2560
train_1048.jpg,1323,685,1410,892,object,1920,2560
train_1048.jpg,1516,691,1599,903,object,1920,2560
train_1048.jpg,1744,313,1816,588,object,1920,2560
train_1048.jpg,1728,1016,1807,1220,object,1920,2560
train_1048.jpg,1366,1010,1444,1207,object,1920,2560
train_1048.jpg,1268,1016,1347,1208,object,1920,2560
train_1048.jpg,1176,1010,1258,1203,object,1920,2560
train_1048.jpg,163,1157,299,1332,object,1920,2560
train_1048.jpg,0,1142,137,1329,object,1920,2560
train_1048.jpg,1068,991,1160,1202,object,1920,2560
train_1048.jpg,973,1004,1056,1209,object,1920,2560
train_1048.jpg,1636,1016,1722,1219,object,1920,2560
train_1048.jpg,1814,1022,1892,1219,object,1920,2560
train_1048.jpg,0,1443,130,1665,object,1920,2560
train_1048.jpg,157,1424,285,1672,object,1920,2560
train_1048.jpg,1455,1010,1549,1210,object,1920,2560
train_1048.jpg,319,1320,409,1538,object,1920,2560
train_1048.jpg,783,995,870,1202,object,1920,2560
train_1048.jpg,688,995,775,1201,object,1920,2560
train_1048.jpg,592,995,681,1202,object,1920,2560
train_1048.jpg,408,964,573,1127,object,1920,2560
train_1048.jpg,316,964,397,1191,object,1920,2560
train_1048.jpg,1799,691,1877,909,object,1920,2560
train_1048.jpg,1707,685,1783,907,object,1920,2560
train_1048.jpg,1612,688,1697,903,object,1920,2560
train_1048.jpg,878,1001,963,1208,object,1920,2560
train_1048.jpg,1559,1013,1629,1212,object,1920,2560
train_1049.jpg,590,1506,692,1709,object,2448,3264
train_1049.jpg,693,1411,821,1704,object,2448,3264
train_1049.jpg,821,1443,912,1699,object,2448,3264
train_1049.jpg,984,1447,1139,1702,object,2448,3264
train_1049.jpg,1132,1459,1218,1690,object,2448,3264
train_1049.jpg,1754,2507,1854,2809,object,2448,3264
train_1049.jpg,1929,2583,2049,2763,object,2448,3264
train_1049.jpg,2268,2403,2383,2648,object,2448,3264
train_1049.jpg,2104,2399,2257,2662,object,2448,3264
train_1049.jpg,1925,2395,2077,2525,object,2448,3264
train_1049.jpg,414,1483,512,1707,object,2448,3264
train_1049.jpg,518,1487,587,1708,object,2448,3264
train_1049.jpg,1323,1467,1416,1706,object,2448,3264
train_1049.jpg,1690,1506,1793,1698,object,2448,3264
train_1049.jpg,1491,1459,1585,1693,object,2448,3264
train_1049.jpg,2176,139,2359,666,object,2448,3264
train_1049.jpg,1881,275,2069,688,object,2448,3264
train_1049.jpg,1395,136,1527,698,object,2448,3264
train_1049.jpg,1208,183,1386,700,object,2448,3264
train_1049.jpg,1064,422,1203,698,object,2448,3264
train_1049.jpg,913,255,1056,703,object,2448,3264
train_1049.jpg,729,247,879,703,object,2448,3264
train_1049.jpg,550,112,705,705,object,2448,3264
train_1049.jpg,414,430,539,706,object,2448,3264
train_1049.jpg,227,343,409,711,object,2448,3264
train_1049.jpg,88,387,171,656,object,2448,3264
train_1049.jpg,8,681,150,879,object,2448,3264
train_1049.jpg,16,917,190,1055,object,2448,3264
train_1049.jpg,223,877,611,1283,object,2448,3264
train_1049.jpg,630,964,768,1282,object,2448,3264
train_1049.jpg,777,877,1070,1283,object,2448,3264
train_1049.jpg,1084,869,1377,1275,object,2448,3264
train_1049.jpg,1407,933,1550,1264,object,2448,3264
train_1049.jpg,1570,929,1726,1270,object,2448,3264
train_1049.jpg,1746,952,1879,1268,object,2448,3264
train_1049.jpg,1909,909,2126,1267,object,2448,3264
train_1049.jpg,1825,773,2050,894,object,2448,3264
train_1049.jpg,2327,960,2450,1235,object,2448,3264
train_1049.jpg,2256,1347,2434,1679,object,2448,3264
train_1049.jpg,2092,1395,2234,1695,object,2448,3264
train_1049.jpg,1933,1427,2089,1696,object,2448,3264
train_1049.jpg,1793,1383,1924,1697,object,2448,3264
train_1049.jpg,311,1463,407,1714,object,2448,3264
train_1049.jpg,1594,1451,1687,1690,object,2448,3264
train_1049.jpg,1415,1419,1495,1661,object,2448,3264
train_1049.jpg,227,1451,313,1653,object,2448,3264
train_1049.jpg,1224,1558,1290,1700,object,2448,3264
train_1049.jpg,80,1463,145,1646,object,2448,3264
train_1049.jpg,299,2503,419,2766,object,2448,3264
train_1049.jpg,175,2503,294,2767,object,2448,3264
train_1049.jpg,167,2212,289,2332,object,2448,3264
train_1049.jpg,303,2212,359,2332,object,2448,3264
train_1049.jpg,371,2124,448,2331,object,2448,3264
train_1049.jpg,454,2112,524,2336,object,2448,3264
train_1049.jpg,418,2439,478,2704,object,2448,3264
train_1049.jpg,531,2152,617,2347,object,2448,3264
train_1049.jpg,721,2108,775,2266,object,2448,3264
train_1049.jpg,785,2212,912,2319,object,2448,3264
train_1049.jpg,941,2108,1083,2320,object,2448,3264
train_1049.jpg,1100,2108,1200,2328,object,2448,3264
train_1049.jpg,1208,2108,1274,2283,object,2448,3264
train_1049.jpg,1279,2116,1350,2302,object,2448,3264
train_1049.jpg,626,2116,711,2334,object,2448,3264
train_1049.jpg,1351,2112,1432,2334,object,2448,3264
train_1049.jpg,478,2479,527,2749,object,2448,3264
train_1049.jpg,602,2535,683,2786,object,2448,3264
train_1049.jpg,1666,2455,1740,2756,object,2448,3264
train_1049.jpg,1582,2495,1661,2794,object,2448,3264
train_1049.jpg,1498,2487,1575,2803,object,2448,3264
train_1049.jpg,1407,2451,1477,2755,object,2448,3264
train_1049.jpg,1315,2487,1403,2789,object,2448,3264
train_1049.jpg,1235,2539,1316,2806,object,2448,3264
train_1049.jpg,522,2535,604,2788,object,2448,3264
train_1049.jpg,1160,2527,1230,2800,object,2448,3264
train_1049.jpg,1000,2543,1076,2796,object,2448,3264
train_1049.jpg,925,2471,998,2765,object,2448,3264
train_1049.jpg,837,2515,921,2799,object,2448,3264
train_1049.jpg,765,2515,838,2792,object,2448,3264
train_1049.jpg,681,2539,766,2787,object,2448,3264
train_1049.jpg,151,1451,220,1650,object,2448,3264
train_1049.jpg,1076,2559,1149,2801,object,2448,3264
train_1049.jpg,1435,2108,1518,2300,object,2448,3264
train_1049.jpg,56,2495,174,2773,object,2448,3264
train_1049.jpg,1642,2108,1717,2292,object,2448,3264
train_1049.jpg,1443,1777,1527,2009,object,2448,3264
train_1049.jpg,1291,1849,1432,2033,object,2448,3264
train_1049.jpg,1196,1777,1288,1999,object,2448,3264
train_1049.jpg,1538,2112,1632,2324,object,2448,3264
train_1049.jpg,8,1471,72,1632,object,2448,3264
train_1049.jpg,16,1738,88,1961,object,2448,3264
train_1049.jpg,84,1762,173,1956,object,2448,3264
train_1049.jpg,1028,1785,1117,2028,object,2448,3264
train_1049.jpg,956,1801,1033,2029,object,2448,3264
train_1049.jpg,865,1801,948,2021,object,2448,3264
train_1049.jpg,801,1801,862,2020,object,2448,3264
train_1049.jpg,705,1793,801,2025,object,2448,3264
train_1049.jpg,498,1821,591,2029,object,2448,3264
train_1049.jpg,422,1785,486,2018,object,2448,3264
train_1049.jpg,343,1797,416,2032,object,2448,3264
train_1049.jpg,259,1746,339,1967,object,2448,3264
train_1049.jpg,1542,1773,1620,2009,object,2448,3264
train_1049.jpg,179,1746,246,1974,object,2448,3264
train_1049.jpg,1710,136,1869,681,object,2448,3264
train_1049.jpg,1734,2176,1876,2322,object,2448,3264
train_1049.jpg,1877,2112,2024,2324,object,2448,3264
train_1049.jpg,1730,1777,1816,2025,object,2448,3264
train_1049.jpg,2029,2112,2166,2316,object,2448,3264
train_1049.jpg,2168,2124,2312,2322,object,2448,3264
train_1049.jpg,2319,2100,2413,2281,object,2448,3264
train_1049.jpg,2335,1809,2448,2006,object,2448,3264
train_1049.jpg,2204,1813,2334,2017,object,2448,3264
train_1049.jpg,2096,1801,2201,2024,object,2448,3264
train_1049.jpg,2001,1789,2086,2036,object,2448,3264
train_1049.jpg,1905,1797,1987,2030,object,2448,3264
train_1049.jpg,1526,136,1700,673,object,2448,3264
train_1049.jpg,1634,1777,1707,1999,object,2448,3264
train_1049.jpg,1825,1789,1893,2022,object,2448,3264
train_105.jpg,1645,1427,1733,1616,object,1920,2560
train_105.jpg,1604,1152,1666,1390,object,1920,2560
train_105.jpg,1478,1473,1559,1692,object,1920,2560
train_105.jpg,1565,1443,1640,1664,object,1920,2560
train_105.jpg,1672,1139,1739,1366,object,1920,2560
train_105.jpg,1758,1309,1838,1522,object,1920,2560
train_105.jpg,1835,1534,1922,1731,object,1920,2560
train_105.jpg,1737,1563,1825,1775,object,1920,2560
train_105.jpg,1791,1092,1837,1288,object,1920,2560
train_105.jpg,1838,1103,1886,1275,object,1920,2560
train_105.jpg,1510,1156,1598,1408,object,1920,2560
train_105.jpg,1741,1121,1787,1300,object,1920,2560
train_105.jpg,782,1391,942,1607,object,1920,2560
train_105.jpg,1333,1210,1413,1465,object,1920,2560
train_105.jpg,1379,1493,1476,1726,object,1920,2560
train_105.jpg,1191,570,1260,889,object,1920,2560
train_105.jpg,1101,571,1185,893,object,1920,2560
train_105.jpg,388,547,436,604,object,1920,2560
train_105.jpg,383,611,452,660,object,1920,2560
train_105.jpg,252,898,401,1292,object,1920,2560
train_105.jpg,41,906,246,1321,object,1920,2560
train_105.jpg,5,1366,172,1772,object,1920,2560
train_105.jpg,181,1340,344,1732,object,1920,2560
train_105.jpg,355,1334,476,1693,object,1920,2560
train_105.jpg,488,1365,610,1705,object,1920,2560
train_105.jpg,616,1327,765,1661,object,1920,2560
train_105.jpg,949,1352,1101,1563,object,1920,2560
train_105.jpg,1111,1244,1215,1521,object,1920,2560
train_105.jpg,1220,1222,1326,1487,object,1920,2560
train_105.jpg,1420,1193,1503,1429,object,1920,2560
train_105.jpg,1266,1536,1371,1656,object,1920,2560
train_105.jpg,920,1971,1035,2067,object,1920,2560
train_105.jpg,1138,1582,1259,1701,object,1920,2560
train_105.jpg,1010,565,1099,896,object,1920,2560
train_105.jpg,1514,1725,1617,1924,object,1920,2560
train_105.jpg,1626,1686,1721,1879,object,1920,2560
train_105.jpg,1442,1742,1496,1962,object,1920,2560
train_105.jpg,1391,1785,1440,1985,object,1920,2560
train_105.jpg,1280,1823,1373,1908,object,1920,2560
train_105.jpg,1287,1934,1389,2027,object,1920,2560
train_105.jpg,1162,1988,1278,2083,object,1920,2560
train_105.jpg,1152,1874,1269,1950,object,1920,2560
train_105.jpg,1058,2055,1156,2155,object,1920,2560
train_105.jpg,927,2104,1023,2224,object,1920,2560
train_105.jpg,857,2029,913,2284,object,1920,2560
train_105.jpg,809,2046,849,2300,object,1920,2560
train_105.jpg,761,2067,803,2318,object,1920,2560
train_105.jpg,1273,1669,1369,1782,object,1920,2560
train_105.jpg,701,2063,757,2361,object,1920,2560
train_105.jpg,551,2130,632,2430,object,1920,2560
train_105.jpg,367,2147,543,2497,object,1920,2560
train_105.jpg,150,2236,348,2561,object,1920,2560
train_105.jpg,114,1791,261,2212,object,1920,2560
train_105.jpg,274,1742,404,2153,object,1920,2560
train_105.jpg,414,1710,538,2094,object,1920,2560
train_105.jpg,556,1744,686,2081,object,1920,2560
train_105.jpg,698,1715,815,2030,object,1920,2560
train_105.jpg,840,1855,996,1952,object,1920,2560
train_105.jpg,814,1756,993,1849,object,1920,2560
train_105.jpg,1009,1806,1139,1885,object,1920,2560
train_105.jpg,1000,1729,1129,1802,object,1920,2560
train_105.jpg,983,1631,1118,1725,object,1920,2560
train_105.jpg,1147,1715,1266,1835,object,1920,2560
train_105.jpg,641,2093,699,2393,object,1920,2560
train_105.jpg,942,654,1003,900,object,1920,2560
train_105.jpg,543,121,630,464,object,1920,2560
train_105.jpg,733,746,891,897,object,1920,2560
train_105.jpg,1051,319,1129,514,object,1920,2560
train_105.jpg,1134,324,1206,524,object,1920,2560
train_105.jpg,1212,261,1318,512,object,1920,2560
train_105.jpg,1321,270,1391,498,object,1920,2560
train_105.jpg,1396,283,1451,500,object,1920,2560
train_105.jpg,1459,299,1521,523,object,1920,2560
train_105.jpg,1526,328,1577,534,object,1920,2560
train_105.jpg,1584,333,1627,532,object,1920,2560
train_105.jpg,1628,333,1684,553,object,1920,2560
train_105.jpg,1688,343,1751,567,object,1920,2560
train_105.jpg,1758,365,1859,474,object,1920,2560
train_105.jpg,1763,478,1860,575,object,1920,2560
train_105.jpg,1804,667,1897,790,object,1920,2560
train_105.jpg,1809,927,1920,977,object,1920,2560
train_105.jpg,1806,981,1918,1034,object,1920,2560
train_105.jpg,811,138,917,495,object,1920,2560
train_105.jpg,650,118,804,483,object,1920,2560
train_105.jpg,1658,631,1746,713,object,1920,2560
train_105.jpg,408,60,534,440,object,1920,2560
train_105.jpg,220,0,394,408,object,1920,2560
train_105.jpg,12,0,203,386,object,1920,2560
train_105.jpg,1507,536,1604,1130,object,1920,2560
train_105.jpg,1814,1036,1915,1088,object,1920,2560
train_105.jpg,896,654,937,901,object,1920,2560
train_105.jpg,1722,715,1792,807,object,1920,2560
train_105.jpg,927,142,1043,508,object,1920,2560
train_105.jpg,1806,872,1921,912,object,1920,2560
train_105.jpg,611,609,768,676,object,1920,2560
train_105.jpg,597,679,723,910,object,1920,2560
train_105.jpg,447,671,590,907,object,1920,2560
train_105.jpg,51,411,215,865,object,1920,2560
train_105.jpg,225,439,380,872,object,1920,2560
train_105.jpg,543,1055,597,1316,object,1920,2560
train_105.jpg,459,1063,536,1319,object,1920,2560
train_105.jpg,598,936,693,1316,object,1920,2560
train_105.jpg,695,933,788,1294,object,1920,2560
train_105.jpg,800,926,893,1280,object,1920,2560
train_105.jpg,1855,1287,1920,1472,object,1920,2560
train_105.jpg,1009,992,1082,1222,object,1920,2560
train_105.jpg,1096,982,1161,1213,object,1920,2560
train_105.jpg,1171,971,1236,1202,object,1920,2560
train_105.jpg,902,923,1005,1251,object,1920,2560
train_105.jpg,1343,971,1438,1160,object,1920,2560
train_105.jpg,1447,942,1501,1147,object,1920,2560
train_105.jpg,1265,652,1363,876,object,1920,2560
train_105.jpg,1371,647,1492,875,object,1920,2560
train_105.jpg,1613,913,1680,1125,object,1920,2560
train_105.jpg,1684,908,1755,1113,object,1920,2560
train_105.jpg,1757,860,1799,1038,object,1920,2560
train_105.jpg,1799,795,1905,830,object,1920,2560
train_105.jpg,1803,837,1909,868,object,1920,2560
train_105.jpg,1240,979,1339,1174,object,1920,2560
train_1050.jpg,868,3044,1072,3149,object,2336,4160
train_1050.jpg,865,3154,1073,3244,object,2336,4160
train_1050.jpg,668,2168,945,2423,object,2336,4160
train_1050.jpg,959,2228,1144,2428,object,2336,4160
train_1050.jpg,1164,2207,1336,2428,object,2336,4160
train_1050.jpg,1341,2247,1508,2421,object,2336,4160
train_1050.jpg,0,3101,181,3240,object,2336,4160
train_1050.jpg,1717,2116,1895,2271,object,2336,4160
train_1050.jpg,613,3125,859,3245,object,2336,4160
train_1050.jpg,359,3116,601,3244,object,2336,4160
train_1050.jpg,52,3389,224,3645,object,2336,4160
train_1050.jpg,32,3659,191,3781,object,2336,4160
train_1050.jpg,1517,2255,1681,2419,object,2336,4160
train_1050.jpg,1083,3149,1285,3244,object,2336,4160
train_1050.jpg,854,444,1125,614,object,2336,4160
train_1050.jpg,1300,3006,1460,3164,object,2336,4160
train_1050.jpg,1054,2662,1236,2824,object,2336,4160
train_1050.jpg,834,2516,1050,2657,object,2336,4160
train_1050.jpg,849,2666,1044,2815,object,2336,4160
train_1050.jpg,615,2662,772,2818,object,2336,4160
train_1050.jpg,461,2529,625,2657,object,2336,4160
train_1050.jpg,453,2669,604,2819,object,2336,4160
train_1050.jpg,1298,2687,1454,2853,object,2336,4160
train_1050.jpg,372,2152,662,2421,object,2336,4160
train_1050.jpg,8,2564,191,2762,object,2336,4160
train_1050.jpg,1710,2281,1880,2428,object,2336,4160
train_1050.jpg,1886,2276,2056,2434,object,2336,4160
train_1050.jpg,2067,2278,2223,2433,object,2336,4160
train_1050.jpg,2235,2280,2338,2431,object,2336,4160
train_1050.jpg,2252,2118,2340,2277,object,2336,4160
train_1050.jpg,200,2590,443,2819,object,2336,4160
train_1050.jpg,1465,2536,1657,2691,object,2336,4160
train_1050.jpg,1479,2691,1651,2855,object,2336,4160
train_1050.jpg,1670,2683,1862,2853,object,2336,4160
train_1050.jpg,1467,3009,1622,3158,object,2336,4160
train_1050.jpg,1622,2996,1784,3154,object,2336,4160
train_1050.jpg,1787,2996,1942,3149,object,2336,4160
train_1050.jpg,1784,3168,1935,3318,object,2336,4160
train_1050.jpg,1612,3169,1773,3325,object,2336,4160
train_1050.jpg,1460,3172,1611,3323,object,2336,4160
train_1050.jpg,1293,3167,1447,3325,object,2336,4160
train_1050.jpg,2109,3172,2267,3339,object,2336,4160
train_1050.jpg,1970,3177,2102,3338,object,2336,4160
train_1050.jpg,1981,3007,2128,3168,object,2336,4160
train_1050.jpg,2130,3001,2290,3171,object,2336,4160
train_1050.jpg,1881,2708,2075,2862,object,2336,4160
train_1050.jpg,2094,2714,2285,2861,object,2336,4160
train_1050.jpg,2080,2519,2286,2704,object,2336,4160
train_1050.jpg,1889,2528,2059,2691,object,2336,4160
train_1050.jpg,1078,3007,1279,3091,object,2336,4160
train_1050.jpg,76,2146,368,2419,object,2336,4160
train_1050.jpg,601,1121,767,1285,object,2336,4160
train_1050.jpg,3,1698,258,1855,object,2336,4160
train_1050.jpg,2228,1718,2340,1875,object,2336,4160
train_1050.jpg,2085,1269,2331,1603,object,2336,4160
train_1050.jpg,1145,1097,1334,1498,object,2336,4160
train_1050.jpg,964,1102,1137,1491,object,2336,4160
train_1050.jpg,768,1078,957,1479,object,2336,4160
train_1050.jpg,614,1298,768,1473,object,2336,4160
train_1050.jpg,2066,2121,2236,2276,object,2336,4160
train_1050.jpg,432,1126,596,1288,object,2336,4160
train_1050.jpg,439,1296,613,1469,object,2336,4160
train_1050.jpg,253,1121,426,1449,object,2336,4160
train_1050.jpg,19,1027,204,1469,object,2336,4160
train_1050.jpg,1844,589,2056,806,object,2336,4160
train_1050.jpg,2056,829,2257,1026,object,2336,4160
train_1050.jpg,1846,811,2047,1025,object,2336,4160
train_1050.jpg,1617,808,1831,1007,object,2336,4160
train_1050.jpg,1426,792,1608,1006,object,2336,4160
train_1050.jpg,1146,432,1407,587,object,2336,4160
train_1050.jpg,1126,584,1410,935,object,2336,4160
train_1050.jpg,834,615,1126,923,object,2336,4160
train_1050.jpg,429,489,626,916,object,2336,4160
train_1050.jpg,239,482,418,919,object,2336,4160
train_1050.jpg,48,481,233,916,object,2336,4160
train_1050.jpg,1737,3397,1874,3528,object,2336,4160
train_1050.jpg,1923,3418,2066,3578,object,2336,4160
train_1050.jpg,2066,3421,2262,3596,object,2336,4160
train_1050.jpg,2077,3602,2247,3766,object,2336,4160
train_1050.jpg,1903,3601,2066,3769,object,2336,4160
train_1050.jpg,1760,3588,1894,3780,object,2336,4160
train_1050.jpg,1623,3599,1751,3778,object,2336,4160
train_1050.jpg,2062,1719,2218,1899,object,2336,4160
train_1050.jpg,5,1861,259,2013,object,2336,4160
train_1050.jpg,1880,1717,2061,1895,object,2336,4160
train_1050.jpg,1512,1717,1684,1885,object,2336,4160
train_1050.jpg,267,1743,426,2018,object,2336,4160
train_1050.jpg,439,1815,662,2023,object,2336,4160
train_1050.jpg,677,1836,906,2023,object,2336,4160
train_1050.jpg,911,1715,1041,2037,object,2336,4160
train_1050.jpg,1046,1727,1174,2040,object,2336,4160
train_1050.jpg,1185,1726,1317,2047,object,2336,4160
train_1050.jpg,2237,1888,2338,2066,object,2336,4160
train_1050.jpg,2051,1899,2231,2053,object,2336,4160
train_1050.jpg,1865,1903,2049,2051,object,2336,4160
train_1050.jpg,1684,1899,1860,2049,object,2336,4160
train_1050.jpg,229,3630,395,3778,object,2336,4160
train_1050.jpg,252,3363,401,3621,object,2336,4160
train_1050.jpg,425,3378,575,3620,object,2336,4160
train_1050.jpg,409,3630,568,3768,object,2336,4160
train_1050.jpg,1686,1716,1875,1899,object,2336,4160
train_1050.jpg,592,3663,748,3802,object,2336,4160
train_1050.jpg,744,3440,916,3644,object,2336,4160
train_1050.jpg,1328,1716,1508,1884,object,2336,4160
train_1050.jpg,1331,1889,1503,2044,object,2336,4160
train_1050.jpg,1503,1891,1676,2051,object,2336,4160
train_1050.jpg,1627,3403,1730,3535,object,2336,4160
train_1050.jpg,1454,3635,1603,3773,object,2336,4160
train_1050.jpg,1465,3425,1613,3616,object,2336,4160
train_1050.jpg,586,3431,744,3645,object,2336,4160
train_1050.jpg,1287,3409,1455,3592,object,2336,4160
train_1050.jpg,1100,3645,1264,3797,object,2336,4160
train_1050.jpg,1107,3411,1269,3636,object,2336,4160
train_1050.jpg,935,3397,1097,3645,object,2336,4160
train_1050.jpg,935,3647,1088,3797,object,2336,4160
train_1050.jpg,760,3654,911,3803,object,2336,4160
train_1050.jpg,1302,3601,1453,3778,object,2336,4160
train_1050.jpg,1899,2118,2046,2273,object,2336,4160
train_1051.jpg,442,879,514,1058,object,2560,1920
train_1051.jpg,516,881,572,1050,object,2560,1920
train_1051.jpg,282,276,368,460,object,2560,1920
train_1051.jpg,958,1256,1006,1406,object,2560,1920
train_1051.jpg,914,1286,954,1415,object,2560,1920
train_1051.jpg,856,1288,905,1457,object,2560,1920
train_1051.jpg,803,1330,851,1465,object,2560,1920
train_1051.jpg,745,1346,799,1485,object,2560,1920
train_1051.jpg,692,1365,736,1529,object,2560,1920
train_1051.jpg,629,1395,687,1538,object,2560,1920
train_1051.jpg,569,1398,623,1580,object,2560,1920
train_1051.jpg,504,1432,565,1593,object,2560,1920
train_1051.jpg,442,1455,493,1640,object,2560,1920
train_1051.jpg,368,1494,432,1646,object,2560,1920
train_1051.jpg,1011,1247,1056,1380,object,2560,1920
train_1051.jpg,2339,627,2378,680,object,2560,1920
train_1051.jpg,2274,557,2346,622,object,2560,1920
train_1051.jpg,2168,591,2213,736,object,2560,1920
train_1051.jpg,2119,613,2166,743,object,2560,1920
train_1051.jpg,1980,740,2028,793,object,2560,1920
train_1051.jpg,1978,673,2027,734,object,2560,1920
train_1051.jpg,1950,759,1976,845,object,2560,1920
train_1051.jpg,1922,758,1948,847,object,2560,1920
train_1051.jpg,1878,773,1907,861,object,2560,1920
train_1051.jpg,1848,778,1875,870,object,2560,1920
train_1051.jpg,1790,798,1833,888,object,2560,1920
train_1051.jpg,1670,842,1709,936,object,2560,1920
train_1051.jpg,2267,638,2330,689,object,2560,1920
train_1051.jpg,1057,1223,1100,1369,object,2560,1920
train_1051.jpg,1103,1210,1144,1341,object,2560,1920
train_1051.jpg,1150,1182,1179,1325,object,2560,1920
train_1051.jpg,2022,840,2056,954,object,2560,1920
train_1051.jpg,1973,865,2020,972,object,2560,1920
train_1051.jpg,1922,891,1944,1006,object,2560,1920
train_1051.jpg,1897,898,1918,1008,object,2560,1920
train_1051.jpg,1867,928,1891,1020,object,2560,1920
train_1051.jpg,1834,946,1862,1035,object,2560,1920
train_1051.jpg,1804,969,1834,1043,object,2560,1920
train_1051.jpg,1772,946,1799,1053,object,2560,1920
train_1051.jpg,1740,960,1768,1070,object,2560,1920
train_1051.jpg,1707,969,1736,1075,object,2560,1920
train_1051.jpg,1682,979,1703,1091,object,2560,1920
train_1051.jpg,1656,988,1678,1110,object,2560,1920
train_1051.jpg,1631,990,1653,1120,object,2560,1920
train_1051.jpg,1598,1016,1626,1131,object,2560,1920
train_1051.jpg,1564,1011,1596,1152,object,2560,1920
train_1051.jpg,1534,1029,1557,1161,object,2560,1920
train_1051.jpg,1504,1032,1533,1175,object,2560,1920
train_1051.jpg,1469,1055,1503,1179,object,2560,1920
train_1051.jpg,1418,1080,1457,1206,object,2560,1920
train_1051.jpg,1383,1077,1413,1228,object,2560,1920
train_1051.jpg,1349,1101,1376,1228,object,2560,1920
train_1051.jpg,1319,1103,1342,1258,object,2560,1920
train_1051.jpg,1282,1152,1312,1273,object,2560,1920
train_1051.jpg,1233,1166,1277,1293,object,2560,1920
train_1051.jpg,1187,1182,1223,1303,object,2560,1920
train_1051.jpg,1557,870,1590,974,object,2560,1920
train_1051.jpg,1524,861,1553,992,object,2560,1920
train_1051.jpg,1487,888,1519,999,object,2560,1920
train_1051.jpg,1457,890,1485,1013,object,2560,1920
train_1051.jpg,143,250,278,462,object,2560,1920
train_1051.jpg,1689,620,1722,734,object,2560,1920
train_1051.jpg,1635,632,1678,745,object,2560,1920
train_1051.jpg,1605,643,1631,755,object,2560,1920
train_1051.jpg,1564,645,1600,773,object,2560,1920
train_1051.jpg,1536,662,1562,778,object,2560,1920
train_1051.jpg,1499,663,1533,787,object,2560,1920
train_1051.jpg,1462,675,1496,796,object,2560,1920
train_1051.jpg,1427,680,1459,803,object,2560,1920
train_1051.jpg,1386,681,1424,821,object,2560,1920
train_1051.jpg,1346,701,1382,821,object,2560,1920
train_1051.jpg,1312,701,1341,835,object,2560,1920
train_1051.jpg,1265,719,1302,845,object,2560,1920
train_1051.jpg,1228,719,1260,863,object,2560,1920
train_1051.jpg,1182,736,1224,866,object,2560,1920
train_1051.jpg,1136,752,1178,885,object,2560,1920
train_1051.jpg,1090,755,1127,898,object,2560,1920
train_1051.jpg,1036,768,1087,902,object,2560,1920
train_1051.jpg,995,773,1029,935,object,2560,1920
train_1051.jpg,928,796,988,941,object,2560,1920
train_1051.jpg,821,824,886,973,object,2560,1920
train_1051.jpg,756,828,816,988,object,2560,1920
train_1051.jpg,708,851,754,992,object,2560,1920
train_1051.jpg,655,855,699,1016,object,2560,1920
train_1051.jpg,578,877,640,1028,object,2560,1920
train_1051.jpg,1726,610,1759,726,object,2560,1920
train_1051.jpg,2061,808,2125,944,object,2560,1920
train_1051.jpg,1758,606,1780,714,object,2560,1920
train_1051.jpg,1814,597,1836,698,object,2560,1920
train_1051.jpg,1425,904,1455,1024,object,2560,1920
train_1051.jpg,1381,913,1417,1041,object,2560,1920
train_1051.jpg,1346,932,1378,1051,object,2560,1920
train_1051.jpg,1305,936,1345,1069,object,2560,1920
train_1051.jpg,1275,962,1304,1078,object,2560,1920
train_1051.jpg,1212,969,1265,1099,object,2560,1920
train_1051.jpg,1180,992,1213,1104,object,2560,1920
train_1051.jpg,1131,1009,1170,1123,object,2560,1920
train_1051.jpg,1073,1016,1125,1145,object,2560,1920
train_1051.jpg,1022,1032,1066,1157,object,2560,1920
train_1051.jpg,969,1041,1010,1191,object,2560,1920
train_1051.jpg,925,1064,966,1201,object,2560,1920
train_1051.jpg,861,1066,920,1224,object,2560,1920
train_1051.jpg,805,1106,856,1234,object,2560,1920
train_1051.jpg,747,1108,800,1270,object,2560,1920
train_1051.jpg,687,1121,739,1284,object,2560,1920
train_1051.jpg,615,1150,676,1296,object,2560,1920
train_1051.jpg,537,1164,605,1337,object,2560,1920
train_1051.jpg,437,1180,530,1349,object,2560,1920
train_1051.jpg,298,1187,406,1391,object,2560,1920
train_1051.jpg,1957,569,1986,663,object,2560,1920
train_1051.jpg,1929,574,1955,664,object,2560,1920
train_1051.jpg,1899,583,1927,677,object,2560,1920
train_1051.jpg,1871,588,1899,687,object,2560,1920
train_1051.jpg,1839,582,1867,692,object,2560,1920
train_1051.jpg,1781,601,1813,712,object,2560,1920
train_1051.jpg,2137,780,2182,832,object,2560,1920
train_1051.jpg,1652,1234,1678,1342,object,2560,1920
train_1051.jpg,2193,768,2226,817,object,2560,1920
train_1051.jpg,2223,988,2258,1050,object,2560,1920
train_1051.jpg,2184,1013,2213,1064,object,2560,1920
train_1051.jpg,2142,1035,2179,1090,object,2560,1920
train_1051.jpg,2144,974,2181,1017,object,2560,1920
train_1051.jpg,2091,1065,2136,1117,object,2560,1920
train_1051.jpg,2091,994,2137,1059,object,2560,1920
train_1051.jpg,2040,1093,2078,1145,object,2560,1920
train_1051.jpg,2045,1007,2087,1085,object,2560,1920
train_1051.jpg,1978,1101,2036,1168,object,2560,1920
train_1051.jpg,1973,1032,2038,1092,object,2560,1920
train_1051.jpg,1890,1122,1914,1217,object,2560,1920
train_1051.jpg,1862,1131,1889,1225,object,2560,1920
train_1051.jpg,1829,1140,1859,1235,object,2560,1920
train_1051.jpg,1763,1189,1786,1280,object,2560,1920
train_1051.jpg,1735,1195,1759,1291,object,2560,1920
train_1051.jpg,1712,1212,1734,1314,object,2560,1920
train_1051.jpg,1682,1221,1708,1330,object,2560,1920
train_1051.jpg,1603,1258,1648,1353,object,2560,1920
train_1051.jpg,1555,1271,1601,1388,object,2560,1920
train_1051.jpg,1522,1300,1548,1409,object,2560,1920
train_1051.jpg,1480,1305,1515,1432,object,2560,1920
train_1051.jpg,1450,1332,1478,1439,object,2560,1920
train_1051.jpg,1411,1349,1443,1471,object,2560,1920
train_1051.jpg,1376,1369,1406,1479,object,2560,1920
train_1051.jpg,1342,1388,1374,1496,object,2560,1920
train_1051.jpg,1298,1401,1335,1531,object,2560,1920
train_1051.jpg,1258,1427,1294,1541,object,2560,1920
train_1051.jpg,2260,989,2284,1027,object,2560,1920
train_1051.jpg,1219,1433,1255,1564,object,2560,1920
train_1051.jpg,2288,964,2330,1011,object,2560,1920
train_1051.jpg,1959,368,1984,479,object,2560,1920
train_1051.jpg,213,590,323,777,object,2560,1920
train_1051.jpg,2133,851,2176,898,object,2560,1920
train_1051.jpg,331,587,408,766,object,2560,1920
train_1051.jpg,416,585,490,742,object,2560,1920
train_1051.jpg,497,571,584,736,object,2560,1920
train_1051.jpg,588,569,663,721,object,2560,1920
train_1051.jpg,673,534,721,710,object,2560,1920
train_1051.jpg,729,532,792,693,object,2560,1920
train_1051.jpg,796,518,855,689,object,2560,1920
train_1051.jpg,858,518,915,673,object,2560,1920
train_1051.jpg,921,500,970,666,object,2560,1920
train_1051.jpg,979,502,1027,652,object,2560,1920
train_1051.jpg,1034,490,1092,648,object,2560,1920
train_1051.jpg,1099,488,1149,636,object,2560,1920
train_1051.jpg,1152,466,1192,625,object,2560,1920
train_1051.jpg,1201,470,1256,615,object,2560,1920
train_1051.jpg,1286,444,1339,601,object,2560,1920
train_1051.jpg,1612,409,1645,541,object,2560,1920
train_1051.jpg,1652,407,1690,534,object,2560,1920
train_1051.jpg,1705,400,1737,522,object,2560,1920
train_1051.jpg,1747,387,1783,516,object,2560,1920
train_1051.jpg,1811,382,1844,507,object,2560,1920
train_1051.jpg,1846,377,1872,497,object,2560,1920
train_1051.jpg,1784,391,1807,509,object,2560,1920
train_1051.jpg,1876,375,1901,493,object,2560,1920
train_1051.jpg,1932,373,1954,479,object,2560,1920
train_1051.jpg,1904,372,1927,486,object,2560,1920
train_1051.jpg,1987,365,2021,475,object,2560,1920
train_1051.jpg,1173,1457,1213,1581,object,2560,1920
train_1051.jpg,1790,1166,1818,1265,object,2560,1920
train_1051.jpg,1092,1446,1129,1627,object,2560,1920
train_1051.jpg,1672,160,1712,331,object,2560,1920
train_1051.jpg,1638,159,1668,333,object,2560,1920
train_1051.jpg,1612,169,1635,335,object,2560,1920
train_1051.jpg,1555,163,1608,340,object,2560,1920
train_1051.jpg,1513,167,1545,345,object,2560,1920
train_1051.jpg,1476,164,1511,345,object,2560,1920
train_1051.jpg,1432,165,1471,347,object,2560,1920
train_1051.jpg,1372,169,1420,353,object,2560,1920
train_1051.jpg,1335,165,1365,359,object,2560,1920
train_1051.jpg,1288,173,1328,367,object,2560,1920
train_1051.jpg,1247,180,1280,372,object,2560,1920
train_1051.jpg,1201,185,1242,376,object,2560,1920
train_1051.jpg,1168,200,1197,384,object,2560,1920
train_1051.jpg,1131,1430,1164,1617,object,2560,1920
train_1051.jpg,1071,241,1117,386,object,2560,1920
train_1051.jpg,1002,250,1061,395,object,2560,1920
train_1051.jpg,937,250,994,400,object,2560,1920
train_1051.jpg,870,248,933,399,object,2560,1920
train_1051.jpg,800,248,860,414,object,2560,1920
train_1051.jpg,724,261,789,418,object,2560,1920
train_1051.jpg,643,241,713,423,object,2560,1920
train_1051.jpg,557,245,642,424,object,2560,1920
train_1051.jpg,465,262,544,435,object,2560,1920
train_1051.jpg,379,275,456,442,object,2560,1920
train_1051.jpg,2279,740,2308,803,object,2560,1920
train_1051.jpg,2232,750,2269,812,object,2560,1920
train_1051.jpg,2186,829,2222,886,object,2560,1920
train_1051.jpg,2225,822,2261,877,object,2560,1920
train_1051.jpg,2265,813,2305,851,object,2560,1920
train_1051.jpg,1122,243,1166,385,object,2560,1920
train_1051.jpg,192,1668,341,1921,object,2560,1920
train_1051.jpg,35,1740,178,1918,object,2560,1920
train_1051.jpg,988,1467,1040,1668,object,2560,1920
train_1051.jpg,884,1517,970,1726,object,2560,1920
train_1051.jpg,787,1530,867,1793,object,2560,1920
train_1051.jpg,733,1592,780,1812,object,2560,1920
train_1051.jpg,678,1605,728,1858,object,2560,1920
train_1051.jpg,613,1649,673,1870,object,2560,1920
train_1051.jpg,569,1662,605,1904,object,2560,1920
train_1051.jpg,500,1707,561,1920,object,2560,1920
train_1051.jpg,1046,1442,1088,1663,object,2560,1920
train_1051.jpg,252,837,382,977,object,2560,1920
train_1051.jpg,345,1099,426,1170,object,2560,1920
train_1051.jpg,278,995,357,1092,object,2560,1920
train_1051.jpg,0,541,103,820,object,2560,1920
train_1051.jpg,398,1733,497,1922,object,2560,1920
train_1051.jpg,67,1166,177,1373,object,2560,1920
train_1051.jpg,173,1378,254,1603,object,2560,1920
train_1051.jpg,7,1453,149,1657,object,2560,1920
train_1051.jpg,7,881,161,1085,object,2560,1920
train_1052.jpg,3413,1021,3740,1313,object,4160,2340
train_1052.jpg,3251,101,3451,443,object,4160,2340
train_1052.jpg,3451,107,3760,437,object,4160,2340
train_1052.jpg,3766,93,3971,445,object,4160,2340
train_1052.jpg,3989,101,4163,399,object,4160,2340
train_1052.jpg,3144,524,3387,885,object,4160,2340
train_1052.jpg,3404,541,3679,876,object,4160,2340
train_1052.jpg,3673,521,3859,868,object,4160,2340
train_1052.jpg,3859,538,4163,859,object,4160,2340
train_1052.jpg,3130,1105,3286,1287,object,4160,2340
train_1052.jpg,2785,1724,2895,2002,object,4160,2340
train_1052.jpg,3107,1799,3592,1967,object,4160,2340
train_1052.jpg,3107,1666,3616,1799,object,4160,2340
train_1052.jpg,3075,1472,3636,1643,object,4160,2340
train_1052.jpg,3711,1897,4104,2016,object,4160,2340
train_1052.jpg,3694,1764,4099,1903,object,4160,2340
train_1052.jpg,3656,1634,4113,1793,object,4160,2340
train_1052.jpg,3668,1484,4125,1640,object,4160,2340
train_1052.jpg,3772,992,4087,1325,object,4160,2340
train_1052.jpg,2904,1672,3049,1996,object,4160,2340
train_1052.jpg,3052,101,3216,396,object,4160,2340
train_1052.jpg,1978,20,2068,364,object,4160,2340
train_1052.jpg,2742,3,2930,130,object,4160,2340
train_1052.jpg,6,217,220,333,object,4160,2340
train_1052.jpg,6,347,226,454,object,4160,2340
train_1052.jpg,17,437,295,752,object,4160,2340
train_1052.jpg,593,859,891,1169,object,4160,2340
train_1052.jpg,668,434,850,749,object,4160,2340
train_1052.jpg,633,145,833,440,object,4160,2340
train_1052.jpg,827,124,1067,341,object,4160,2340
train_1052.jpg,1082,162,1287,324,object,4160,2340
train_1052.jpg,1302,29,1420,344,object,4160,2340
train_1052.jpg,2924,46,3028,324,object,4160,2340
train_1052.jpg,1420,29,1524,344,object,4160,2340
train_1052.jpg,1524,23,1631,344,object,4160,2340
train_1052.jpg,1773,58,1869,359,object,4160,2340
train_1052.jpg,1871,6,1981,321,object,4160,2340
train_1052.jpg,2068,113,2143,353,object,4160,2340
train_1052.jpg,2140,110,2216,341,object,4160,2340
train_1052.jpg,2216,49,2326,341,object,4160,2340
train_1052.jpg,2331,0,2435,341,object,4160,2340
train_1052.jpg,2453,104,2667,324,object,4160,2340
train_1052.jpg,2693,116,2910,353,object,4160,2340
train_1052.jpg,2655,1698,2757,1955,object,4160,2340
train_1052.jpg,2490,1695,2621,1947,object,4160,2340
train_1052.jpg,1631,67,1776,362,object,4160,2340
train_1052.jpg,2233,1707,2352,1984,object,4160,2340
train_1052.jpg,992,1313,1093,1400,object,4160,2340
train_1052.jpg,876,581,1082,764,object,4160,2340
train_1052.jpg,914,417,1119,555,object,4160,2340
train_1052.jpg,1131,425,1391,610,object,4160,2340
train_1052.jpg,1169,622,1374,778,object,4160,2340
train_1052.jpg,1371,495,1481,778,object,4160,2340
train_1052.jpg,1105,1310,1200,1394,object,4160,2340
train_1052.jpg,1498,495,1631,778,object,4160,2340
train_1052.jpg,1747,509,1842,775,object,4160,2340
train_1052.jpg,1851,492,1958,755,object,4160,2340
train_1052.jpg,1970,451,2068,764,object,4160,2340
train_1052.jpg,2074,451,2192,758,object,4160,2340
train_1052.jpg,2207,492,2331,790,object,4160,2340
train_1052.jpg,2352,581,2476,798,object,4160,2340
train_1052.jpg,1652,483,1738,746,object,4160,2340
train_1052.jpg,2890,480,3028,781,object,4160,2340
train_1052.jpg,1036,1406,1154,1501,object,4160,2340
train_1052.jpg,1374,1310,1472,1406,object,4160,2340
train_1052.jpg,2375,1741,2464,1981,object,4160,2340
train_1052.jpg,2907,1238,3054,1550,object,4160,2340
train_1052.jpg,2771,1244,2913,1562,object,4160,2340
train_1052.jpg,2632,1339,2739,1524,object,4160,2340
train_1052.jpg,2453,1304,2580,1521,object,4160,2340
train_1052.jpg,2349,1255,2438,1539,object,4160,2340
train_1052.jpg,1151,1406,1255,1481,object,4160,2340
train_1052.jpg,2259,1270,2349,1527,object,4160,2340
train_1052.jpg,1973,1278,2140,1579,object,4160,2340
train_1052.jpg,1779,1281,1923,1539,object,4160,2340
train_1052.jpg,1608,1371,1698,1472,object,4160,2340
train_1052.jpg,1513,1374,1585,1452,object,4160,2340
train_1052.jpg,1417,1394,1504,1481,object,4160,2340
train_1052.jpg,1333,1394,1406,1484,object,4160,2340
train_1052.jpg,2164,1244,2259,1527,object,4160,2340
train_1052.jpg,2722,503,2846,781,object,4160,2340
train_1052.jpg,633,1278,738,1429,object,4160,2340
train_1052.jpg,2872,847,3057,1001,object,4160,2340
train_1052.jpg,35,1322,191,1533,object,4160,2340
train_1052.jpg,269,1692,662,2007,object,4160,2340
train_1052.jpg,957,1689,1105,2007,object,4160,2340
train_1052.jpg,1114,1715,1273,2004,object,4160,2340
train_1052.jpg,1336,1776,1409,2010,object,4160,2340
train_1052.jpg,1261,1767,1336,2010,object,4160,2340
train_1052.jpg,1423,1944,1553,2028,object,4160,2340
train_1052.jpg,1406,1860,1521,1947,object,4160,2340
train_1052.jpg,1409,1782,1533,1863,object,4160,2340
train_1052.jpg,1403,1701,1533,1793,object,4160,2340
train_1052.jpg,1585,1926,1678,2004,object,4160,2340
train_1052.jpg,1553,1851,1686,1921,object,4160,2340
train_1052.jpg,1556,1730,1681,1857,object,4160,2340
train_1052.jpg,1738,1631,1822,1871,object,4160,2340
train_1052.jpg,1828,1707,1932,2004,object,4160,2340
train_1052.jpg,1947,1741,2065,2010,object,4160,2340
train_1052.jpg,2074,1698,2195,1987,object,4160,2340
train_1052.jpg,23,1663,249,2022,object,4160,2340
train_1052.jpg,2464,550,2600,778,object,4160,2340
train_1052.jpg,214,1302,362,1533,object,4160,2340
train_1052.jpg,1157,1004,1357,1157,object,4160,2340
train_1052.jpg,1579,1038,1773,1192,object,4160,2340
train_1052.jpg,1357,1004,1539,1157,object,4160,2340
train_1052.jpg,2259,989,2447,1148,object,4160,2340
train_1052.jpg,928,1036,1122,1192,object,4160,2340
train_1052.jpg,949,882,1134,1033,object,4160,2340
train_1052.jpg,743,1469,923,1605,object,4160,2340
train_1052.jpg,790,1267,865,1414,object,4160,2340
train_1052.jpg,417,1264,584,1573,object,4160,2340
train_1052.jpg,2453,972,2629,1151,object,4160,2340
train_1052.jpg,2641,1021,2849,1174,object,4160,2340
train_1052.jpg,1819,1030,2010,1189,object,4160,2340
train_1052.jpg,2039,1004,2271,1137,object,4160,2340
train_1052.jpg,2904,1009,3078,1131,object,4160,2340
train_1053.jpg,25,1567,134,1815,object,2448,3264
train_1053.jpg,260,1552,520,1854,object,2448,3264
train_1053.jpg,1978,1041,2026,1308,object,2448,3264
train_1053.jpg,2029,1043,2101,1301,object,2448,3264
train_1053.jpg,529,1516,751,1847,object,2448,3264
train_1053.jpg,759,1502,978,1777,object,2448,3264
train_1053.jpg,983,1477,1157,1767,object,2448,3264
train_1053.jpg,1168,1457,1361,1698,object,2448,3264
train_1053.jpg,1367,1437,1497,1697,object,2448,3264
train_1053.jpg,1502,1427,1666,1644,object,2448,3264
train_1053.jpg,1667,1410,1780,1637,object,2448,3264
train_1053.jpg,1797,1397,1935,1587,object,2448,3264
train_1053.jpg,1946,1384,2054,1577,object,2448,3264
train_1053.jpg,141,1553,242,1814,object,2448,3264
train_1053.jpg,1911,1048,1976,1309,object,2448,3264
train_1053.jpg,1183,1033,1298,1374,object,2448,3264
train_1053.jpg,344,1033,493,1434,object,2448,3264
train_1053.jpg,1308,1047,1394,1372,object,2448,3264
train_1053.jpg,1392,1043,1490,1346,object,2448,3264
train_1053.jpg,1492,1037,1576,1348,object,2448,3264
train_1053.jpg,1582,1033,1662,1333,object,2448,3264
train_1053.jpg,1667,1039,1743,1333,object,2448,3264
train_1053.jpg,1747,1043,1820,1320,object,2448,3264
train_1053.jpg,1827,1046,1909,1318,object,2448,3264
train_1053.jpg,868,1038,981,1394,object,2448,3264
train_1053.jpg,1097,1073,1173,1377,object,2448,3264
train_1053.jpg,2357,1038,2436,1275,object,2448,3264
train_1053.jpg,2276,1047,2351,1288,object,2448,3264
train_1053.jpg,2177,1043,2271,1278,object,2448,3264
train_1053.jpg,2101,1044,2166,1293,object,2448,3264
train_1053.jpg,2059,1376,2178,1552,object,2448,3264
train_1053.jpg,759,1039,865,1412,object,2448,3264
train_1053.jpg,629,1038,750,1402,object,2448,3264
train_1053.jpg,494,1046,623,1432,object,2448,3264
train_1053.jpg,983,1033,1093,1392,object,2448,3264
train_1053.jpg,2186,1353,2300,1533,object,2448,3264
train_1053.jpg,180,1877,253,2117,object,2448,3264
train_1053.jpg,2361,1567,2450,1746,object,2448,3264
train_1053.jpg,1777,1908,1914,2091,object,2448,3264
train_1053.jpg,1921,1887,2072,2013,object,2448,3264
train_1053.jpg,2086,1837,2217,1969,object,2448,3264
train_1053.jpg,2226,1792,2328,1961,object,2448,3264
train_1053.jpg,2341,1777,2449,1940,object,2448,3264
train_1053.jpg,2359,1941,2450,2080,object,2448,3264
train_1053.jpg,2240,1976,2346,2119,object,2448,3264
train_1053.jpg,1592,1966,1761,2120,object,2448,3264
train_1053.jpg,2107,2006,2226,2174,object,2448,3264
train_1053.jpg,1772,2101,1936,2301,object,2448,3264
train_1053.jpg,1615,2151,1762,2344,object,2448,3264
train_1053.jpg,1421,2242,1585,2421,object,2448,3264
train_1053.jpg,1192,2281,1382,2498,object,2448,3264
train_1053.jpg,966,2356,1178,2623,object,2448,3264
train_1053.jpg,676,2495,933,2710,object,2448,3264
train_1053.jpg,313,2545,649,2845,object,2448,3264
train_1053.jpg,1954,2036,2071,2212,object,2448,3264
train_1053.jpg,1402,2015,1567,2221,object,2448,3264
train_1053.jpg,1203,2056,1385,2243,object,2448,3264
train_1053.jpg,918,2156,1178,2323,object,2448,3264
train_1053.jpg,2227,1588,2346,1752,object,2448,3264
train_1053.jpg,2106,1587,2226,1784,object,2448,3264
train_1053.jpg,1950,1622,2096,1829,object,2448,3264
train_1053.jpg,1789,1657,1936,1878,object,2448,3264
train_1053.jpg,1653,1697,1772,1918,object,2448,3264
train_1053.jpg,1497,1717,1652,1954,object,2448,3264
train_1053.jpg,1350,1752,1492,2003,object,2448,3264
train_1053.jpg,1154,1787,1318,2034,object,2448,3264
train_1053.jpg,984,1807,1143,2087,object,2448,3264
train_1053.jpg,785,1832,968,2127,object,2448,3264
train_1053.jpg,540,1882,774,2206,object,2448,3264
train_1053.jpg,282,1926,524,2273,object,2448,3264
train_1053.jpg,0,1902,82,2149,object,2448,3264
train_1053.jpg,90,1902,170,2146,object,2448,3264
train_1053.jpg,190,1031,336,1457,object,2448,3264
train_1053.jpg,304,2321,648,2515,object,2448,3264
train_1053.jpg,654,2225,873,2495,object,2448,3264
train_1053.jpg,2306,1358,2412,1523,object,2448,3264
train_1053.jpg,0,1193,183,1454,object,2448,3264
train_1053.jpg,1208,692,1264,983,object,2448,3264
train_1053.jpg,2266,757,2374,998,object,2448,3264
train_1053.jpg,564,170,658,503,object,2448,3264
train_1053.jpg,659,203,737,504,object,2448,3264
train_1053.jpg,744,205,823,519,object,2448,3264
train_1053.jpg,823,241,907,529,object,2448,3264
train_1053.jpg,913,235,981,548,object,2448,3264
train_1053.jpg,983,258,1053,564,object,2448,3264
train_1053.jpg,1063,260,1120,566,object,2448,3264
train_1053.jpg,1123,287,1193,574,object,2448,3264
train_1053.jpg,1198,289,1245,588,object,2448,3264
train_1053.jpg,1243,316,1306,589,object,2448,3264
train_1053.jpg,1318,324,1371,598,object,2448,3264
train_1053.jpg,1377,364,1420,599,object,2448,3264
train_1053.jpg,1422,364,1491,619,object,2448,3264
train_1053.jpg,1497,382,1556,629,object,2448,3264
train_1053.jpg,1555,394,1608,621,object,2448,3264
train_1053.jpg,489,172,563,489,object,2448,3264
train_1053.jpg,384,130,485,474,object,2448,3264
train_1053.jpg,274,135,376,464,object,2448,3264
train_1053.jpg,165,100,272,448,object,2448,3264
train_1053.jpg,1432,25,1487,277,object,2448,3264
train_1053.jpg,1487,45,1565,279,object,2448,3264
train_1053.jpg,1607,80,1669,328,object,2448,3264
train_1053.jpg,1677,97,1741,329,object,2448,3264
train_1053.jpg,1797,120,1887,373,object,2448,3264
train_1053.jpg,1929,190,1981,389,object,2448,3264
train_1053.jpg,1986,175,2010,404,object,2448,3264
train_1053.jpg,1612,409,1662,624,object,2448,3264
train_1053.jpg,2016,217,2046,409,object,2448,3264
train_1053.jpg,2071,190,2157,414,object,2448,3264
train_1053.jpg,2181,230,2230,448,object,2448,3264
train_1053.jpg,2236,274,2281,459,object,2448,3264
train_1053.jpg,2281,270,2333,474,object,2448,3264
train_1053.jpg,2341,291,2402,474,object,2448,3264
train_1053.jpg,0,85,75,425,object,2448,3264
train_1053.jpg,75,99,162,429,object,2448,3264
train_1053.jpg,2046,205,2071,418,object,2448,3264
train_1053.jpg,1662,409,1732,643,object,2448,3264
train_1053.jpg,1737,438,1778,644,object,2448,3264
train_1053.jpg,1775,429,1824,650,object,2448,3264
train_1053.jpg,1078,684,1142,978,object,2448,3264
train_1053.jpg,1148,679,1204,983,object,2448,3264
train_1053.jpg,1268,694,1319,979,object,2448,3264
train_1053.jpg,1328,695,1382,983,object,2448,3264
train_1053.jpg,1392,699,1437,982,object,2448,3264
train_1053.jpg,1446,709,1503,976,object,2448,3264
train_1053.jpg,1501,707,1556,984,object,2448,3264
train_1053.jpg,1033,669,1076,976,object,2448,3264
train_1053.jpg,1562,719,1608,981,object,2448,3264
train_1053.jpg,1662,719,1701,981,object,2448,3264
train_1053.jpg,1707,724,1754,983,object,2448,3264
train_1053.jpg,1757,699,1862,987,object,2448,3264
train_1053.jpg,1867,719,1968,988,object,2448,3264
train_1053.jpg,1976,714,2084,988,object,2448,3264
train_1053.jpg,2081,735,2167,988,object,2448,3264
train_1053.jpg,2171,734,2255,999,object,2448,3264
train_1053.jpg,1607,722,1652,978,object,2448,3264
train_1053.jpg,2381,759,2433,1002,object,2448,3264
train_1053.jpg,943,664,1028,976,object,2448,3264
train_1053.jpg,784,649,872,979,object,2448,3264
train_1053.jpg,1827,444,1860,654,object,2448,3264
train_1053.jpg,1867,449,1918,668,object,2448,3264
train_1053.jpg,1926,475,1975,669,object,2448,3264
train_1053.jpg,1976,469,2021,676,object,2448,3264
train_1053.jpg,2021,484,2054,673,object,2448,3264
train_1053.jpg,2106,499,2134,692,object,2448,3264
train_1053.jpg,2141,509,2177,694,object,2448,3264
train_1053.jpg,877,664,941,971,object,2448,3264
train_1053.jpg,2186,514,2230,700,object,2448,3264
train_1053.jpg,0,529,202,858,object,2448,3264
train_1053.jpg,220,579,312,962,object,2448,3264
train_1053.jpg,319,608,424,958,object,2448,3264
train_1053.jpg,430,604,520,963,object,2448,3264
train_1053.jpg,519,626,619,968,object,2448,3264
train_1053.jpg,624,624,700,974,object,2448,3264
train_1053.jpg,709,653,777,968,object,2448,3264
train_1053.jpg,2391,539,2450,721,object,2448,3264
train_1053.jpg,2061,502,2102,684,object,2448,3264
train_1054.jpg,2092,1265,2139,1311,object,2340,4160
train_1054.jpg,1612,1934,1779,2056,object,2340,4160
train_1054.jpg,1551,1709,1712,1791,object,2340,4160
train_1054.jpg,1752,1569,1920,1777,object,2340,4160
train_1054.jpg,1952,1575,2030,1784,object,2340,4160
train_1054.jpg,2080,1545,2155,1787,object,2340,4160
train_1054.jpg,2165,1527,2262,1790,object,2340,4160
train_1054.jpg,2275,1545,2343,1796,object,2340,4160
train_1054.jpg,12,1770,113,1960,object,2340,4160
train_1054.jpg,207,2165,319,2328,object,2340,4160
train_1054.jpg,572,1910,678,2141,object,2340,4160
train_1054.jpg,687,1910,789,2156,object,2340,4160
train_1054.jpg,821,1861,943,2162,object,2340,4160
train_1054.jpg,961,1910,1032,2162,object,2340,4160
train_1054.jpg,1046,1916,1089,2135,object,2340,4160
train_1054.jpg,1095,1910,1157,2123,object,2340,4160
train_1054.jpg,1174,1837,1264,2129,object,2340,4160
train_1054.jpg,1271,1855,1376,2141,object,2340,4160
train_1054.jpg,1393,1922,1482,2138,object,2340,4160
train_1054.jpg,1490,1916,1558,2116,object,2340,4160
train_1054.jpg,1606,2056,1729,2126,object,2340,4160
train_1054.jpg,1806,2001,1987,2115,object,2340,4160
train_1054.jpg,2013,2007,2145,2112,object,2340,4160
train_1054.jpg,2165,2025,2340,2115,object,2340,4160
train_1054.jpg,182,2427,322,2629,object,2340,4160
train_1054.jpg,480,2293,643,2454,object,2340,4160
train_1054.jpg,663,2214,783,2291,object,2340,4160
train_1054.jpg,797,2189,927,2284,object,2340,4160
train_1054.jpg,651,2305,782,2460,object,2340,4160
train_1054.jpg,797,2296,903,2457,object,2340,4160
train_1054.jpg,918,2244,1049,2311,object,2340,4160
train_1054.jpg,1393,1709,1548,1793,object,2340,4160
train_1054.jpg,1326,1557,1382,1802,object,2340,4160
train_1054.jpg,1113,1745,1305,1791,object,2340,4160
train_1054.jpg,1101,1679,1292,1738,object,2340,4160
train_1054.jpg,1034,1125,1159,1440,object,2340,4160
train_1054.jpg,1271,1125,1385,1440,object,2340,4160
train_1054.jpg,1399,1168,1466,1451,object,2340,4160
train_1054.jpg,1490,1198,1650,1343,object,2340,4160
train_1054.jpg,1502,1350,1660,1447,object,2340,4160
train_1054.jpg,1679,1253,1805,1435,object,2340,4160
train_1054.jpg,1812,1253,1891,1437,object,2340,4160
train_1054.jpg,1916,1259,1995,1440,object,2340,4160
train_1054.jpg,2001,1259,2056,1440,object,2340,4160
train_1054.jpg,2062,1210,2118,1260,object,2340,4160
train_1054.jpg,2141,1259,2199,1302,object,2340,4160
train_1054.jpg,2056,1277,2085,1311,object,2340,4160
train_1054.jpg,2057,1326,2092,1353,object,2340,4160
train_1054.jpg,2104,1320,2138,1358,object,2340,4160
train_1054.jpg,912,2323,1040,2401,object,2340,4160
train_1054.jpg,2147,1320,2194,1359,object,2340,4160
train_1054.jpg,2088,1368,2135,1432,object,2340,4160
train_1054.jpg,2054,1368,2086,1432,object,2340,4160
train_1054.jpg,2196,1381,2240,1434,object,2340,4160
train_1054.jpg,2262,1338,2328,1382,object,2340,4160
train_1054.jpg,2250,1393,2311,1432,object,2340,4160
train_1054.jpg,12,1484,97,1616,object,2340,4160
train_1054.jpg,322,1557,493,1654,object,2340,4160
train_1054.jpg,505,1551,689,1674,object,2340,4160
train_1054.jpg,705,1557,906,1673,object,2340,4160
train_1054.jpg,369,1673,487,1785,object,2340,4160
train_1054.jpg,499,1691,692,1800,object,2340,4160
train_1054.jpg,705,1679,893,1780,object,2340,4160
train_1054.jpg,912,1666,1087,1799,object,2340,4160
train_1054.jpg,1101,1612,1300,1677,object,2340,4160
train_1054.jpg,2147,1362,2191,1420,object,2340,4160
train_1054.jpg,906,2415,1046,2459,object,2340,4160
train_1054.jpg,1058,2275,1151,2459,object,2340,4160
train_1054.jpg,1162,2273,1292,2451,object,2340,4160
train_1054.jpg,1867,2761,1958,3006,object,2340,4160
train_1054.jpg,1971,2767,2068,2995,object,2340,4160
train_1054.jpg,2092,2785,2183,3011,object,2340,4160
train_1054.jpg,2196,2755,2294,3018,object,2340,4160
train_1054.jpg,109,3114,239,3284,object,2340,4160
train_1054.jpg,249,3120,369,3275,object,2340,4160
train_1054.jpg,414,3126,505,3257,object,2340,4160
train_1054.jpg,517,3126,701,3274,object,2340,4160
train_1054.jpg,730,3096,891,3236,object,2340,4160
train_1054.jpg,949,3090,1128,3245,object,2340,4160
train_1054.jpg,1149,3120,1295,3264,object,2340,4160
train_1054.jpg,1308,3126,1495,3272,object,2340,4160
train_1054.jpg,1502,3114,1668,3255,object,2340,4160
train_1054.jpg,1709,3114,1895,3248,object,2340,4160
train_1054.jpg,1745,2773,1825,3014,object,2340,4160
train_1054.jpg,1928,3126,2110,3223,object,2340,4160
train_1054.jpg,79,3558,141,3728,object,2340,4160
train_1054.jpg,170,3588,327,3634,object,2340,4160
train_1054.jpg,182,3649,324,3675,object,2340,4160
train_1054.jpg,189,3686,327,3737,object,2340,4160
train_1054.jpg,383,3582,543,3740,object,2340,4160
train_1054.jpg,572,3467,794,3587,object,2340,4160
train_1054.jpg,560,3594,778,3722,object,2340,4160
train_1054.jpg,797,3455,1005,3573,object,2340,4160
train_1054.jpg,1022,3448,1221,3573,object,2340,4160
train_1054.jpg,791,3588,1019,3708,object,2340,4160
train_1054.jpg,1023,3591,1224,3718,object,2340,4160
train_1054.jpg,1235,3400,1449,3742,object,2340,4160
train_1054.jpg,1466,3382,1665,3702,object,2340,4160
train_1054.jpg,1679,3375,1920,3734,object,2340,4160
train_1054.jpg,2159,3096,2335,3260,object,2340,4160
train_1054.jpg,943,1168,1028,1438,object,2340,4160
train_1054.jpg,1642,2779,1735,3003,object,2340,4160
train_1054.jpg,1438,2779,1507,3012,object,2340,4160
train_1054.jpg,1295,2281,1413,2445,object,2340,4160
train_1054.jpg,1423,2202,1548,2276,object,2340,4160
train_1054.jpg,1429,2293,1554,2454,object,2340,4160
train_1054.jpg,1575,2305,1704,2457,object,2340,4160
train_1054.jpg,1715,2311,1841,2436,object,2340,4160
train_1054.jpg,1861,2269,2001,2421,object,2340,4160
train_1054.jpg,2007,2275,2132,2415,object,2340,4160
train_1054.jpg,347,2603,499,2723,object,2340,4160
train_1054.jpg,517,2567,643,2719,object,2340,4160
train_1054.jpg,657,2554,777,2714,object,2340,4160
train_1054.jpg,791,2542,899,2726,object,2340,4160
train_1054.jpg,924,2536,1023,2675,object,2340,4160
train_1054.jpg,1040,2548,1156,2681,object,2340,4160
train_1054.jpg,1168,2579,1303,2659,object,2340,4160
train_1054.jpg,1514,2767,1607,2950,object,2340,4160
train_1054.jpg,1350,2542,1501,2673,object,2340,4160
train_1054.jpg,1660,2554,1822,2681,object,2340,4160
train_1054.jpg,1843,2542,1999,2678,object,2340,4160
train_1054.jpg,2031,2536,2177,2691,object,2340,4160
train_1054.jpg,2196,2591,2343,2675,object,2340,4160
train_1054.jpg,73,2798,185,3044,object,2340,4160
train_1054.jpg,195,2804,303,3049,object,2340,4160
train_1054.jpg,474,2785,569,3026,object,2340,4160
train_1054.jpg,572,2834,661,3038,object,2340,4160
train_1054.jpg,681,2785,801,3033,object,2340,4160
train_1054.jpg,821,2785,935,2977,object,2340,4160
train_1054.jpg,949,2840,1075,3023,object,2340,4160
train_1054.jpg,1107,2773,1213,3011,object,2340,4160
train_1054.jpg,1222,2767,1332,3017,object,2340,4160
train_1054.jpg,1344,2785,1431,3015,object,2340,4160
train_1054.jpg,1514,2560,1645,2681,object,2340,4160
train_1054.jpg,1934,3363,2135,3715,object,2340,4160
train_1054.jpg,864,1265,921,1435,object,2340,4160
train_1054.jpg,645,1235,730,1438,object,2340,4160
train_1054.jpg,742,1241,851,1451,object,2340,4160
train_1054.jpg,85,833,246,978,object,2340,4160
train_1054.jpg,262,658,379,985,object,2340,4160
train_1054.jpg,389,640,474,972,object,2340,4160
train_1054.jpg,480,651,581,961,object,2340,4160
train_1054.jpg,590,675,696,972,object,2340,4160
train_1054.jpg,702,704,853,973,object,2340,4160
train_1054.jpg,1004,724,1230,976,object,2340,4160
train_1054.jpg,1283,699,1435,978,object,2340,4160
train_1054.jpg,1454,816,1493,991,object,2340,4160
train_1054.jpg,1502,815,1558,990,object,2340,4160
train_1054.jpg,1575,709,1694,991,object,2340,4160
train_1054.jpg,1782,712,1869,990,object,2340,4160
train_1054.jpg,1885,655,1966,985,object,2340,4160
train_1054.jpg,2153,3351,2335,3725,object,2340,4160
train_1054.jpg,2153,716,2325,967,object,2340,4160
train_1054.jpg,1977,657,2037,991,object,2340,4160
train_1054.jpg,426,1289,494,1426,object,2340,4160
train_1054.jpg,365,1277,415,1431,object,2340,4160
train_1054.jpg,316,1271,359,1458,object,2340,4160
train_1054.jpg,6,1222,100,1359,object,2340,4160
train_1054.jpg,322,2165,538,2235,object,2340,4160
train_1054.jpg,529,1235,643,1441,object,2340,4160
train_1054.jpg,189,1934,360,2004,object,2340,4160
train_1054.jpg,249,2044,474,2155,object,2340,4160
train_1054.jpg,134,1563,300,1645,object,2340,4160
train_1054.jpg,103,1186,278,1552,object,2340,4160
train_1054.jpg,146,1788,357,1898,object,2340,4160
train_1054.jpg,140,1673,360,1761,object,2340,4160
train_1055.jpg,1222,1507,1296,1750,object,2448,3264
train_1055.jpg,478,1484,586,1676,object,2448,3264
train_1055.jpg,617,1487,696,1694,object,2448,3264
train_1055.jpg,701,1503,821,1702,object,2448,3264
train_1055.jpg,829,1453,899,1727,object,2448,3264
train_1055.jpg,906,1457,970,1731,object,2448,3264
train_1055.jpg,971,1464,1024,1737,object,2448,3264
train_1055.jpg,1033,1472,1092,1737,object,2448,3264
train_1055.jpg,1098,1476,1153,1746,object,2448,3264
train_1055.jpg,1156,1476,1216,1736,object,2448,3264
train_1055.jpg,370,1484,454,1664,object,2448,3264
train_1055.jpg,1823,1472,1947,1804,object,2448,3264
train_1055.jpg,1380,1530,1455,1764,object,2448,3264
train_1055.jpg,1468,1522,1549,1777,object,2448,3264
train_1055.jpg,1568,1541,1687,1789,object,2448,3264
train_1055.jpg,1699,1484,1812,1804,object,2448,3264
train_1055.jpg,301,1441,361,1674,object,2448,3264
train_1055.jpg,1969,1487,2149,1823,object,2448,3264
train_1055.jpg,2170,1511,2361,1851,object,2448,3264
train_1055.jpg,2292,2031,2419,2182,object,2448,3264
train_1055.jpg,2204,2039,2284,2292,object,2448,3264
train_1055.jpg,2112,1996,2196,2263,object,2448,3264
train_1055.jpg,1310,1499,1378,1754,object,2448,3264
train_1055.jpg,166,1491,225,1657,object,2448,3264
train_1055.jpg,624,1067,742,1195,object,2448,3264
train_1055.jpg,46,1441,96,1647,object,2448,3264
train_1055.jpg,224,385,286,779,object,2448,3264
train_1055.jpg,312,343,387,801,object,2448,3264
train_1055.jpg,393,331,487,786,object,2448,3264
train_1055.jpg,543,289,646,782,object,2448,3264
train_1055.jpg,674,389,787,777,object,2448,3264
train_1055.jpg,852,462,964,790,object,2448,3264
train_1055.jpg,1010,355,1148,785,object,2448,3264
train_1055.jpg,1383,304,1541,789,object,2448,3264
train_1055.jpg,1592,304,1760,780,object,2448,3264
train_1055.jpg,1823,204,2001,789,object,2448,3264
train_1055.jpg,2062,58,2278,780,object,2448,3264
train_1055.jpg,104,1484,160,1645,object,2448,3264
train_1055.jpg,2212,1021,2388,1365,object,2448,3264
train_1055.jpg,1827,1002,1956,1283,object,2448,3264
train_1055.jpg,1669,1010,1801,1332,object,2448,3264
train_1055.jpg,1518,1037,1643,1328,object,2448,3264
train_1055.jpg,1396,1037,1486,1323,object,2448,3264
train_1055.jpg,0,971,188,1253,object,2448,3264
train_1055.jpg,247,1029,370,1216,object,2448,3264
train_1055.jpg,432,1233,533,1299,object,2448,3264
train_1055.jpg,1992,1988,2092,2251,object,2448,3264
train_1055.jpg,829,998,1064,1306,object,2448,3264
train_1055.jpg,1114,1067,1231,1309,object,2448,3264
train_1055.jpg,0,1428,40,1642,object,2448,3264
train_1055.jpg,1996,1021,2193,1376,object,2448,3264
train_1055.jpg,1884,1961,1976,2210,object,2448,3264
train_1055.jpg,728,1861,791,2085,object,2448,3264
train_1055.jpg,212,1823,303,2014,object,2448,3264
train_1055.jpg,855,2185,939,2368,object,2448,3264
train_1055.jpg,975,2231,1030,2418,object,2448,3264
train_1055.jpg,1040,2254,1112,2452,object,2448,3264
train_1055.jpg,1145,2227,1190,2412,object,2448,3264
train_1055.jpg,1194,2249,1250,2448,object,2448,3264
train_1055.jpg,1256,2254,1319,2480,object,2448,3264
train_1055.jpg,1329,2281,1471,2349,object,2448,3264
train_1055.jpg,1337,2362,1469,2423,object,2448,3264
train_1055.jpg,1341,2432,1466,2503,object,2448,3264
train_1055.jpg,58,2462,125,2724,object,2448,3264
train_1055.jpg,236,2404,303,2678,object,2448,3264
train_1055.jpg,329,2481,413,2759,object,2448,3264
train_1055.jpg,416,2509,484,2793,object,2448,3264
train_1055.jpg,493,2516,572,2786,object,2448,3264
train_1055.jpg,578,2509,654,2766,object,2448,3264
train_1055.jpg,694,2582,771,2858,object,2448,3264
train_1055.jpg,782,2590,850,2869,object,2448,3264
train_1055.jpg,855,2601,928,2884,object,2448,3264
train_1055.jpg,960,2574,1017,2870,object,2448,3264
train_1055.jpg,1029,2640,1100,2926,object,2448,3264
train_1055.jpg,1110,2717,1197,2911,object,2448,3264
train_1055.jpg,1206,2767,1295,2964,object,2448,3264
train_1055.jpg,1299,2709,1382,2991,object,2448,3264
train_1055.jpg,690,2197,815,2389,object,2448,3264
train_1055.jpg,4,1788,71,1976,object,2448,3264
train_1055.jpg,574,2154,660,2352,object,2448,3264
train_1055.jpg,1387,2678,1467,2964,object,2448,3264
train_1055.jpg,328,1796,424,2003,object,2448,3264
train_1055.jpg,495,1832,561,2048,object,2448,3264
train_1055.jpg,566,1854,644,2077,object,2448,3264
train_1055.jpg,651,1854,718,2080,object,2448,3264
train_1055.jpg,790,1865,865,2092,object,2448,3264
train_1055.jpg,882,1881,952,2099,object,2448,3264
train_1055.jpg,975,1857,1035,2087,object,2448,3264
train_1055.jpg,1052,1881,1107,2093,object,2448,3264
train_1055.jpg,1110,1892,1177,2120,object,2448,3264
train_1055.jpg,1183,1911,1262,2140,object,2448,3264
train_1055.jpg,1268,1919,1347,2165,object,2448,3264
train_1055.jpg,1453,1931,1528,2166,object,2448,3264
train_1055.jpg,1565,1911,1649,2151,object,2448,3264
train_1055.jpg,1769,1942,1856,2188,object,2448,3264
train_1055.jpg,2277,2389,2374,2639,object,2448,3264
train_1055.jpg,2170,2370,2269,2622,object,2448,3264
train_1055.jpg,2066,2362,2157,2603,object,2448,3264
train_1055.jpg,1977,2347,2061,2591,object,2448,3264
train_1055.jpg,1884,2331,1963,2572,object,2448,3264
train_1055.jpg,1719,2297,1873,2485,object,2448,3264
train_1055.jpg,85,2085,181,2281,object,2448,3264
train_1055.jpg,193,2172,275,2267,object,2448,3264
train_1055.jpg,277,2112,400,2297,object,2448,3264
train_1055.jpg,424,2127,527,2303,object,2448,3264
train_1055.jpg,1376,1881,1443,2131,object,2448,3264
train_1055.jpg,131,2474,193,2741,object,2448,3264
train_1055.jpg,1484,2674,1559,2961,object,2448,3264
train_1055.jpg,170,466,216,788,object,2448,3264
train_1055.jpg,2335,2917,2448,3195,object,2448,3264
train_1055.jpg,2251,2863,2332,3108,object,2448,3264
train_1055.jpg,2150,2875,2244,3151,object,2448,3264
train_1055.jpg,2027,2875,2120,3135,object,2448,3264
train_1055.jpg,77,506,158,780,object,2448,3264
train_1055.jpg,1838,2802,1923,3031,object,2448,3264
train_1055.jpg,1561,2755,1664,2962,object,2448,3264
train_1055.jpg,1923,2840,2014,3094,object,2448,3264
train_1055.jpg,1683,2892,1829,2964,object,2448,3264
train_1055.jpg,1696,2775,1830,2876,object,2448,3264
train_1056.jpg,534,1387,678,1459,object,2340,4160
train_1056.jpg,1107,1036,1332,1174,object,2340,4160
train_1056.jpg,1333,1061,1515,1174,object,2340,4160
train_1056.jpg,1559,970,1660,1174,object,2340,4160
train_1056.jpg,1675,953,1752,1183,object,2340,4160
train_1056.jpg,1758,953,1820,1185,object,2340,4160
train_1056.jpg,1824,945,1898,1179,object,2340,4160
train_1056.jpg,1902,946,1968,1185,object,2340,4160
train_1056.jpg,1971,952,2033,1179,object,2340,4160
train_1056.jpg,2039,949,2108,1179,object,2340,4160
train_1056.jpg,2114,952,2183,1183,object,2340,4160
train_1056.jpg,971,1058,1109,1171,object,2340,4160
train_1056.jpg,110,1327,299,1466,object,2340,4160
train_1056.jpg,99,1490,264,1625,object,2340,4160
train_1056.jpg,270,1499,442,1631,object,2340,4160
train_1056.jpg,463,1495,613,1631,object,2340,4160
train_1056.jpg,369,1373,523,1486,object,2340,4160
train_1056.jpg,528,1255,680,1383,object,2340,4160
train_1056.jpg,225,1245,369,1322,object,2340,4160
train_1056.jpg,2187,945,2270,1185,object,2340,4160
train_1056.jpg,2276,942,2342,1179,object,2340,4160
train_1056.jpg,749,1043,968,1168,object,2340,4160
train_1056.jpg,518,1030,738,1157,object,2340,4160
train_1056.jpg,397,624,488,683,object,2340,4160
train_1056.jpg,501,598,613,683,object,2340,4160
train_1056.jpg,623,551,731,705,object,2340,4160
train_1056.jpg,744,547,851,705,object,2340,4160
train_1056.jpg,854,566,959,700,object,2340,4160
train_1056.jpg,959,565,1051,698,object,2340,4160
train_1056.jpg,1069,519,1142,694,object,2340,4160
train_1056.jpg,1146,580,1207,705,object,2340,4160
train_1056.jpg,1212,525,1282,760,object,2340,4160
train_1056.jpg,1288,517,1350,760,object,2340,4160
train_1056.jpg,1350,512,1499,766,object,2340,4160
train_1056.jpg,1507,508,1647,733,object,2340,4160
train_1056.jpg,1649,569,1723,696,object,2340,4160
train_1056.jpg,1813,548,1886,705,object,2340,4160
train_1056.jpg,1882,558,1959,711,object,2340,4160
train_1056.jpg,1984,570,2055,711,object,2340,4160
train_1056.jpg,2066,528,2190,766,object,2340,4160
train_1056.jpg,2198,525,2287,771,object,2340,4160
train_1056.jpg,2287,555,2340,771,object,2340,4160
train_1056.jpg,105,1030,278,1146,object,2340,4160
train_1056.jpg,292,1055,483,1152,object,2340,4160
train_1056.jpg,948,946,1117,1041,object,2340,4160
train_1056.jpg,612,1467,767,1636,object,2340,4160
train_1056.jpg,926,1276,1061,1467,object,2340,4160
train_1056.jpg,771,1464,913,1642,object,2340,4160
train_1056.jpg,781,1802,905,1886,object,2340,4160
train_1056.jpg,1047,1748,1204,1851,object,2340,4160
train_1056.jpg,1036,1865,1189,2011,object,2340,4160
train_1056.jpg,1196,1871,1338,1948,object,2340,4160
train_1056.jpg,1201,1951,1344,2011,object,2340,4160
train_1056.jpg,1344,1875,1525,1989,object,2340,4160
train_1056.jpg,1537,1882,1681,1984,object,2340,4160
train_1056.jpg,1280,1771,1422,1857,object,2340,4160
train_1056.jpg,1681,1822,1816,1989,object,2340,4160
train_1056.jpg,792,1729,934,1799,object,2340,4160
train_1056.jpg,1818,1829,1937,1984,object,2340,4160
train_1056.jpg,2068,1748,2116,1984,object,2340,4160
train_1056.jpg,2176,1814,2262,1989,object,2340,4160
train_1056.jpg,2281,1810,2340,1989,object,2340,4160
train_1056.jpg,3,2318,138,2413,object,2340,4160
train_1056.jpg,139,2197,253,2435,object,2340,4160
train_1056.jpg,252,2197,364,2430,object,2340,4160
train_1056.jpg,366,2215,485,2441,object,2340,4160
train_1056.jpg,0,2080,110,2212,object,2340,4160
train_1056.jpg,534,2090,653,2353,object,2340,4160
train_1056.jpg,1945,1760,2066,1995,object,2340,4160
train_1056.jpg,911,1809,1033,1934,object,2340,4160
train_1056.jpg,727,1924,891,2006,object,2340,4160
train_1056.jpg,595,1813,725,1982,object,2340,4160
train_1056.jpg,1065,1273,1212,1460,object,2340,4160
train_1056.jpg,920,1477,1070,1647,object,2340,4160
train_1056.jpg,1240,1475,1391,1658,object,2340,4160
train_1056.jpg,1240,1289,1379,1474,object,2340,4160
train_1056.jpg,1394,1295,1540,1466,object,2340,4160
train_1056.jpg,788,1260,920,1355,object,2340,4160
train_1056.jpg,1401,1473,1558,1658,object,2340,4160
train_1056.jpg,1576,1291,1745,1471,object,2340,4160
train_1056.jpg,1747,1285,1902,1477,object,2340,4160
train_1056.jpg,1570,1477,1733,1653,object,2340,4160
train_1056.jpg,1736,1482,1884,1653,object,2340,4160
train_1056.jpg,2094,1551,2299,1653,object,2340,4160
train_1056.jpg,1887,1484,2033,1537,object,2340,4160
train_1056.jpg,1890,1548,2086,1653,object,2340,4160
train_1056.jpg,2243,1446,2321,1544,object,2340,4160
train_1056.jpg,0,1329,74,1540,object,2340,4160
train_1056.jpg,209,1948,368,2006,object,2340,4160
train_1056.jpg,171,1828,314,1939,object,2340,4160
train_1056.jpg,237,1716,380,1820,object,2340,4160
train_1056.jpg,386,1876,543,1995,object,2340,4160
train_1056.jpg,402,1744,576,1862,object,2340,4160
train_1056.jpg,685,1295,781,1457,object,2340,4160
train_1056.jpg,1074,1471,1229,1647,object,2340,4160
train_1056.jpg,1731,572,1802,697,object,2340,4160
train_1056.jpg,1156,2154,1282,2452,object,2340,4160
train_1056.jpg,1300,3024,1496,3185,object,2340,4160
train_1056.jpg,1130,3006,1298,3163,object,2340,4160
train_1056.jpg,975,2999,1120,3196,object,2340,4160
train_1056.jpg,656,3019,829,3141,object,2340,4160
train_1056.jpg,408,2968,647,3185,object,2340,4160
train_1056.jpg,171,2964,394,3174,object,2340,4160
train_1056.jpg,43,3002,132,3179,object,2340,4160
train_1056.jpg,1499,3022,1690,3218,object,2340,4160
train_1056.jpg,1335,2543,1423,2678,object,2340,4160
train_1056.jpg,2105,2661,2295,2776,object,2340,4160
train_1056.jpg,2083,2565,2291,2650,object,2340,4160
train_1056.jpg,2004,2738,2099,2876,object,2340,4160
train_1056.jpg,1851,2689,2000,2887,object,2340,4160
train_1056.jpg,1682,2676,1840,2849,object,2340,4160
train_1056.jpg,1585,2621,1681,2876,object,2340,4160
train_1056.jpg,1471,2630,1570,2854,object,2340,4160
train_1056.jpg,2102,2778,2298,2884,object,2340,4160
train_1056.jpg,1692,3040,1879,3163,object,2340,4160
train_1056.jpg,1701,2968,1893,3029,object,2340,4160
train_1056.jpg,1895,3073,2098,3218,object,2340,4160
train_1056.jpg,1047,2222,1141,2446,object,2340,4160
train_1056.jpg,2047,2372,2165,2468,object,2340,4160
train_1056.jpg,2265,3310,2340,3551,object,2340,4160
train_1056.jpg,2055,3412,2237,3515,object,2340,4160
train_1056.jpg,1551,3289,1774,3543,object,2340,4160
train_1056.jpg,1318,3314,1548,3603,object,2340,4160
train_1056.jpg,1088,3313,1300,3499,object,2340,4160
train_1056.jpg,917,3408,1080,3565,object,2340,4160
train_1056.jpg,668,3499,904,3592,object,2340,4160
train_1056.jpg,500,3327,661,3521,object,2340,4160
train_1056.jpg,310,3409,485,3548,object,2340,4160
train_1056.jpg,129,3455,298,3587,object,2340,4160
train_1056.jpg,0,3422,127,3526,object,2340,4160
train_1056.jpg,3,3277,132,3389,object,2340,4160
train_1056.jpg,2,3000,40,3181,object,2340,4160
train_1056.jpg,2103,3109,2292,3212,object,2340,4160
train_1056.jpg,2108,3000,2292,3084,object,2340,4160
train_1056.jpg,1113,2540,1218,2838,object,2340,4160
train_1056.jpg,970,2586,1070,2853,object,2340,4160
train_1056.jpg,838,2971,971,3157,object,2340,4160
train_1056.jpg,755,2591,854,2843,object,2340,4160
train_1056.jpg,865,2573,966,2849,object,2340,4160
train_1056.jpg,689,2152,815,2441,object,2340,4160
train_1056.jpg,821,2193,924,2441,object,2340,4160
train_1056.jpg,935,2150,1046,2442,object,2340,4160
train_1056.jpg,1289,2165,1402,2449,object,2340,4160
train_1056.jpg,1532,2152,1643,2452,object,2340,4160
train_1056.jpg,1647,2153,1767,2457,object,2340,4160
train_1056.jpg,1774,2165,1902,2455,object,2340,4160
train_1056.jpg,1917,2149,2041,2457,object,2340,4160
train_1056.jpg,1411,2196,1523,2457,object,2340,4160
train_1056.jpg,2163,2146,2193,2417,object,2340,4160
train_1056.jpg,5,2736,160,2821,object,2340,4160
train_1056.jpg,37,2563,220,2634,object,2340,4160
train_1056.jpg,240,2575,362,2850,object,2340,4160
train_1056.jpg,364,2580,450,2849,object,2340,4160
train_1056.jpg,2193,2223,2328,2474,object,2340,4160
train_1056.jpg,457,2580,558,2849,object,2340,4160
train_1056.jpg,557,2586,656,2849,object,2340,4160
train_1056.jpg,661,2584,758,2843,object,2340,4160
train_1057.jpg,1533,2888,1961,2998,object,2336,4160
train_1057.jpg,1043,2665,1482,2751,object,2336,4160
train_1057.jpg,1107,2761,1549,2874,object,2336,4160
train_1057.jpg,1097,2881,1533,2980,object,2336,4160
train_1057.jpg,719,2754,1105,2877,object,2336,4160
train_1057.jpg,394,2767,716,2843,object,2336,4160
train_1057.jpg,283,2842,693,2945,object,2336,4160
train_1057.jpg,1546,2767,1969,2880,object,2336,4160
train_1057.jpg,714,2888,1088,2978,object,2336,4160
train_1057.jpg,1978,2913,2342,3002,object,2336,4160
train_1057.jpg,1132,2385,1558,2486,object,2336,4160
train_1057.jpg,2010,2538,2341,2646,object,2336,4160
train_1057.jpg,2004,2404,2338,2528,object,2336,4160
train_1057.jpg,1565,2513,2002,2637,object,2336,4160
train_1057.jpg,1565,2385,1988,2505,object,2336,4160
train_1057.jpg,1883,2252,2304,2369,object,2336,4160
train_1057.jpg,1126,2493,1554,2606,object,2336,4160
train_1057.jpg,1,2643,299,2735,object,2336,4160
train_1057.jpg,1132,2258,1570,2381,object,2336,4160
train_1057.jpg,744,2493,1112,2594,object,2336,4160
train_1057.jpg,312,2455,727,2568,object,2336,4160
train_1057.jpg,331,2347,720,2447,object,2336,4160
train_1057.jpg,744,2303,1120,2387,object,2336,4160
train_1057.jpg,1972,2773,2340,2904,object,2336,4160
train_1057.jpg,1,2738,248,2831,object,2336,4160
train_1057.jpg,210,3715,654,3812,object,2336,4160
train_1057.jpg,191,3187,630,3304,object,2336,4160
train_1057.jpg,795,2175,1112,2263,object,2336,4160
train_1057.jpg,1070,3250,1501,3335,object,2336,4160
train_1057.jpg,1075,3339,1490,3460,object,2336,4160
train_1057.jpg,1501,3110,1940,3234,object,2336,4160
train_1057.jpg,1515,3239,1934,3365,object,2336,4160
train_1057.jpg,1514,3352,1931,3457,object,2336,4160
train_1057.jpg,1959,3142,2338,3265,object,2336,4160
train_1057.jpg,1948,3276,2322,3366,object,2336,4160
train_1057.jpg,1934,3365,2336,3481,object,2336,4160
train_1057.jpg,1915,3575,2325,3664,object,2336,4160
train_1057.jpg,1910,3683,2315,3748,object,2336,4160
train_1057.jpg,1,2831,242,2926,object,2336,4160
train_1057.jpg,1896,3753,2293,3845,object,2336,4160
train_1057.jpg,1504,3638,1883,3708,object,2336,4160
train_1057.jpg,1514,3715,1878,3804,object,2336,4160
train_1057.jpg,1075,3530,1496,3640,object,2336,4160
train_1057.jpg,1081,3638,1492,3745,object,2336,4160
train_1057.jpg,1075,3753,1496,3863,object,2336,4160
train_1057.jpg,223,3518,665,3624,object,2336,4160
train_1057.jpg,223,3626,652,3715,object,2336,4160
train_1057.jpg,1062,3098,1498,3214,object,2336,4160
train_1057.jpg,617,3333,1037,3425,object,2336,4160
train_1057.jpg,636,3219,1054,3316,object,2336,4160
train_1057.jpg,178,3319,617,3435,object,2336,4160
train_1057.jpg,1527,3543,1883,3627,object,2336,4160
train_1057.jpg,413,2175,776,2258,object,2336,4160
train_1057.jpg,1654,1552,2063,1657,object,2336,4160
train_1057.jpg,4,420,382,528,object,2336,4160
train_1057.jpg,1660,1476,2029,1547,object,2336,4160
train_1057.jpg,1202,1520,1646,1622,object,2336,4160
train_1057.jpg,1183,1406,1641,1515,object,2336,4160
train_1057.jpg,1679,960,2097,1053,object,2336,4160
train_1057.jpg,1259,1291,1678,1401,object,2336,4160
train_1057.jpg,731,1508,1183,1616,object,2336,4160
train_1057.jpg,751,1374,1182,1500,object,2336,4160
train_1057.jpg,261,1476,717,1577,object,2336,4160
train_1057.jpg,280,1342,738,1471,object,2336,4160
train_1057.jpg,5,1446,248,1552,object,2336,4160
train_1057.jpg,2,1355,254,1444,object,2336,4160
train_1057.jpg,5,3586,197,3702,object,2336,4160
train_1057.jpg,6,1226,267,1349,object,2336,4160
train_1057.jpg,2,836,270,941,object,2336,4160
train_1057.jpg,3,724,274,835,object,2336,4160
train_1057.jpg,267,954,733,1065,object,2336,4160
train_1057.jpg,280,821,724,938,object,2336,4160
train_1057.jpg,751,973,1207,1096,object,2336,4160
train_1057.jpg,757,891,1196,973,object,2336,4160
train_1057.jpg,751,751,1205,884,object,2336,4160
train_1057.jpg,1221,1011,1654,1112,object,2336,4160
train_1057.jpg,1221,897,1670,1005,object,2336,4160
train_1057.jpg,1209,757,1670,895,object,2336,4160
train_1057.jpg,1660,1056,2096,1147,object,2336,4160
train_1057.jpg,0,948,269,1053,object,2336,4160
train_1057.jpg,2,305,382,420,object,2336,4160
train_1057.jpg,2023,1355,2338,1433,object,2336,4160
train_1057.jpg,2080,1558,2336,1668,object,2336,4160
train_1057.jpg,394,324,854,425,object,2336,4160
train_1057.jpg,382,433,849,550,object,2336,4160
train_1057.jpg,865,363,1280,466,object,2336,4160
train_1057.jpg,859,471,1280,571,object,2336,4160
train_1057.jpg,1285,388,1724,472,object,2336,4160
train_1057.jpg,1285,477,1737,595,object,2336,4160
train_1057.jpg,1743,388,2190,510,object,2336,4160
train_1057.jpg,1743,515,2190,633,object,2336,4160
train_1057.jpg,2253,789,2333,1153,object,2336,4160
train_1057.jpg,2156,776,2247,1156,object,2336,4160
train_1057.jpg,1679,846,2086,959,object,2336,4160
train_1057.jpg,2067,1438,2336,1554,object,2336,4160
train_1057.jpg,6,2449,293,2557,object,2336,4160
train_1057.jpg,134,2271,277,2344,object,2336,4160
train_1057.jpg,2,1921,242,2067,object,2336,4160
train_1057.jpg,108,1794,418,1908,object,2336,4160
train_1057.jpg,274,1972,674,2074,object,2336,4160
train_1057.jpg,674,1972,1102,2085,object,2336,4160
train_1057.jpg,1609,2048,2028,2148,object,2336,4160
train_1057.jpg,1603,1946,2028,2037,object,2336,4160
train_1057.jpg,2048,2055,2338,2145,object,2336,4160
train_1057.jpg,2042,1953,2338,2048,object,2336,4160
train_1057.jpg,2029,1826,2336,1940,object,2336,4160
train_1057.jpg,1851,1737,2303,1819,object,2336,4160
train_1057.jpg,6,2354,299,2449,object,2336,4160
train_1057.jpg,0,3702,218,3812,object,2336,4160
train_1057.jpg,731,2398,1116,2489,object,2336,4160
train_1058.jpg,1254,2992,1311,3218,object,2340,4160
train_1058.jpg,50,1091,186,1353,object,2340,4160
train_1058.jpg,1615,2386,1704,2538,object,2340,4160
train_1058.jpg,1721,2395,1827,2551,object,2340,4160
train_1058.jpg,1958,2384,2074,2538,object,2340,4160
train_1058.jpg,2083,2395,2192,2545,object,2340,4160
train_1058.jpg,2208,2398,2303,2545,object,2340,4160
train_1058.jpg,767,2711,864,2881,object,2340,4160
train_1058.jpg,879,2697,973,2850,object,2340,4160
train_1058.jpg,979,2697,1107,2869,object,2340,4160
train_1058.jpg,1129,2677,1229,2869,object,2340,4160
train_1058.jpg,1254,2671,1380,2863,object,2340,4160
train_1058.jpg,1391,2691,1512,2869,object,2340,4160
train_1058.jpg,1528,2674,1643,2875,object,2340,4160
train_1058.jpg,1647,2687,1759,2856,object,2340,4160
train_1058.jpg,1784,2701,1902,2856,object,2340,4160
train_1058.jpg,1915,2641,2041,2850,object,2340,4160
train_1058.jpg,2096,2668,2258,2838,object,2340,4160
train_1058.jpg,268,914,619,1372,object,2340,4160
train_1058.jpg,2258,3028,2340,3200,object,2340,4160
train_1058.jpg,773,965,967,1222,object,2340,4160
train_1058.jpg,1229,940,1413,1216,object,2340,4160
train_1058.jpg,1060,1385,1107,1628,object,2340,4160
train_1058.jpg,985,1394,1051,1628,object,2340,4160
train_1058.jpg,923,1383,976,1628,object,2340,4160
train_1058.jpg,854,1378,911,1628,object,2340,4160
train_1058.jpg,1615,1402,1689,1628,object,2340,4160
train_1058.jpg,1703,1321,1778,1622,object,2340,4160
train_1058.jpg,1790,1405,1862,1622,object,2340,4160
train_1058.jpg,1877,1366,1933,1615,object,2340,4160
train_1058.jpg,1952,1347,2018,1615,object,2340,4160
train_1058.jpg,2039,1347,2089,1609,object,2340,4160
train_1058.jpg,2102,1363,2181,1609,object,2340,4160
train_1058.jpg,2289,1363,2344,1609,object,2340,4160
train_1058.jpg,2195,1357,2267,1603,object,2340,4160
train_1058.jpg,2071,1143,2267,1197,object,2340,4160
train_1058.jpg,1890,954,2044,1191,object,2340,4160
train_1058.jpg,1665,934,1857,1191,object,2340,4160
train_1058.jpg,1434,943,1651,1210,object,2340,4160
train_1058.jpg,998,906,1207,1222,object,2340,4160
train_1058.jpg,1516,2390,1578,2513,object,2340,4160
train_1058.jpg,2133,3030,2244,3206,object,2340,4160
train_1058.jpg,1902,2948,2000,3200,object,2340,4160
train_1058.jpg,1696,3030,1739,3206,object,2340,4160
train_1058.jpg,6,3430,122,3767,object,2340,4160
train_1058.jpg,150,3430,265,3761,object,2340,4160
train_1058.jpg,281,3415,393,3767,object,2340,4160
train_1058.jpg,412,3418,525,3767,object,2340,4160
train_1058.jpg,536,3415,652,3755,object,2340,4160
train_1058.jpg,699,3408,1042,3748,object,2340,4160
train_1058.jpg,1067,3415,1352,3723,object,2340,4160
train_1058.jpg,1385,3413,1662,3711,object,2340,4160
train_1058.jpg,1696,3564,1749,3705,object,2340,4160
train_1058.jpg,1765,3566,1807,3711,object,2340,4160
train_1058.jpg,1840,3505,1904,3711,object,2340,4160
train_1058.jpg,1927,3500,1993,3698,object,2340,4160
train_1058.jpg,2008,3505,2069,3705,object,2340,4160
train_1058.jpg,2077,3533,2136,3705,object,2340,4160
train_1058.jpg,2145,3529,2191,3692,object,2340,4160
train_1058.jpg,2202,3566,2336,3698,object,2340,4160
train_1058.jpg,1597,2961,1670,3206,object,2340,4160
train_1058.jpg,2021,2945,2113,3212,object,2340,4160
train_1058.jpg,1534,2959,1586,3212,object,2340,4160
train_1058.jpg,1397,3012,1447,3218,object,2340,4160
train_1058.jpg,1765,2934,1871,3200,object,2340,4160
train_1058.jpg,1,3011,69,3281,object,2340,4160
train_1058.jpg,94,3022,234,3268,object,2340,4160
train_1058.jpg,256,3059,373,3262,object,2340,4160
train_1058.jpg,393,3050,507,3256,object,2340,4160
train_1058.jpg,530,3064,624,3243,object,2340,4160
train_1058.jpg,642,3050,728,3237,object,2340,4160
train_1058.jpg,761,3129,837,3237,object,2340,4160
train_1058.jpg,767,2980,853,3112,object,2340,4160
train_1058.jpg,861,2973,945,3100,object,2340,4160
train_1058.jpg,867,3122,948,3237,object,2340,4160
train_1058.jpg,960,3014,1018,3237,object,2340,4160
train_1058.jpg,1035,3161,1144,3243,object,2340,4160
train_1058.jpg,1042,3009,1081,3150,object,2340,4160
train_1058.jpg,1098,2983,1149,3143,object,2340,4160
train_1058.jpg,1160,2980,1233,3237,object,2340,4160
train_1058.jpg,1335,3011,1374,3218,object,2340,4160
train_1058.jpg,1459,2961,1512,3212,object,2340,4160
train_1058.jpg,1428,2382,1505,2545,object,2340,4160
train_1058.jpg,1840,2397,1947,2551,object,2340,4160
train_1058.jpg,1222,2406,1310,2563,object,2340,4160
train_1058.jpg,879,1792,995,1952,object,2340,4160
train_1058.jpg,1023,1779,1134,1946,object,2340,4160
train_1058.jpg,1148,1779,1266,1952,object,2340,4160
train_1058.jpg,1285,1793,1420,1946,object,2340,4160
train_1058.jpg,1441,1792,1584,1946,object,2340,4160
train_1058.jpg,1590,1718,1704,1940,object,2340,4160
train_1058.jpg,748,1782,865,1952,object,2340,4160
train_1058.jpg,1721,1684,1832,1946,object,2340,4160
train_1058.jpg,2027,1695,2175,1915,object,2340,4160
train_1058.jpg,2183,1682,2319,1927,object,2340,4160
train_1058.jpg,2202,2164,2270,2252,object,2340,4160
train_1058.jpg,2121,2177,2169,2239,object,2340,4160
train_1058.jpg,2039,2169,2103,2252,object,2340,4160
train_1058.jpg,1958,2174,2024,2252,object,2340,4160
train_1058.jpg,1859,1670,2010,1927,object,2340,4160
train_1058.jpg,1871,2170,1932,2252,object,2340,4160
train_1058.jpg,574,1918,720,2033,object,2340,4160
train_1058.jpg,418,1798,568,1896,object,2340,4160
train_1058.jpg,1123,1355,1185,1615,object,2340,4160
train_1058.jpg,1191,1380,1272,1628,object,2340,4160
train_1058.jpg,1285,1338,1342,1615,object,2340,4160
train_1058.jpg,1335,2404,1419,2570,object,2340,4160
train_1058.jpg,0,1567,81,1709,object,2340,4160
train_1058.jpg,106,1575,265,1703,object,2340,4160
train_1058.jpg,574,1787,730,1896,object,2340,4160
train_1058.jpg,306,1523,387,1703,object,2340,4160
train_1058.jpg,493,1512,578,1696,object,2340,4160
train_1058.jpg,87,1781,226,1896,object,2340,4160
train_1058.jpg,287,1790,401,1884,object,2340,4160
train_1058.jpg,31,1915,195,2033,object,2340,4160
train_1058.jpg,212,1908,359,2027,object,2340,4160
train_1058.jpg,399,1915,555,2021,object,2340,4160
train_1058.jpg,399,1519,477,1696,object,2340,4160
train_1058.jpg,1403,2039,1498,2127,object,2340,4160
train_1058.jpg,1353,1353,1428,1615,object,2340,4160
train_1058.jpg,1397,2163,1491,2227,object,2340,4160
train_1058.jpg,879,2407,962,2563,object,2340,4160
train_1058.jpg,761,2431,861,2570,object,2340,4160
train_1058.jpg,748,2344,859,2414,object,2340,4160
train_1058.jpg,642,2724,730,2950,object,2340,4160
train_1058.jpg,549,2724,625,2938,object,2340,4160
train_1058.jpg,430,2724,525,2956,object,2340,4160
train_1058.jpg,318,2741,413,2956,object,2340,4160
train_1058.jpg,181,2721,282,2956,object,2340,4160
train_1058.jpg,37,2710,151,2963,object,2340,4160
train_1058.jpg,1509,2069,1587,2121,object,2340,4160
train_1058.jpg,368,2425,571,2644,object,2340,4160
train_1058.jpg,268,2492,357,2657,object,2340,4160
train_1058.jpg,985,2406,1082,2570,object,2340,4160
train_1058.jpg,549,2125,695,2333,object,2340,4160
train_1058.jpg,150,2512,234,2651,object,2340,4160
train_1058.jpg,412,2144,454,2308,object,2340,4160
train_1058.jpg,1503,2145,1587,2214,object,2340,4160
train_1058.jpg,1590,2156,1673,2214,object,2340,4160
train_1058.jpg,1696,2149,1782,2227,object,2340,4160
train_1058.jpg,1778,2156,1866,2214,object,2340,4160
train_1058.jpg,1073,2069,1191,2252,object,2340,4160
train_1058.jpg,462,2147,532,2308,object,2340,4160
train_1058.jpg,773,2074,903,2245,object,2340,4160
train_1058.jpg,923,2077,1045,2252,object,2340,4160
train_1058.jpg,12,2174,98,2358,object,2340,4160
train_1058.jpg,125,2174,217,2308,object,2340,4160
train_1058.jpg,268,2156,321,2326,object,2340,4160
train_1058.jpg,331,2150,382,2314,object,2340,4160
train_1058.jpg,1104,2401,1202,2557,object,2340,4160
train_1059.jpg,979,3745,1197,3921,object,2340,4160
train_1059.jpg,1216,3782,1437,3941,object,2340,4160
train_1059.jpg,758,3732,968,3906,object,2340,4160
train_1059.jpg,569,3654,723,3686,object,2340,4160
train_1059.jpg,1447,3706,1530,3931,object,2340,4160
train_1059.jpg,551,3598,728,3636,object,2340,4160
train_1059.jpg,1940,3676,2186,3872,object,2340,4160
train_1059.jpg,1727,3747,1895,3921,object,2340,4160
train_1059.jpg,564,3701,749,3729,object,2340,4160
train_1059.jpg,2195,1322,2343,1743,object,2340,4160
train_1059.jpg,2000,1480,2195,1721,object,2340,4160
train_1059.jpg,1836,1322,1981,1708,object,2340,4160
train_1059.jpg,1708,1380,1816,1716,object,2340,4160
train_1059.jpg,1546,3721,1716,3911,object,2340,4160
train_1059.jpg,586,3740,728,3776,object,2340,4160
train_1059.jpg,1324,3075,1591,3232,object,2340,4160
train_1059.jpg,359,3741,540,3805,object,2340,4160
train_1059.jpg,823,3187,1065,3359,object,2340,4160
train_1059.jpg,579,3177,807,3343,object,2340,4160
train_1059.jpg,309,3167,551,3363,object,2340,4160
train_1059.jpg,364,2953,617,3083,object,2340,4160
train_1059.jpg,167,3139,294,3337,object,2340,4160
train_1059.jpg,1342,3242,1589,3373,object,2340,4160
train_1059.jpg,1526,1466,1686,1725,object,2340,4160
train_1059.jpg,1592,3179,1721,3372,object,2340,4160
train_1059.jpg,1736,3189,1836,3382,object,2340,4160
train_1059.jpg,1872,3160,1960,3372,object,2340,4160
train_1059.jpg,1986,3145,2070,3357,object,2340,4160
train_1059.jpg,2090,3063,2220,3392,object,2340,4160
train_1059.jpg,2225,3327,2319,3377,object,2340,4160
train_1059.jpg,2226,3270,2329,3322,object,2340,4160
train_1059.jpg,2230,3192,2333,3255,object,2340,4160
train_1059.jpg,574,3781,739,3811,object,2340,4160
train_1059.jpg,1311,1454,1511,1691,object,2340,4160
train_1059.jpg,2099,197,2309,229,object,2340,4160
train_1059.jpg,887,1319,1102,1466,object,2340,4160
train_1059.jpg,1077,2,1227,279,object,2340,4160
train_1059.jpg,918,5,1065,276,object,2340,4160
train_1059.jpg,779,9,908,274,object,2340,4160
train_1059.jpg,616,2,763,269,object,2340,4160
train_1059.jpg,544,20,602,261,object,2340,4160
train_1059.jpg,306,17,514,85,object,2340,4160
train_1059.jpg,1864,703,1965,1042,object,2340,4160
train_1059.jpg,323,92,529,145,object,2340,4160
train_1059.jpg,1691,626,1854,1038,object,2340,4160
train_1059.jpg,150,214,314,267,object,2340,4160
train_1059.jpg,330,214,519,259,object,2340,4160
train_1059.jpg,327,147,524,205,object,2340,4160
train_1059.jpg,1084,3184,1327,3362,object,2340,4160
train_1059.jpg,1,203,120,259,object,2340,4160
train_1059.jpg,137,157,324,209,object,2340,4160
train_1059.jpg,1994,717,2065,1042,object,2340,4160
train_1059.jpg,2087,604,2190,1042,object,2340,4160
train_1059.jpg,2205,594,2302,1042,object,2340,4160
train_1059.jpg,838,1511,1056,1706,object,2340,4160
train_1059.jpg,678,1302,834,1693,object,2340,4160
train_1059.jpg,737,1157,883,1287,object,2340,4160
train_1059.jpg,474,1180,668,1442,object,2340,4160
train_1059.jpg,480,1458,673,1696,object,2340,4160
train_1059.jpg,332,1181,464,1417,object,2340,4160
train_1059.jpg,294,1437,458,1670,object,2340,4160
train_1059.jpg,106,1430,269,1671,object,2340,4160
train_1059.jpg,77,1150,324,1417,object,2340,4160
train_1059.jpg,1611,1,1751,284,object,2340,4160
train_1059.jpg,2114,61,2309,110,object,2340,4160
train_1059.jpg,2111,116,2299,180,object,2340,4160
train_1059.jpg,2100,249,2309,296,object,2340,4160
train_1059.jpg,1443,5,1591,279,object,2340,4160
train_1059.jpg,1262,5,1433,297,object,2340,4160
train_1059.jpg,1072,1481,1313,1690,object,2340,4160
train_1059.jpg,123,2524,254,2828,object,2340,4160
train_1059.jpg,993,780,1182,836,object,2340,4160
train_1059.jpg,329,2559,446,2826,object,2340,4160
train_1059.jpg,991,852,1179,909,object,2340,4160
train_1059.jpg,1187,782,1377,832,object,2340,4160
train_1059.jpg,1185,838,1367,878,object,2340,4160
train_1059.jpg,1182,892,1364,932,object,2340,4160
train_1059.jpg,1181,942,1363,982,object,2340,4160
train_1059.jpg,1181,991,1363,1030,object,2340,4160
train_1059.jpg,1761,1,1900,279,object,2340,4160
train_1059.jpg,1371,988,1553,1028,object,2340,4160
train_1059.jpg,1376,881,1546,925,object,2340,4160
train_1059.jpg,1378,823,1547,866,object,2340,4160
train_1059.jpg,1566,778,1676,824,object,2340,4160
train_1059.jpg,1560,844,1691,883,object,2340,4160
train_1059.jpg,1554,892,1681,938,object,2340,4160
train_1059.jpg,1553,940,1681,978,object,2340,4160
train_1059.jpg,1377,935,1547,978,object,2340,4160
train_1059.jpg,1561,988,1664,1030,object,2340,4160
train_1059.jpg,2115,5,2316,54,object,2340,4160
train_1059.jpg,140,678,212,1013,object,2340,4160
train_1059.jpg,993,711,1181,767,object,2340,4160
train_1059.jpg,1000,646,1189,702,object,2340,4160
train_1059.jpg,995,575,1189,632,object,2340,4160
train_1059.jpg,1010,509,1202,563,object,2340,4160
train_1059.jpg,988,979,1167,1025,object,2340,4160
train_1059.jpg,843,668,983,1020,object,2340,4160
train_1059.jpg,30,663,127,1010,object,2340,4160
train_1059.jpg,675,720,838,1028,object,2340,4160
train_1059.jpg,367,665,409,1003,object,2340,4160
train_1059.jpg,414,678,540,1006,object,2340,4160
train_1059.jpg,987,915,1176,971,object,2340,4160
train_1059.jpg,1191,662,1379,718,object,2340,4160
train_1059.jpg,1184,723,1378,770,object,2340,4160
train_1059.jpg,219,663,358,1016,object,2340,4160
train_1059.jpg,559,803,668,1011,object,2340,4160
train_1059.jpg,2265,1890,2341,2280,object,2340,4160
train_1059.jpg,2097,1899,2245,2304,object,2340,4160
train_1059.jpg,1950,1965,2054,2294,object,2340,4160
train_1059.jpg,1659,2635,1761,2854,object,2340,4160
train_1059.jpg,1551,2644,1654,2847,object,2340,4160
train_1059.jpg,1452,2718,1524,2862,object,2340,4160
train_1059.jpg,1302,2733,1432,2852,object,2340,4160
train_1059.jpg,1317,2609,1437,2706,object,2340,4160
train_1059.jpg,1230,2531,1287,2858,object,2340,4160
train_1059.jpg,1761,2708,1943,2864,object,2340,4160
train_1059.jpg,1157,2614,1220,2851,object,2340,4160
train_1059.jpg,941,2611,1033,2838,object,2340,4160
train_1059.jpg,843,2659,936,2851,object,2340,4160
train_1059.jpg,722,2652,823,2848,object,2340,4160
train_1059.jpg,643,2634,722,2858,object,2340,4160
train_1059.jpg,564,2609,633,2823,object,2340,4160
train_1059.jpg,459,2574,546,2837,object,2340,4160
train_1059.jpg,1052,2574,1135,2833,object,2340,4160
train_1059.jpg,1624,2400,1741,2544,object,2340,4160
train_1059.jpg,1960,2728,2215,2846,object,2340,4160
train_1059.jpg,2220,2713,2342,2851,object,2340,4160
train_1059.jpg,1812,1915,1925,2304,object,2340,4160
train_1059.jpg,1681,2015,1792,2288,object,2340,4160
train_1059.jpg,1531,1940,1656,2304,object,2340,4160
train_1059.jpg,1362,2250,1491,2280,object,2340,4160
train_1059.jpg,1364,2200,1511,2245,object,2340,4160
train_1059.jpg,1242,1985,1351,2307,object,2340,4160
train_1059.jpg,1247,1844,1387,1975,object,2340,4160
train_1059.jpg,1092,1983,1222,2294,object,2340,4160
train_1059.jpg,963,2000,1077,2286,object,2340,4160
train_1059.jpg,809,1943,958,2275,object,2340,4160
train_1059.jpg,668,1960,808,2281,object,2340,4160
train_1059.jpg,465,1890,524,2245,object,2340,4160
train_1059.jpg,529,1960,663,2280,object,2340,4160
train_1059.jpg,254,1995,459,2288,object,2340,4160
train_1059.jpg,85,1924,234,2280,object,2340,4160
train_1059.jpg,269,2539,319,2821,object,2340,4160
train_1059.jpg,1937,2,2085,289,object,2340,4160
train_106.jpg,1641,159,1752,411,object,3264,2448
train_106.jpg,3000,2040,3059,2179,object,3264,2448
train_106.jpg,2002,848,2088,1107,object,3264,2448
train_106.jpg,2125,1523,2199,1750,object,3264,2448
train_106.jpg,2204,1529,2268,1754,object,3264,2448
train_106.jpg,2275,1520,2368,1732,object,3264,2448
train_106.jpg,2774,437,2855,635,object,3264,2448
train_106.jpg,2093,859,2149,1098,object,3264,2448
train_106.jpg,2166,842,2248,1108,object,3264,2448
train_106.jpg,2248,828,2320,1104,object,3264,2448
train_106.jpg,1946,1526,2040,1776,object,3264,2448
train_106.jpg,1867,1549,1936,1799,object,3264,2448
train_106.jpg,1770,1544,1862,1808,object,3264,2448
train_106.jpg,1653,1550,1764,1818,object,3264,2448
train_106.jpg,2331,825,2406,1093,object,3264,2448
train_106.jpg,1920,850,1991,1124,object,3264,2448
train_106.jpg,481,1444,706,1593,object,3264,2448
train_106.jpg,1374,1908,1540,2040,object,3264,2448
train_106.jpg,1397,1732,1539,1884,object,3264,2448
train_106.jpg,1192,1940,1351,2074,object,3264,2448
train_106.jpg,983,1975,1159,2109,object,3264,2448
train_106.jpg,810,2005,976,2141,object,3264,2448
train_106.jpg,605,2040,800,2182,object,3264,2448
train_106.jpg,578,1876,796,2021,object,3264,2448
train_106.jpg,2319,1230,2395,1435,object,3264,2448
train_106.jpg,2231,1230,2313,1454,object,3264,2448
train_106.jpg,2134,1238,2227,1447,object,3264,2448
train_106.jpg,2031,1198,2128,1467,object,3264,2448
train_106.jpg,1946,1212,2029,1476,object,3264,2448
train_106.jpg,1846,1221,1938,1482,object,3264,2448
train_106.jpg,505,1595,711,1753,object,3264,2448
train_106.jpg,1779,1224,1846,1503,object,3264,2448
train_106.jpg,1820,842,1913,1126,object,3264,2448
train_106.jpg,1655,848,1738,1143,object,3264,2448
train_106.jpg,1095,153,1274,625,object,3264,2448
train_106.jpg,892,191,1071,634,object,3264,2448
train_106.jpg,734,176,881,655,object,3264,2448
train_106.jpg,549,182,725,649,object,3264,2448
train_106.jpg,370,147,549,666,object,3264,2448
train_106.jpg,6,294,156,616,object,3264,2448
train_106.jpg,2043,1534,2117,1767,object,3264,2448
train_106.jpg,1861,159,1949,396,object,3264,2448
train_106.jpg,1958,164,2069,402,object,3264,2448
train_106.jpg,2069,156,2152,393,object,3264,2448
train_106.jpg,2154,173,2266,399,object,3264,2448
train_106.jpg,2298,185,2433,402,object,3264,2448
train_106.jpg,59,731,212,1016,object,3264,2448
train_106.jpg,1741,842,1819,1145,object,3264,2448
train_106.jpg,106,1148,264,1410,object,3264,2448
train_106.jpg,191,1505,309,1793,object,3264,2448
train_106.jpg,26,2014,199,2265,object,3264,2448
train_106.jpg,446,831,622,1289,object,3264,2448
train_106.jpg,642,834,779,1283,object,3264,2448
train_106.jpg,801,816,976,1284,object,3264,2448
train_106.jpg,1001,778,1147,1236,object,3264,2448
train_106.jpg,1162,763,1310,1229,object,3264,2448
train_106.jpg,1327,769,1448,1209,object,3264,2448
train_106.jpg,1658,484,1751,793,object,3264,2448
train_106.jpg,1755,490,1842,793,object,3264,2448
train_106.jpg,1855,481,1937,782,object,3264,2448
train_106.jpg,2231,467,2314,778,object,3264,2448
train_106.jpg,2313,486,2408,769,object,3264,2448
train_106.jpg,53,1538,175,1799,object,3264,2448
train_106.jpg,3067,2022,3123,2172,object,3264,2448
train_106.jpg,1676,1227,1774,1502,object,3264,2448
train_106.jpg,1104,1509,1264,1669,object,3264,2448
train_106.jpg,1711,1893,1791,2117,object,3264,2448
train_106.jpg,1805,1876,1885,2099,object,3264,2448
train_106.jpg,1887,1871,1971,2096,object,3264,2448
train_106.jpg,1975,1858,2055,2064,object,3264,2448
train_106.jpg,2061,1854,2139,2058,object,3264,2448
train_106.jpg,2149,1832,2222,2024,object,3264,2448
train_106.jpg,2231,1793,2303,2022,object,3264,2448
train_106.jpg,2313,1785,2389,2011,object,3264,2448
train_106.jpg,2659,1835,2727,2041,object,3264,2448
train_106.jpg,2733,1818,2800,2028,object,3264,2448
train_106.jpg,2809,1811,2868,2008,object,3264,2448
train_106.jpg,2871,1813,2940,1996,object,3264,2448
train_106.jpg,2944,1805,3009,1972,object,3264,2448
train_106.jpg,1397,2304,1548,2407,object,3264,2448
train_106.jpg,3011,1785,3070,1968,object,3264,2448
train_106.jpg,1723,2187,1810,2418,object,3264,2448
train_106.jpg,1823,2163,1899,2419,object,3264,2448
train_106.jpg,1899,2154,2003,2381,object,3264,2448
train_106.jpg,2008,2118,2098,2378,object,3264,2448
train_106.jpg,2105,2108,2186,2344,object,3264,2448
train_106.jpg,2199,2083,2289,2339,object,3264,2448
train_106.jpg,2289,2075,2373,2298,object,3264,2448
train_106.jpg,2624,2090,2688,2259,object,3264,2448
train_106.jpg,2689,2064,2754,2251,object,3264,2448
train_106.jpg,2756,2061,2808,2226,object,3264,2448
train_106.jpg,2812,2070,2866,2222,object,3264,2448
train_106.jpg,2874,2058,2946,2221,object,3264,2448
train_106.jpg,2953,2050,2996,2196,object,3264,2448
train_106.jpg,3079,1770,3141,1952,object,3264,2448
train_106.jpg,1277,1509,1440,1655,object,3264,2448
train_106.jpg,1385,2166,1549,2294,object,3264,2448
train_106.jpg,3029,1520,3103,1711,object,3264,2448
train_106.jpg,1095,1341,1279,1489,object,3264,2448
train_106.jpg,922,1544,1102,1695,object,3264,2448
train_106.jpg,872,1362,1096,1528,object,3264,2448
train_106.jpg,716,1564,898,1713,object,3264,2448
train_106.jpg,1761,173,1855,411,object,3264,2448
train_106.jpg,2677,696,2747,917,object,3264,2448
train_106.jpg,2750,685,2818,916,object,3264,2448
train_106.jpg,2824,681,2892,903,object,3264,2448
train_106.jpg,2897,698,2951,901,object,3264,2448
train_106.jpg,3164,684,3237,888,object,3264,2448
train_106.jpg,2671,1008,2741,1227,object,3264,2448
train_106.jpg,2744,1010,2811,1217,object,3264,2448
train_106.jpg,2818,996,2881,1209,object,3264,2448
train_106.jpg,3108,1503,3161,1708,object,3264,2448
train_106.jpg,2882,995,2953,1206,object,3264,2448
train_106.jpg,3026,980,3090,1199,object,3264,2448
train_106.jpg,3100,998,3153,1180,object,3264,2448
train_106.jpg,3155,988,3215,1174,object,3264,2448
train_106.jpg,2677,1283,2734,1489,object,3264,2448
train_106.jpg,2742,1277,2818,1473,object,3264,2448
train_106.jpg,2824,1262,2888,1465,object,3264,2448
train_106.jpg,2894,1276,2968,1465,object,3264,2448
train_106.jpg,3123,1250,3194,1422,object,3264,2448
train_106.jpg,2659,1564,2734,1779,object,3264,2448
train_106.jpg,2736,1558,2804,1767,object,3264,2448
train_106.jpg,2806,1547,2885,1753,object,3264,2448
train_106.jpg,2891,1541,2953,1738,object,3264,2448
train_106.jpg,2962,1526,3026,1720,object,3264,2448
train_106.jpg,2953,991,3016,1201,object,3264,2448
train_106.jpg,2862,440,2917,638,object,3264,2448
train_1060.jpg,519,2382,623,2586,object,2448,3264
train_1060.jpg,8,8,139,489,object,2448,3264
train_1060.jpg,388,1822,458,1982,object,2448,3264
train_1060.jpg,458,1810,513,1981,object,2448,3264
train_1060.jpg,515,1810,574,1967,object,2448,3264
train_1060.jpg,572,1813,639,1965,object,2448,3264
train_1060.jpg,637,1814,708,1962,object,2448,3264
train_1060.jpg,711,1811,761,1961,object,2448,3264
train_1060.jpg,760,1814,817,1966,object,2448,3264
train_1060.jpg,817,1811,881,1965,object,2448,3264
train_1060.jpg,882,1810,936,1949,object,2448,3264
train_1060.jpg,935,1815,996,1949,object,2448,3264
train_1060.jpg,997,1814,1047,1936,object,2448,3264
train_1060.jpg,1046,1819,1106,1936,object,2448,3264
train_1060.jpg,1107,1822,1168,1941,object,2448,3264
train_1060.jpg,1168,1813,1214,1940,object,2448,3264
train_1060.jpg,1213,1810,1275,1953,object,2448,3264
train_1060.jpg,1275,1799,1327,1953,object,2448,3264
train_1060.jpg,1328,1797,1378,1945,object,2448,3264
train_1060.jpg,1377,1804,1434,1945,object,2448,3264
train_1060.jpg,1528,1748,1650,1918,object,2448,3264
train_1060.jpg,1675,1746,1757,1916,object,2448,3264
train_1060.jpg,1765,1806,1853,1913,object,2448,3264
train_1060.jpg,1855,1726,1913,1912,object,2448,3264
train_1060.jpg,1977,1769,2152,2016,object,2448,3264
train_1060.jpg,2161,1758,2391,2018,object,2448,3264
train_1060.jpg,86,2165,360,2413,object,2448,3264
train_1060.jpg,1904,1587,1940,1667,object,2448,3264
train_1060.jpg,1851,1577,1903,1667,object,2448,3264
train_1060.jpg,1810,1553,1839,1671,object,2448,3264
train_1060.jpg,1757,1552,1811,1672,object,2448,3264
train_1060.jpg,1491,1144,1571,1356,object,2448,3264
train_1060.jpg,1569,1154,1660,1356,object,2448,3264
train_1060.jpg,1675,1070,1786,1364,object,2448,3264
train_1060.jpg,1785,1087,1909,1366,object,2448,3264
train_1060.jpg,1912,1156,2002,1349,object,2448,3264
train_1060.jpg,2002,1217,2100,1500,object,2448,3264
train_1060.jpg,2100,1235,2167,1503,object,2448,3264
train_1060.jpg,2169,1234,2239,1490,object,2448,3264
train_1060.jpg,2247,1248,2315,1487,object,2448,3264
train_1060.jpg,2324,1234,2391,1477,object,2448,3264
train_1060.jpg,2390,1252,2449,1479,object,2448,3264
train_1060.jpg,123,1332,397,1654,object,2448,3264
train_1060.jpg,53,1818,359,2038,object,2448,3264
train_1060.jpg,4,1389,109,1525,object,2448,3264
train_1060.jpg,400,1450,518,1661,object,2448,3264
train_1060.jpg,527,1412,650,1659,object,2448,3264
train_1060.jpg,654,1413,768,1670,object,2448,3264
train_1060.jpg,768,1440,941,1671,object,2448,3264
train_1060.jpg,968,1381,1159,1670,object,2448,3264
train_1060.jpg,1168,1601,1253,1683,object,2448,3264
train_1060.jpg,1275,1451,1373,1683,object,2448,3264
train_1060.jpg,1377,1450,1471,1686,object,2448,3264
train_1060.jpg,1479,1469,1642,1683,object,2448,3264
train_1060.jpg,2267,1585,2322,1642,object,2448,3264
train_1060.jpg,1650,1548,1704,1671,object,2448,3264
train_1060.jpg,1712,1554,1756,1675,object,2448,3264
train_1060.jpg,3,1528,110,1680,object,2448,3264
train_1060.jpg,392,1994,484,2248,object,2448,3264
train_1060.jpg,482,2018,600,2247,object,2448,3264
train_1060.jpg,609,2010,718,2232,object,2448,3264
train_1060.jpg,2329,1654,2383,1707,object,2448,3264
train_1060.jpg,2239,1687,2310,1720,object,2448,3264
train_1060.jpg,2207,1593,2247,1632,object,2448,3264
train_1060.jpg,707,2723,806,3011,object,2448,3264
train_1060.jpg,809,2721,891,2982,object,2448,3264
train_1060.jpg,891,2632,980,2978,object,2448,3264
train_1060.jpg,980,2635,1043,2950,object,2448,3264
train_1060.jpg,1046,2626,1123,2949,object,2448,3264
train_1060.jpg,1123,2627,1199,2944,object,2448,3264
train_1060.jpg,1197,2588,1257,2941,object,2448,3264
train_1060.jpg,1258,2590,1328,2915,object,2448,3264
train_1060.jpg,1328,2555,1411,2913,object,2448,3264
train_1060.jpg,2386,1667,2442,1716,object,2448,3264
train_1060.jpg,1413,2553,1477,2877,object,2448,3264
train_1060.jpg,1548,2565,1619,2878,object,2448,3264
train_1060.jpg,1667,2537,1752,2842,object,2448,3264
train_1060.jpg,1753,2523,1813,2843,object,2448,3264
train_1060.jpg,1814,2521,1863,2831,object,2448,3264
train_1060.jpg,1863,2521,1933,2823,object,2448,3264
train_1060.jpg,1936,2516,2144,2804,object,2448,3264
train_1060.jpg,2382,1593,2436,1648,object,2448,3264
train_1060.jpg,2149,2458,2319,2798,object,2448,3264
train_1060.jpg,2320,2455,2449,2749,object,2448,3264
train_1060.jpg,2141,1618,2201,1676,object,2448,3264
train_1060.jpg,2034,1614,2107,1683,object,2448,3264
train_1060.jpg,1973,1654,2024,1719,object,2448,3264
train_1060.jpg,1475,2566,1547,2880,object,2448,3264
train_1060.jpg,1400,1169,1486,1319,object,2448,3264
train_1060.jpg,2124,1679,2175,1721,object,2448,3264
train_1060.jpg,502,2748,609,3039,object,2448,3264
train_1060.jpg,723,2000,815,2230,object,2448,3264
train_1060.jpg,813,2002,913,2203,object,2448,3264
train_1060.jpg,948,1992,1046,2214,object,2448,3264
train_1060.jpg,1050,1989,1156,2204,object,2448,3264
train_1060.jpg,1160,1979,1263,2198,object,2448,3264
train_1060.jpg,1352,1973,1460,2179,object,2448,3264
train_1060.jpg,1467,1982,1573,2173,object,2448,3264
train_1060.jpg,1573,1977,1681,2170,object,2448,3264
train_1060.jpg,1679,1965,1774,2163,object,2448,3264
train_1060.jpg,1773,1963,1871,2161,object,2448,3264
train_1060.jpg,400,2394,516,2583,object,2448,3264
train_1060.jpg,629,2378,739,2549,object,2448,3264
train_1060.jpg,609,2749,705,3011,object,2448,3264
train_1060.jpg,739,2358,854,2549,object,2448,3264
train_1060.jpg,1009,2308,1130,2521,object,2448,3264
train_1060.jpg,1127,2284,1240,2455,object,2448,3264
train_1060.jpg,1270,2279,1362,2490,object,2448,3264
train_1060.jpg,1369,2279,1476,2492,object,2448,3264
train_1060.jpg,1487,2259,1623,2462,object,2448,3264
train_1060.jpg,1630,2323,1723,2463,object,2448,3264
train_1060.jpg,1736,2304,1854,2461,object,2448,3264
train_1060.jpg,1936,2128,2111,2357,object,2448,3264
train_1060.jpg,2120,2109,2313,2357,object,2448,3264
train_1060.jpg,2312,2104,2446,2318,object,2448,3264
train_1060.jpg,33,2610,355,2766,object,2448,3264
train_1060.jpg,392,2766,503,3037,object,2448,3264
train_1060.jpg,862,2349,1006,2521,object,2448,3264
train_1060.jpg,1324,1140,1389,1310,object,2448,3264
train_1060.jpg,1679,1413,1744,1526,object,2448,3264
train_1060.jpg,2324,1593,2379,1638,object,2448,3264
train_1060.jpg,1213,772,1308,993,object,2448,3264
train_1060.jpg,1111,775,1198,980,object,2448,3264
train_1060.jpg,1017,748,1114,980,object,2448,3264
train_1060.jpg,931,741,1007,968,object,2448,3264
train_1060.jpg,825,735,930,971,object,2448,3264
train_1060.jpg,719,726,807,940,object,2448,3264
train_1060.jpg,617,715,710,942,object,2448,3264
train_1060.jpg,498,717,601,940,object,2448,3264
train_1060.jpg,404,703,498,943,object,2448,3264
train_1060.jpg,534,601,628,701,object,2448,3264
train_1060.jpg,1871,806,1945,1025,object,2448,3264
train_1060.jpg,1945,809,2020,1044,object,2448,3264
train_1060.jpg,2047,846,2138,1112,object,2448,3264
train_1060.jpg,2141,858,2232,1111,object,2448,3264
train_1060.jpg,2235,858,2313,1129,object,2448,3264
train_1060.jpg,2312,909,2425,1127,object,2448,3264
train_1060.jpg,123,956,363,1288,object,2448,3264
train_1060.jpg,0,956,106,1126,object,2448,3264
train_1060.jpg,0,1132,114,1275,object,2448,3264
train_1060.jpg,404,1083,547,1302,object,2448,3264
train_1060.jpg,1221,1141,1306,1336,object,2448,3264
train_1060.jpg,1119,1119,1219,1333,object,2448,3264
train_1060.jpg,1021,1129,1118,1348,object,2448,3264
train_1060.jpg,923,1103,1023,1345,object,2448,3264
train_1060.jpg,793,1110,905,1315,object,2448,3264
train_1060.jpg,682,1087,785,1314,object,2448,3264
train_1060.jpg,1389,784,1480,1005,object,2448,3264
train_1060.jpg,1307,782,1389,993,object,2448,3264
train_1060.jpg,1573,797,1635,1013,object,2448,3264
train_1060.jpg,151,28,287,485,object,2448,3264
train_1060.jpg,302,110,402,504,object,2448,3264
train_1060.jpg,511,266,669,548,object,2448,3264
train_1060.jpg,670,206,838,547,object,2448,3264
train_1060.jpg,837,225,981,586,object,2448,3264
train_1060.jpg,985,309,1120,588,object,2448,3264
train_1060.jpg,1123,335,1252,593,object,2448,3264
train_1060.jpg,1254,367,1365,592,object,2448,3264
train_1060.jpg,1381,319,1513,637,object,2448,3264
train_1060.jpg,1516,356,1632,637,object,2448,3264
train_1060.jpg,1667,319,1806,670,object,2448,3264
train_1060.jpg,1806,364,1879,670,object,2448,3264
train_1060.jpg,1891,376,1965,693,object,2448,3264
train_1060.jpg,1965,382,2050,694,object,2448,3264
train_1060.jpg,1495,793,1575,1011,object,2448,3264
train_1060.jpg,2057,384,2160,720,object,2448,3264
train_1060.jpg,2169,486,2243,742,object,2448,3264
train_1060.jpg,2247,423,2348,739,object,2448,3264
train_1060.jpg,2353,425,2451,776,object,2448,3264
train_1060.jpg,69,670,360,902,object,2448,3264
train_1060.jpg,425,580,516,691,object,2448,3264
train_1060.jpg,1806,788,1871,1029,object,2448,3264
train_1060.jpg,1728,788,1805,1025,object,2448,3264
train_1060.jpg,1634,797,1727,1025,object,2448,3264
train_1060.jpg,547,1089,680,1303,object,2448,3264
train_1061.jpg,994,1893,1099,2189,object,2448,3264
train_1061.jpg,1106,1888,1194,2226,object,2448,3264
train_1061.jpg,1195,1884,1261,2212,object,2448,3264
train_1061.jpg,254,1522,350,1829,object,2448,3264
train_1061.jpg,351,1539,415,1830,object,2448,3264
train_1061.jpg,1834,1649,1947,1819,object,2448,3264
train_1061.jpg,902,1892,994,2188,object,2448,3264
train_1061.jpg,2266,1873,2366,2173,object,2448,3264
train_1061.jpg,682,1884,785,2185,object,2448,3264
train_1061.jpg,443,2243,536,2548,object,2448,3264
train_1061.jpg,543,2312,636,2597,object,2448,3264
train_1061.jpg,647,2351,737,2601,object,2448,3264
train_1061.jpg,748,2347,825,2607,object,2448,3264
train_1061.jpg,825,2325,902,2609,object,2448,3264
train_1061.jpg,902,2320,983,2597,object,2448,3264
train_1061.jpg,281,2289,420,2577,object,2448,3264
train_1061.jpg,983,2294,1071,2582,object,2448,3264
train_1061.jpg,1129,2271,1245,2605,object,2448,3264
train_1061.jpg,1252,2262,1360,2592,object,2448,3264
train_1061.jpg,1360,2271,1484,2593,object,2448,3264
train_1061.jpg,1484,2270,1579,2577,object,2448,3264
train_1061.jpg,1580,2239,1676,2547,object,2448,3264
train_1061.jpg,1685,2270,1796,2578,object,2448,3264
train_1061.jpg,1075,2289,1129,2605,object,2448,3264
train_1061.jpg,786,1900,891,2185,object,2448,3264
train_1061.jpg,1796,2266,1925,2590,object,2448,3264
train_1061.jpg,2004,2301,2129,2538,object,2448,3264
train_1061.jpg,582,1911,670,2204,object,2448,3264
train_1061.jpg,482,1908,577,2224,object,2448,3264
train_1061.jpg,389,1923,474,2185,object,2448,3264
train_1061.jpg,293,1931,388,2185,object,2448,3264
train_1061.jpg,1538,1125,1676,1346,object,2448,3264
train_1061.jpg,2162,1891,2254,2158,object,2448,3264
train_1061.jpg,1931,2308,2003,2586,object,2448,3264
train_1061.jpg,2058,1896,2163,2173,object,2448,3264
train_1061.jpg,1861,1911,1961,2187,object,2448,3264
train_1061.jpg,1769,1888,1864,2161,object,2448,3264
train_1061.jpg,1649,1865,1771,2138,object,2448,3264
train_1061.jpg,1538,1857,1638,2135,object,2448,3264
train_1061.jpg,2301,2301,2424,2581,object,2448,3264
train_1061.jpg,2131,2274,2231,2482,object,2448,3264
train_1061.jpg,1961,1904,2054,2185,object,2448,3264
train_1061.jpg,1549,1364,1662,1545,object,2448,3264
train_1061.jpg,1946,1665,2019,1819,object,2448,3264
train_1061.jpg,1345,1138,1453,1491,object,2448,3264
train_1061.jpg,655,598,740,740,object,2448,3264
train_1061.jpg,744,570,801,740,object,2448,3264
train_1061.jpg,802,540,845,740,object,2448,3264
train_1061.jpg,844,532,901,732,object,2448,3264
train_1061.jpg,902,516,1033,732,object,2448,3264
train_1061.jpg,1453,1137,1525,1490,object,2448,3264
train_1061.jpg,1171,483,1275,736,object,2448,3264
train_1061.jpg,1272,478,1333,740,object,2448,3264
train_1061.jpg,1333,416,1421,740,object,2448,3264
train_1061.jpg,1426,401,1549,724,object,2448,3264
train_1061.jpg,601,644,655,742,object,2448,3264
train_1061.jpg,1599,528,1726,711,object,2448,3264
train_1061.jpg,1877,540,2008,748,object,2448,3264
train_1061.jpg,2019,566,2153,762,object,2448,3264
train_1061.jpg,1676,1635,1823,1819,object,2448,3264
train_1061.jpg,1568,1634,1676,1822,object,2448,3264
train_1061.jpg,1418,1622,1568,1829,object,2448,3264
train_1061.jpg,1310,1549,1414,1830,object,2448,3264
train_1061.jpg,1229,1556,1314,1823,object,2448,3264
train_1061.jpg,1133,1553,1225,1829,object,2448,3264
train_1061.jpg,1040,1565,1125,1850,object,2448,3264
train_1061.jpg,944,1526,1037,1845,object,2448,3264
train_1061.jpg,1742,555,1870,755,object,2448,3264
train_1061.jpg,840,1522,939,1823,object,2448,3264
train_1061.jpg,451,617,554,745,object,2448,3264
train_1061.jpg,270,478,362,763,object,2448,3264
train_1061.jpg,2035,1642,2101,1819,object,2448,3264
train_1061.jpg,2119,1688,2189,1814,object,2448,3264
train_1061.jpg,2189,1689,2286,1811,object,2448,3264
train_1061.jpg,2285,1692,2350,1826,object,2448,3264
train_1061.jpg,2355,1676,2424,1800,object,2448,3264
train_1061.jpg,1676,1403,1823,1591,object,2448,3264
train_1061.jpg,1865,1395,2055,1603,object,2448,3264
train_1061.jpg,2096,1395,2235,1577,object,2448,3264
train_1061.jpg,2239,1372,2362,1583,object,2448,3264
train_1061.jpg,1696,1121,1787,1340,object,2448,3264
train_1061.jpg,385,482,452,741,object,2448,3264
train_1061.jpg,1815,1137,1918,1328,object,2448,3264
train_1061.jpg,2031,1125,2108,1310,object,2448,3264
train_1061.jpg,2108,1125,2213,1295,object,2448,3264
train_1061.jpg,2216,1156,2327,1303,object,2448,3264
train_1061.jpg,2339,1152,2449,1289,object,2448,3264
train_1061.jpg,1545,875,1649,1055,object,2448,3264
train_1061.jpg,1657,882,1753,1063,object,2448,3264
train_1061.jpg,1761,863,1892,1062,object,2448,3264
train_1061.jpg,1892,872,1972,1064,object,2448,3264
train_1061.jpg,1981,863,2096,1070,object,2448,3264
train_1061.jpg,154,412,268,762,object,2448,3264
train_1061.jpg,1935,1125,2019,1329,object,2448,3264
train_1061.jpg,740,1526,842,1827,object,2448,3264
train_1061.jpg,1033,516,1173,735,object,2448,3264
train_1061.jpg,566,1522,648,1837,object,2448,3264
train_1061.jpg,647,1531,735,1834,object,2448,3264
train_1061.jpg,909,1169,1030,1507,object,2448,3264
train_1061.jpg,825,1187,909,1506,object,2448,3264
train_1061.jpg,709,1194,812,1484,object,2448,3264
train_1061.jpg,582,1156,713,1487,object,2448,3264
train_1061.jpg,455,1153,583,1487,object,2448,3264
train_1061.jpg,358,1229,451,1479,object,2448,3264
train_1061.jpg,231,1249,336,1491,object,2448,3264
train_1061.jpg,2254,852,2331,1037,object,2448,3264
train_1061.jpg,2143,832,2254,1037,object,2448,3264
train_1061.jpg,1121,1169,1240,1484,object,2448,3264
train_1061.jpg,1249,1152,1346,1490,object,2448,3264
train_1061.jpg,1399,794,1510,1108,object,2448,3264
train_1061.jpg,1037,1164,1121,1483,object,2448,3264
train_1061.jpg,1198,778,1283,1136,object,2448,3264
train_1061.jpg,1283,795,1399,1137,object,2448,3264
train_1061.jpg,1341,1905,1441,2181,object,2448,3264
train_1061.jpg,1260,1884,1340,2180,object,2448,3264
train_1061.jpg,1,760,150,1056,object,2448,3264
train_1061.jpg,200,867,324,1137,object,2448,3264
train_1061.jpg,355,805,459,1140,object,2448,3264
train_1061.jpg,459,813,559,1137,object,2448,3264
train_1061.jpg,2162,555,2316,768,object,2448,3264
train_1061.jpg,794,771,979,1137,object,2448,3264
train_1061.jpg,979,771,1061,1139,object,2448,3264
train_1061.jpg,1056,786,1198,1133,object,2448,3264
train_1061.jpg,671,809,782,1136,object,2448,3264
train_1062.jpg,0,1382,215,1460,object,2448,3264
train_1062.jpg,0,1293,216,1375,object,2448,3264
train_1062.jpg,2241,2830,2447,2915,object,2448,3264
train_1062.jpg,2241,2913,2450,2983,object,2448,3264
train_1062.jpg,925,2146,1213,2218,object,2448,3264
train_1062.jpg,1946,2640,2262,2703,object,2448,3264
train_1062.jpg,1697,2590,1941,2653,object,2448,3264
train_1062.jpg,243,2109,559,2166,object,2448,3264
train_1062.jpg,245,2036,556,2107,object,2448,3264
train_1062.jpg,963,2091,1209,2144,object,2448,3264
train_1062.jpg,0,1467,216,1556,object,2448,3264
train_1062.jpg,568,2161,903,2226,object,2448,3264
train_1062.jpg,559,2086,900,2150,object,2448,3264
train_1062.jpg,1397,2710,1702,2772,object,2448,3264
train_1062.jpg,1979,2710,2276,2779,object,2448,3264
train_1062.jpg,55,3019,387,3084,object,2448,3264
train_1062.jpg,2306,2640,2449,2703,object,2448,3264
train_1062.jpg,1348,2856,1621,2930,object,2448,3264
train_1062.jpg,1353,2935,1617,2999,object,2448,3264
train_1062.jpg,1338,3006,1610,3064,object,2448,3264
train_1062.jpg,1073,3019,1328,3077,object,2448,3264
train_1062.jpg,1213,2066,1562,2139,object,2448,3264
train_1062.jpg,1072,2935,1348,3014,object,2448,3264
train_1062.jpg,1068,2870,1345,2936,object,2448,3264
train_1062.jpg,734,3009,1053,3079,object,2448,3264
train_1062.jpg,729,2935,1052,3004,object,2448,3264
train_1062.jpg,384,2873,702,2950,object,2448,3264
train_1062.jpg,384,2951,719,3019,object,2448,3264
train_1062.jpg,399,3021,719,3089,object,2448,3264
train_1062.jpg,55,2960,369,3013,object,2448,3264
train_1062.jpg,20,2885,342,2953,object,2448,3264
train_1062.jpg,2287,2705,2446,2769,object,2448,3264
train_1062.jpg,1711,2704,1976,2780,object,2448,3264
train_1062.jpg,1220,2146,1562,2217,object,2448,3264
train_1062.jpg,993,2276,1299,2336,object,2448,3264
train_1062.jpg,1575,2136,1946,2217,object,2448,3264
train_1062.jpg,76,2650,409,2735,object,2448,3264
train_1062.jpg,65,2735,412,2805,object,2448,3264
train_1062.jpg,419,2729,757,2805,object,2448,3264
train_1062.jpg,414,2660,644,2725,object,2448,3264
train_1062.jpg,420,2590,754,2656,object,2448,3264
train_1062.jpg,769,2605,1082,2669,object,2448,3264
train_1062.jpg,766,2710,1083,2786,object,2448,3264
train_1062.jpg,1397,2600,1692,2683,object,2448,3264
train_1062.jpg,1087,2675,1387,2750,object,2448,3264
train_1062.jpg,2236,2987,2448,3054,object,2448,3264
train_1062.jpg,1926,2999,2230,3061,object,2448,3264
train_1062.jpg,1926,2935,2236,2993,object,2448,3264
train_1062.jpg,1926,2860,2232,2931,object,2448,3264
train_1062.jpg,1615,2960,1902,3022,object,2448,3264
train_1062.jpg,1632,2875,1884,2953,object,2448,3264
train_1062.jpg,80,2575,409,2649,object,2448,3264
train_1062.jpg,2009,2329,2341,2406,object,2448,3264
train_1062.jpg,2001,2412,2337,2485,object,2448,3264
train_1062.jpg,1657,2426,1989,2490,object,2448,3264
train_1062.jpg,1897,1941,2257,2020,object,2448,3264
train_1062.jpg,1940,2031,2281,2107,object,2448,3264
train_1062.jpg,1946,2121,2306,2208,object,2448,3264
train_1062.jpg,0,2296,304,2366,object,2448,3264
train_1062.jpg,0,2361,326,2446,object,2448,3264
train_1062.jpg,12,2450,344,2537,object,2448,3264
train_1062.jpg,359,2386,650,2453,object,2448,3264
train_1062.jpg,1562,2066,1939,2136,object,2448,3264
train_1062.jpg,356,2460,659,2527,object,2448,3264
train_1062.jpg,656,2431,988,2508,object,2448,3264
train_1062.jpg,999,2336,1298,2412,object,2448,3264
train_1062.jpg,993,2431,1296,2508,object,2448,3264
train_1062.jpg,1303,2431,1652,2505,object,2448,3264
train_1062.jpg,1315,2354,1657,2421,object,2448,3264
train_1062.jpg,1667,2281,1993,2342,object,2448,3264
train_1062.jpg,1662,2351,2001,2427,object,2448,3264
train_1062.jpg,659,2351,988,2429,object,2448,3264
train_1062.jpg,1088,2595,1385,2654,object,2448,3264
train_1062.jpg,1797,1117,2150,1188,object,2448,3264
train_1062.jpg,609,1284,979,1377,object,2448,3264
train_1062.jpg,221,1387,598,1471,object,2448,3264
train_1062.jpg,225,1477,596,1557,object,2448,3264
train_1062.jpg,609,1470,968,1557,object,2448,3264
train_1062.jpg,606,1385,978,1467,object,2448,3264
train_1062.jpg,297,649,669,729,object,2448,3264
train_1062.jpg,988,1387,1328,1466,object,2448,3264
train_1062.jpg,1333,1380,1681,1467,object,2448,3264
train_1062.jpg,220,1303,599,1385,object,2448,3264
train_1062.jpg,1682,1362,1949,1535,object,2448,3264
train_1062.jpg,983,1472,1333,1542,object,2448,3264
train_1062.jpg,1956,1268,2041,1541,object,2448,3264
train_1062.jpg,2046,1289,2125,1542,object,2448,3264
train_1062.jpg,2131,1377,2447,1451,object,2448,3264
train_1062.jpg,2130,1462,2450,1542,object,2448,3264
train_1062.jpg,0,1737,333,1815,object,2448,3264
train_1062.jpg,0,1822,337,1906,object,2448,3264
train_1062.jpg,1333,1472,1672,1541,object,2448,3264
train_1062.jpg,344,1651,682,1906,object,2448,3264
train_1062.jpg,2190,1108,2446,1187,object,2448,3264
train_1062.jpg,1996,968,2261,1011,object,2448,3264
train_1062.jpg,1707,494,2064,574,object,2448,3264
train_1062.jpg,1696,579,2061,663,object,2448,3264
train_1062.jpg,1687,664,2058,734,object,2448,3264
train_1062.jpg,1692,734,2061,812,object,2448,3264
train_1062.jpg,2086,729,2436,811,object,2448,3264
train_1062.jpg,5,1103,304,1199,object,2448,3264
train_1062.jpg,309,1114,673,1198,object,2448,3264
train_1062.jpg,2191,1028,2442,1107,object,2448,3264
train_1062.jpg,313,1027,669,1113,object,2448,3264
train_1062.jpg,673,1023,1028,1101,object,2448,3264
train_1062.jpg,694,1108,1065,1188,object,2448,3264
train_1062.jpg,1078,1033,1423,1109,object,2448,3264
train_1062.jpg,1102,1118,1427,1184,object,2448,3264
train_1062.jpg,1437,1118,1761,1183,object,2448,3264
train_1062.jpg,299,734,645,821,object,2448,3264
train_1062.jpg,1746,1028,2071,1108,object,2448,3264
train_1062.jpg,754,948,1071,1016,object,2448,3264
train_1062.jpg,678,635,1043,729,object,2448,3264
train_1062.jpg,709,1767,1014,1828,object,2448,3264
train_1062.jpg,1048,1687,1330,1793,object,2448,3264
train_1062.jpg,704,1832,1013,1898,object,2448,3264
train_1062.jpg,5,444,306,530,object,2448,3264
train_1062.jpg,4,529,309,627,object,2448,3264
train_1062.jpg,5,629,290,719,object,2448,3264
train_1062.jpg,6,719,289,807,object,2448,3264
train_1062.jpg,314,564,676,648,object,2448,3264
train_1062.jpg,250,2171,564,2241,object,2448,3264
train_1062.jpg,5,2166,241,2245,object,2448,3264
train_1062.jpg,9,2071,240,2160,object,2448,3264
train_1062.jpg,654,739,1035,818,object,2448,3264
train_1062.jpg,2054,1712,2326,1802,object,2448,3264
train_1062.jpg,0,1976,237,2059,object,2448,3264
train_1062.jpg,1348,1632,1679,1719,object,2448,3264
train_1062.jpg,1340,1722,1682,1807,object,2448,3264
train_1062.jpg,1338,1807,1688,1887,object,2448,3264
train_1062.jpg,1044,1797,1328,1892,object,2448,3264
train_1062.jpg,1706,1722,2051,1794,object,2448,3264
train_1062.jpg,1693,1797,2047,1884,object,2448,3264
train_1062.jpg,2051,1808,2331,1877,object,2448,3264
train_1062.jpg,1692,1627,2038,1709,object,2448,3264
train_1063.jpg,1516,2459,1704,2625,object,2340,4160
train_1063.jpg,1885,2439,2057,2619,object,2340,4160
train_1063.jpg,1706,2449,1883,2621,object,2340,4160
train_1063.jpg,1531,2704,1721,2791,object,2340,4160
train_1063.jpg,1536,2629,1720,2703,object,2340,4160
train_1063.jpg,1345,2728,1526,2808,object,2340,4160
train_1063.jpg,1342,2634,1525,2729,object,2340,4160
train_1063.jpg,1352,2479,1513,2611,object,2340,4160
train_1063.jpg,811,2664,973,2841,object,2340,4160
train_1063.jpg,1172,2679,1342,2802,object,2340,4160
train_1063.jpg,1162,2491,1326,2669,object,2340,4160
train_1063.jpg,993,2519,1158,2655,object,2340,4160
train_1063.jpg,1456,3157,1620,3247,object,2340,4160
train_1063.jpg,1247,3188,1441,3292,object,2340,4160
train_1063.jpg,1052,3192,1244,3294,object,2340,4160
train_1063.jpg,1601,2848,1741,3078,object,2340,4160
train_1063.jpg,1003,2653,1172,2798,object,2340,4160
train_1063.jpg,1382,2863,1601,3079,object,2340,4160
train_1063.jpg,1626,3165,1810,3247,object,2340,4160
train_1063.jpg,1627,3086,1811,3167,object,2340,4160
train_1063.jpg,294,2988,649,3189,object,2340,4160
train_1063.jpg,432,3187,633,3343,object,2340,4160
train_1063.jpg,230,3193,434,3347,object,2340,4160
train_1063.jpg,653,3043,779,3322,object,2340,4160
train_1063.jpg,1427,3083,1626,3152,object,2340,4160
train_1063.jpg,1816,3108,1997,3245,object,2340,4160
train_1063.jpg,2000,3090,2186,3247,object,2340,4160
train_1063.jpg,254,2519,426,2665,object,2340,4160
train_1063.jpg,250,2674,424,2739,object,2340,4160
train_1063.jpg,224,2753,408,2879,object,2340,4160
train_1063.jpg,404,2790,614,2878,object,2340,4160
train_1063.jpg,412,2732,614,2788,object,2340,4160
train_1063.jpg,424,2595,602,2728,object,2340,4160
train_1063.jpg,428,2520,604,2594,object,2340,4160
train_1063.jpg,609,2514,802,2678,object,2340,4160
train_1063.jpg,624,2679,803,2838,object,2340,4160
train_1063.jpg,808,2529,976,2661,object,2340,4160
train_1063.jpg,778,3162,918,3322,object,2340,4160
train_1063.jpg,918,3061,978,3162,object,2340,4160
train_1063.jpg,783,3048,913,3155,object,2340,4160
train_1063.jpg,928,3167,1043,3307,object,2340,4160
train_1063.jpg,1057,2953,1231,3178,object,2340,4160
train_1063.jpg,1232,2938,1398,3177,object,2340,4160
train_1063.jpg,1911,2614,2085,2773,object,2340,4160
train_1063.jpg,1723,2630,1910,2773,object,2340,4160
train_1063.jpg,1072,2224,1278,2399,object,2340,4160
train_1063.jpg,2260,2619,2345,2748,object,2340,4160
train_1063.jpg,1519,1676,1621,1963,object,2340,4160
train_1063.jpg,1620,1673,1716,1940,object,2340,4160
train_1063.jpg,1716,1696,1826,1943,object,2340,4160
train_1063.jpg,1890,1811,2010,1930,object,2340,4160
train_1063.jpg,1894,1686,2010,1806,object,2340,4160
train_1063.jpg,2020,1752,2080,1935,object,2340,4160
train_1063.jpg,2078,1741,2140,1934,object,2340,4160
train_1063.jpg,2270,1722,2343,1995,object,2340,4160
train_1063.jpg,2135,1731,2269,1998,object,2340,4160
train_1063.jpg,2005,2105,2109,2350,object,2340,4160
train_1063.jpg,1900,2130,1996,2367,object,2340,4160
train_1063.jpg,1413,1667,1516,1960,object,2340,4160
train_1063.jpg,1771,2140,1865,2361,object,2340,4160
train_1063.jpg,1489,2190,1691,2379,object,2340,4160
train_1063.jpg,1461,2050,1663,2192,object,2340,4160
train_1063.jpg,1282,2250,1483,2383,object,2340,4160
train_1063.jpg,1294,2145,1442,2247,object,2340,4160
train_1063.jpg,1277,2060,1423,2134,object,2340,4160
train_1063.jpg,1055,2069,1277,2225,object,2340,4160
train_1063.jpg,524,419,635,724,object,2340,4160
train_1063.jpg,803,2230,1037,2397,object,2340,4160
train_1063.jpg,424,2260,637,2421,object,2340,4160
train_1063.jpg,424,416,528,723,object,2340,4160
train_1063.jpg,304,429,424,716,object,2340,4160
train_1063.jpg,1676,2110,1764,2355,object,2340,4160
train_1063.jpg,1242,1716,1332,1961,object,2340,4160
train_1063.jpg,1144,1714,1242,1965,object,2340,4160
train_1063.jpg,949,1711,1142,1853,object,2340,4160
train_1063.jpg,1930,395,2046,698,object,2340,4160
train_1063.jpg,1796,414,1927,699,object,2340,4160
train_1063.jpg,1347,549,1488,720,object,2340,4160
train_1063.jpg,1242,430,1330,713,object,2340,4160
train_1063.jpg,1117,444,1239,711,object,2340,4160
train_1063.jpg,998,847,1083,1202,object,2340,4160
train_1063.jpg,883,848,997,1203,object,2340,4160
train_1063.jpg,673,914,789,1207,object,2340,4160
train_1063.jpg,1062,465,1112,718,object,2340,4160
train_1063.jpg,958,439,1063,716,object,2340,4160
train_1063.jpg,863,419,955,708,object,2340,4160
train_1063.jpg,733,414,863,707,object,2340,4160
train_1063.jpg,638,416,736,723,object,2340,4160
train_1063.jpg,539,933,672,1204,object,2340,4160
train_1063.jpg,439,936,539,1197,object,2340,4160
train_1063.jpg,324,928,438,1193,object,2340,4160
train_1063.jpg,1252,1382,1517,1521,object,2340,4160
train_1063.jpg,1013,1377,1238,1522,object,2340,4160
train_1063.jpg,110,1846,359,1995,object,2340,4160
train_1063.jpg,108,1666,359,1846,object,2340,4160
train_1063.jpg,354,1619,578,1841,object,2340,4160
train_1063.jpg,351,1837,619,1980,object,2340,4160
train_1063.jpg,735,1826,953,1991,object,2340,4160
train_1063.jpg,723,1701,949,1821,object,2340,4160
train_1063.jpg,963,1861,1132,1984,object,2340,4160
train_1063.jpg,2160,893,2284,1176,object,2340,4160
train_1063.jpg,2050,399,2170,700,object,2340,4160
train_1063.jpg,2220,2484,2317,2570,object,2340,4160
train_1063.jpg,1896,1038,2030,1163,object,2340,4160
train_1063.jpg,1771,918,1890,1036,object,2340,4160
train_1063.jpg,2035,1028,2147,1137,object,2340,4160
train_1063.jpg,1681,928,1767,1177,object,2340,4160
train_1063.jpg,1082,848,1184,1195,object,2340,4160
train_1063.jpg,1187,840,1283,1187,object,2340,4160
train_1063.jpg,1402,933,1505,1194,object,2340,4160
train_1063.jpg,1506,926,1596,1187,object,2340,4160
train_1063.jpg,1596,928,1680,1177,object,2340,4160
train_1063.jpg,1890,908,2026,1032,object,2340,4160
train_1063.jpg,1773,1038,1890,1163,object,2340,4160
train_1063.jpg,184,2275,419,2440,object,2340,4160
train_1063.jpg,175,2115,416,2273,object,2340,4160
train_1063.jpg,2170,2210,2303,2339,object,2340,4160
train_1064.jpg,2384,1380,2450,1627,object,2448,3264
train_1064.jpg,2061,1388,2185,1630,object,2448,3264
train_1064.jpg,466,1697,596,1992,object,2448,3264
train_1064.jpg,608,1699,720,2004,object,2448,3264
train_1064.jpg,1901,1389,2055,1626,object,2448,3264
train_1064.jpg,1733,1384,1903,1626,object,2448,3264
train_1064.jpg,1548,1406,1674,1627,object,2448,3264
train_1064.jpg,1423,1402,1545,1626,object,2448,3264
train_1064.jpg,1449,328,1605,387,object,2448,3264
train_1064.jpg,1250,1324,1419,1624,object,2448,3264
train_1064.jpg,2199,1387,2378,1626,object,2448,3264
train_1064.jpg,366,1720,464,1993,object,2448,3264
train_1064.jpg,1436,479,1645,561,object,2448,3264
train_1064.jpg,1375,1744,1511,1988,object,2448,3264
train_1064.jpg,884,1695,1088,2002,object,2448,3264
train_1064.jpg,733,1733,872,1823,object,2448,3264
train_1064.jpg,99,99,233,433,object,2448,3264
train_1064.jpg,246,119,384,435,object,2448,3264
train_1064.jpg,397,272,501,433,object,2448,3264
train_1064.jpg,509,260,600,440,object,2448,3264
train_1064.jpg,612,95,800,452,object,2448,3264
train_1064.jpg,811,330,891,448,object,2448,3264
train_1064.jpg,897,185,1008,453,object,2448,3264
train_1064.jpg,1039,172,1154,267,object,2448,3264
train_1064.jpg,1035,280,1156,345,object,2448,3264
train_1064.jpg,1031,349,1148,453,object,2448,3264
train_1064.jpg,1164,203,1309,456,object,2448,3264
train_1064.jpg,1311,247,1438,457,object,2448,3264
train_1064.jpg,1470,134,1590,227,object,2448,3264
train_1064.jpg,1464,237,1604,322,object,2448,3264
train_1064.jpg,724,1832,869,2005,object,2448,3264
train_1064.jpg,1065,1410,1208,1629,object,2448,3264
train_1064.jpg,897,1327,1060,1626,object,2448,3264
train_1064.jpg,388,1397,517,1617,object,2448,3264
train_1064.jpg,530,1322,700,1621,object,2448,3264
train_1064.jpg,1446,392,1608,460,object,2448,3264
train_1064.jpg,1621,43,1870,461,object,2448,3264
train_1064.jpg,1453,677,1634,761,object,2448,3264
train_1064.jpg,1893,181,1995,258,object,2448,3264
train_1064.jpg,2022,129,2119,467,object,2448,3264
train_1064.jpg,2126,165,2257,466,object,2448,3264
train_1064.jpg,2268,142,2414,479,object,2448,3264
train_1064.jpg,151,444,286,852,object,2448,3264
train_1064.jpg,298,443,485,854,object,2448,3264
train_1064.jpg,660,500,845,596,object,2448,3264
train_1064.jpg,595,608,803,677,object,2448,3264
train_1064.jpg,613,690,811,785,object,2448,3264
train_1064.jpg,832,617,1011,694,object,2448,3264
train_1064.jpg,822,707,1018,797,object,2448,3264
train_1064.jpg,1035,564,1227,682,object,2448,3264
train_1064.jpg,1031,683,1245,775,object,2448,3264
train_1064.jpg,1259,694,1411,874,object,2448,3264
train_1064.jpg,1444,772,1634,881,object,2448,3264
train_1064.jpg,729,1380,882,1626,object,2448,3264
train_1064.jpg,1656,543,1810,640,object,2448,3264
train_1064.jpg,1690,750,1858,883,object,2448,3264
train_1064.jpg,1454,582,1651,660,object,2448,3264
train_1064.jpg,2242,1022,2411,1276,object,2448,3264
train_1064.jpg,2065,992,2223,1282,object,2448,3264
train_1064.jpg,1897,992,2056,1284,object,2448,3264
train_1064.jpg,1488,940,1655,1281,object,2448,3264
train_1064.jpg,1332,940,1485,1277,object,2448,3264
train_1064.jpg,1174,936,1326,1278,object,2448,3264
train_1064.jpg,1031,1069,1171,1281,object,2448,3264
train_1064.jpg,867,927,1028,1278,object,2448,3264
train_1064.jpg,707,1065,861,1268,object,2448,3264
train_1064.jpg,535,944,704,1262,object,2448,3264
train_1064.jpg,366,1070,524,1259,object,2448,3264
train_1064.jpg,151,931,357,1261,object,2448,3264
train_1064.jpg,2165,522,2385,877,object,2448,3264
train_1064.jpg,1866,832,1958,894,object,2448,3264
train_1064.jpg,1880,755,1960,830,object,2448,3264
train_1064.jpg,1845,642,1964,753,object,2448,3264
train_1064.jpg,1678,651,1807,747,object,2448,3264
train_1064.jpg,1880,262,2024,466,object,2448,3264
train_1064.jpg,1220,1733,1370,1991,object,2448,3264
train_1064.jpg,1099,1724,1215,2001,object,2448,3264
train_1064.jpg,1022,2777,1130,3032,object,2448,3264
train_1064.jpg,1181,2725,1269,2973,object,2448,3264
train_1064.jpg,1276,2699,1382,3034,object,2448,3264
train_1064.jpg,160,2474,291,2673,object,2448,3264
train_1064.jpg,34,2466,158,2673,object,2448,3264
train_1064.jpg,2203,2173,2373,2354,object,2448,3264
train_1064.jpg,901,2738,1008,2960,object,2448,3264
train_1064.jpg,2022,2156,2161,2340,object,2448,3264
train_1064.jpg,1703,1677,1896,2009,object,2448,3264
train_1064.jpg,1901,1737,2031,2001,object,2448,3264
train_1064.jpg,2052,1677,2235,1994,object,2448,3264
train_1064.jpg,2251,1690,2381,1780,object,2448,3264
train_1064.jpg,2233,1798,2376,1991,object,2448,3264
train_1064.jpg,73,2195,167,2365,object,2448,3264
train_1064.jpg,1526,1729,1683,2010,object,2448,3264
train_1064.jpg,487,2475,614,2661,object,2448,3264
train_1064.jpg,716,2432,872,2644,object,2448,3264
train_1064.jpg,931,2453,1026,2659,object,2448,3264
train_1064.jpg,172,2720,277,3040,object,2448,3264
train_1064.jpg,30,2751,162,3054,object,2448,3264
train_1064.jpg,496,2795,601,3031,object,2448,3264
train_1064.jpg,604,2798,702,3056,object,2448,3264
train_1064.jpg,703,2771,789,3044,object,2448,3264
train_1064.jpg,793,2772,894,3027,object,2448,3264
train_1064.jpg,1940,2450,2047,2634,object,2448,3264
train_1064.jpg,1837,2428,1935,2633,object,2448,3264
train_1064.jpg,1682,2462,1768,2632,object,2448,3264
train_1064.jpg,1600,2462,1682,2630,object,2448,3264
train_1064.jpg,1513,2458,1590,2634,object,2448,3264
train_1064.jpg,1380,2415,1478,2619,object,2448,3264
train_1064.jpg,1212,2484,1344,2650,object,2448,3264
train_1064.jpg,1043,2527,1164,2618,object,2448,3264
train_1064.jpg,1043,2445,1163,2528,object,2448,3264
train_1064.jpg,172,2196,258,2363,object,2448,3264
train_1064.jpg,282,2716,383,3041,object,2448,3264
train_1064.jpg,272,2195,351,2369,object,2448,3264
train_1064.jpg,444,2083,521,2376,object,2448,3264
train_1064.jpg,1246,2102,1330,2363,object,2448,3264
train_1064.jpg,1341,2091,1442,2373,object,2448,3264
train_1064.jpg,1447,2083,1548,2364,object,2448,3264
train_1064.jpg,1552,2083,1652,2352,object,2448,3264
train_1064.jpg,4,1237,153,1400,object,2448,3264
train_1064.jpg,164,1837,299,1989,object,2448,3264
train_1064.jpg,17,1871,152,2018,object,2448,3264
train_1064.jpg,358,2201,430,2376,object,2448,3264
train_1064.jpg,1794,2061,1893,2355,object,2448,3264
train_1064.jpg,1912,2060,2015,2357,object,2448,3264
train_1064.jpg,1164,2108,1235,2366,object,2448,3264
train_1064.jpg,1085,2111,1158,2359,object,2448,3264
train_1064.jpg,108,1544,286,1706,object,2448,3264
train_1064.jpg,2285,2691,2379,2955,object,2448,3264
train_1064.jpg,526,2084,606,2367,object,2448,3264
train_1064.jpg,625,2078,721,2371,object,2448,3264
train_1064.jpg,729,2066,808,2363,object,2448,3264
train_1064.jpg,815,2108,897,2369,object,2448,3264
train_1064.jpg,996,2117,1081,2368,object,2448,3264
train_1064.jpg,388,2798,490,3040,object,2448,3264
train_1064.jpg,1384,2703,1496,3010,object,2448,3264
train_1064.jpg,1500,2691,1613,3006,object,2448,3264
train_1064.jpg,1634,2695,1735,3025,object,2448,3264
train_1064.jpg,1751,2703,1853,3005,object,2448,3264
train_1064.jpg,1863,2708,1965,3010,object,2448,3264
train_1064.jpg,901,2107,988,2367,object,2448,3264
train_1065.jpg,1301,2164,1373,2360,object,1920,2560
train_1065.jpg,1222,2121,1289,2334,object,1920,2560
train_1065.jpg,1145,2103,1214,2312,object,1920,2560
train_1065.jpg,1016,2041,1070,2281,object,1920,2560
train_1065.jpg,952,2026,1008,2266,object,1920,2560
train_1065.jpg,899,1992,948,2249,object,1920,2560
train_1065.jpg,841,1977,894,2228,object,1920,2560
train_1065.jpg,789,1965,837,2218,object,1920,2560
train_1065.jpg,1071,2078,1135,2284,object,1920,2560
train_1065.jpg,1357,129,1427,546,object,1920,2560
train_1065.jpg,163,752,192,896,object,1920,2560
train_1065.jpg,111,318,150,569,object,1920,2560
train_1065.jpg,61,417,111,559,object,1920,2560
train_1065.jpg,310,236,362,566,object,1920,2560
train_1065.jpg,365,332,396,567,object,1920,2560
train_1065.jpg,402,242,432,561,object,1920,2560
train_1065.jpg,439,384,480,559,object,1920,2560
train_1065.jpg,479,285,526,566,object,1920,2560
train_1065.jpg,525,224,576,566,object,1920,2560
train_1065.jpg,580,215,633,566,object,1920,2560
train_1065.jpg,635,307,685,555,object,1920,2560
train_1065.jpg,691,310,730,556,object,1920,2560
train_1065.jpg,734,298,777,553,object,1920,2560
train_1065.jpg,780,236,825,554,object,1920,2560
train_1065.jpg,832,239,879,559,object,1920,2560
train_1065.jpg,930,181,987,555,object,1920,2560
train_1065.jpg,991,175,1059,546,object,1920,2560
train_1065.jpg,1065,132,1117,545,object,1920,2560
train_1065.jpg,1123,221,1196,539,object,1920,2560
train_1065.jpg,1216,147,1275,530,object,1920,2560
train_1065.jpg,1280,138,1345,532,object,1920,2560
train_1065.jpg,731,1965,782,2182,object,1920,2560
train_1065.jpg,6,663,44,876,object,1920,2560
train_1065.jpg,46,660,84,873,object,1920,2560
train_1065.jpg,95,734,127,889,object,1920,2560
train_1065.jpg,132,715,159,895,object,1920,2560
train_1065.jpg,196,737,221,892,object,1920,2560
train_1065.jpg,663,2035,724,2159,object,1920,2560
train_1065.jpg,187,1790,213,1981,object,1920,2560
train_1065.jpg,820,1080,885,1288,object,1920,2560
train_1065.jpg,233,1618,288,1743,object,1920,2560
train_1065.jpg,193,1541,227,1724,object,1920,2560
train_1065.jpg,249,1833,281,2008,object,1920,2560
train_1065.jpg,126,1519,154,1695,object,1920,2560
train_1065.jpg,83,1501,123,1695,object,1920,2560
train_1065.jpg,49,1501,78,1678,object,1920,2560
train_1065.jpg,18,1492,47,1667,object,1920,2560
train_1065.jpg,995,1424,1050,1625,object,1920,2560
train_1065.jpg,899,1378,978,1615,object,1920,2560
train_1065.jpg,820,1519,874,1598,object,1920,2560
train_1065.jpg,301,1572,335,1746,object,1920,2560
train_1065.jpg,752,1507,807,1584,object,1920,2560
train_1065.jpg,623,1351,673,1559,object,1920,2560
train_1065.jpg,571,1317,623,1542,object,1920,2560
train_1065.jpg,506,1348,565,1539,object,1920,2560
train_1065.jpg,454,1335,506,1530,object,1920,2560
train_1065.jpg,408,1332,450,1515,object,1920,2560
train_1065.jpg,356,1320,404,1502,object,1920,2560
train_1065.jpg,298,1317,353,1493,object,1920,2560
train_1065.jpg,215,1295,266,1469,object,1920,2560
train_1065.jpg,169,1286,209,1463,object,1920,2560
train_1065.jpg,129,1280,163,1456,object,1920,2560
train_1065.jpg,691,1363,734,1569,object,1920,2560
train_1065.jpg,92,1277,125,1449,object,1920,2560
train_1065.jpg,335,1575,374,1764,object,1920,2560
train_1065.jpg,445,1578,503,1796,object,1920,2560
train_1065.jpg,157,1786,182,1968,object,1920,2560
train_1065.jpg,123,1786,153,1950,object,1920,2560
train_1065.jpg,95,1780,120,1919,object,1920,2560
train_1065.jpg,64,1777,93,1940,object,1920,2560
train_1065.jpg,34,1765,60,1907,object,1920,2560
train_1065.jpg,0,1744,29,1889,object,1920,2560
train_1065.jpg,1341,1777,1397,2060,object,1920,2560
train_1065.jpg,1271,1762,1334,2039,object,1920,2560
train_1065.jpg,1203,1744,1264,2021,object,1920,2560
train_1065.jpg,1145,1734,1194,2006,object,1920,2560
train_1065.jpg,378,1658,440,1782,object,1920,2560
train_1065.jpg,1090,1719,1136,1982,object,1920,2560
train_1065.jpg,955,1691,1016,1945,object,1920,2560
train_1065.jpg,878,1673,948,1918,object,1920,2560
train_1065.jpg,816,1658,875,1909,object,1920,2560
train_1065.jpg,764,1645,813,1886,object,1920,2560
train_1065.jpg,697,1633,761,1875,object,1920,2560
train_1065.jpg,654,1624,690,1856,object,1920,2560
train_1065.jpg,602,1608,651,1842,object,1920,2560
train_1065.jpg,553,1596,595,1829,object,1920,2560
train_1065.jpg,40,976,74,1166,object,1920,2560
train_1065.jpg,506,1587,553,1815,object,1920,2560
train_1065.jpg,1019,1710,1075,1965,object,1920,2560
train_1065.jpg,218,1817,244,1988,object,1920,2560
train_1065.jpg,52,1255,89,1432,object,1920,2560
train_1065.jpg,1295,1268,1370,1335,object,1920,2560
train_1065.jpg,0,1022,33,1154,object,1920,2560
train_1065.jpg,1249,669,1338,942,object,1920,2560
train_1065.jpg,1133,663,1206,942,object,1920,2560
train_1065.jpg,1044,688,1120,946,object,1920,2560
train_1065.jpg,955,761,1030,946,object,1920,2560
train_1065.jpg,887,847,946,944,object,1920,2560
train_1065.jpg,823,746,876,945,object,1920,2560
train_1065.jpg,764,752,818,930,object,1920,2560
train_1065.jpg,681,835,750,932,object,1920,2560
train_1065.jpg,623,758,681,935,object,1920,2560
train_1065.jpg,503,1065,560,1233,object,1920,2560
train_1065.jpg,543,835,609,932,object,1920,2560
train_1065.jpg,442,737,482,932,object,1920,2560
train_1065.jpg,405,724,435,921,object,1920,2560
train_1065.jpg,356,774,398,908,object,1920,2560
train_1065.jpg,304,663,348,907,object,1920,2560
train_1065.jpg,264,660,301,906,object,1920,2560
train_1065.jpg,224,663,260,893,object,1920,2560
train_1065.jpg,565,1074,614,1243,object,1920,2560
train_1065.jpg,617,1059,675,1255,object,1920,2560
train_1065.jpg,688,1080,738,1264,object,1920,2560
train_1065.jpg,752,1185,810,1275,object,1920,2560
train_1065.jpg,488,832,541,917,object,1920,2560
train_1065.jpg,0,1259,45,1422,object,1920,2560
train_1065.jpg,605,1903,653,2141,object,1920,2560
train_1065.jpg,442,1077,498,1222,object,1920,2560
train_1065.jpg,1209,1246,1285,1338,object,1920,2560
train_1065.jpg,1117,1240,1193,1320,object,1920,2560
train_1065.jpg,1120,1148,1205,1237,object,1920,2560
train_1065.jpg,948,1087,1021,1302,object,1920,2560
train_1065.jpg,890,1084,952,1292,object,1920,2560
train_1065.jpg,285,1814,317,2023,object,1920,2560
train_1065.jpg,319,1836,355,2024,object,1920,2560
train_1065.jpg,386,1872,421,2064,object,1920,2560
train_1065.jpg,356,1869,384,2047,object,1920,2560
train_1065.jpg,421,1888,453,2067,object,1920,2560
train_1065.jpg,556,1897,597,2119,object,1920,2560
train_1065.jpg,454,1897,493,2085,object,1920,2560
train_1065.jpg,77,982,117,1165,object,1920,2560
train_1065.jpg,120,1065,144,1176,object,1920,2560
train_1065.jpg,150,1031,179,1195,object,1920,2560
train_1065.jpg,181,982,213,1196,object,1920,2560
train_1065.jpg,221,1013,262,1196,object,1920,2560
train_1065.jpg,267,991,306,1203,object,1920,2560
train_1065.jpg,310,1007,345,1202,object,1920,2560
train_1065.jpg,347,1031,385,1212,object,1920,2560
train_1065.jpg,387,1102,438,1169,object,1920,2560
train_1065.jpg,387,1179,440,1218,object,1920,2560
train_1065.jpg,503,1866,556,2103,object,1920,2560
train_1065.jpg,157,1535,186,1707,object,1920,2560
train_1065.jpg,215,233,265,559,object,1920,2560
train_1065.jpg,160,209,213,553,object,1920,2560
train_1066.jpg,424,1651,534,1731,object,1920,2560
train_1066.jpg,522,1099,640,1420,object,1920,2560
train_1066.jpg,645,1094,754,1405,object,1920,2560
train_1066.jpg,757,1097,857,1396,object,1920,2560
train_1066.jpg,859,1095,960,1393,object,1920,2560
train_1066.jpg,966,1090,1005,1343,object,1920,2560
train_1066.jpg,1064,1083,1161,1372,object,1920,2560
train_1066.jpg,1271,1076,1373,1364,object,1920,2560
train_1066.jpg,1576,1071,1666,1338,object,1920,2560
train_1066.jpg,1670,1069,1749,1333,object,1920,2560
train_1066.jpg,1753,1069,1832,1334,object,1920,2560
train_1066.jpg,1836,1073,1904,1330,object,1920,2560
train_1066.jpg,0,1478,56,1749,object,1920,2560
train_1066.jpg,62,1474,128,1740,object,1920,2560
train_1066.jpg,155,1688,290,1767,object,1920,2560
train_1066.jpg,297,1669,420,1748,object,1920,2560
train_1066.jpg,1796,1880,1890,1965,object,1920,2560
train_1066.jpg,1693,1891,1787,1975,object,1920,2560
train_1066.jpg,1600,1906,1688,1998,object,1920,2560
train_1066.jpg,1793,1969,1881,2061,object,1920,2560
train_1066.jpg,1692,1979,1789,2066,object,1920,2560
train_1066.jpg,1590,2007,1687,2093,object,1920,2560
train_1066.jpg,1359,1955,1477,2128,object,1920,2560
train_1066.jpg,1258,1955,1339,2113,object,1920,2560
train_1066.jpg,1154,1986,1255,2174,object,1920,2560
train_1066.jpg,1048,2005,1150,2193,object,1920,2560
train_1066.jpg,1691,92,1782,336,object,1920,2560
train_1066.jpg,1784,103,1880,352,object,1920,2560
train_1066.jpg,78,285,213,646,object,1920,2560
train_1066.jpg,218,283,356,647,object,1920,2560
train_1066.jpg,396,1097,515,1418,object,1920,2560
train_1066.jpg,270,1103,389,1424,object,1920,2560
train_1066.jpg,132,1119,262,1440,object,1920,2560
train_1066.jpg,0,1144,45,1411,object,1920,2560
train_1066.jpg,539,1640,649,1719,object,1920,2560
train_1066.jpg,1614,86,1684,329,object,1920,2560
train_1066.jpg,1524,70,1610,326,object,1920,2560
train_1066.jpg,1364,0,1466,311,object,1920,2560
train_1066.jpg,1256,0,1358,301,object,1920,2560
train_1066.jpg,1101,0,1208,285,object,1920,2560
train_1066.jpg,976,0,1096,279,object,1920,2560
train_1066.jpg,863,1,971,262,object,1920,2560
train_1066.jpg,751,0,841,245,object,1920,2560
train_1066.jpg,625,0,746,241,object,1920,2560
train_1066.jpg,472,0,603,234,object,1920,2560
train_1066.jpg,329,0,465,223,object,1920,2560
train_1066.jpg,178,0,320,199,object,1920,2560
train_1066.jpg,40,0,171,185,object,1920,2560
train_1066.jpg,378,298,503,653,object,1920,2560
train_1066.jpg,0,764,95,1062,object,1920,2560
train_1066.jpg,223,718,340,1055,object,1920,2560
train_1066.jpg,346,721,468,1055,object,1920,2560
train_1066.jpg,474,714,584,1049,object,1920,2560
train_1066.jpg,606,721,730,1050,object,1920,2560
train_1066.jpg,737,722,846,1050,object,1920,2560
train_1066.jpg,855,720,964,1047,object,1920,2560
train_1066.jpg,1021,747,1163,1039,object,1920,2560
train_1066.jpg,1168,743,1310,1035,object,1920,2560
train_1066.jpg,1314,744,1412,1030,object,1920,2560
train_1066.jpg,1433,743,1523,1037,object,1920,2560
train_1066.jpg,1530,743,1620,1037,object,1920,2560
train_1066.jpg,1625,747,1714,1041,object,1920,2560
train_1066.jpg,1771,750,1860,1027,object,1920,2560
train_1066.jpg,1866,751,1920,1027,object,1920,2560
train_1066.jpg,103,714,217,1051,object,1920,2560
train_1066.jpg,507,302,632,654,object,1920,2560
train_1066.jpg,1167,1076,1270,1364,object,1920,2560
train_1066.jpg,776,319,893,656,object,1920,2560
train_1066.jpg,1577,1400,1674,1610,object,1920,2560
train_1066.jpg,1384,1425,1479,1494,object,1920,2560
train_1066.jpg,1285,1423,1380,1491,object,1920,2560
train_1066.jpg,1177,1429,1272,1497,object,1920,2560
train_1066.jpg,1386,1497,1474,1561,object,1920,2560
train_1066.jpg,1286,1497,1381,1563,object,1920,2560
train_1066.jpg,1185,1507,1280,1573,object,1920,2560
train_1066.jpg,884,1455,987,1526,object,1920,2560
train_1066.jpg,772,1465,882,1543,object,1920,2560
train_1066.jpg,655,1474,763,1550,object,1920,2560
train_1066.jpg,526,1479,643,1557,object,1920,2560
train_1066.jpg,396,1489,520,1569,object,1920,2560
train_1066.jpg,262,1499,385,1579,object,1920,2560
train_1066.jpg,132,1507,256,1592,object,1920,2560
train_1066.jpg,996,1531,1097,1599,object,1920,2560
train_1066.jpg,884,1539,987,1609,object,1920,2560
train_1066.jpg,770,1549,882,1613,object,1920,2560
train_1066.jpg,656,1634,766,1713,object,1920,2560
train_1066.jpg,774,1616,884,1695,object,1920,2560
train_1066.jpg,890,1611,990,1685,object,1920,2560
train_1066.jpg,994,1602,1093,1676,object,1920,2560
train_1066.jpg,1098,1590,1197,1665,object,1920,2560
train_1066.jpg,1199,1580,1289,1648,object,1920,2560
train_1066.jpg,1683,1391,1780,1601,object,1920,2560
train_1066.jpg,1294,1571,1384,1640,object,1920,2560
train_1066.jpg,644,311,771,658,object,1920,2560
train_1066.jpg,132,1599,260,1676,object,1920,2560
train_1066.jpg,270,1584,398,1661,object,1920,2560
train_1066.jpg,400,1574,519,1647,object,1920,2560
train_1066.jpg,525,1566,641,1635,object,1920,2560
train_1066.jpg,649,1555,766,1628,object,1920,2560
train_1066.jpg,1387,1568,1477,1636,object,1920,2560
train_1066.jpg,1787,1377,1884,1587,object,1920,2560
train_1066.jpg,1481,1554,1570,1622,object,1920,2560
train_1066.jpg,54,1833,129,2081,object,1920,2560
train_1066.jpg,899,327,1016,665,object,1920,2560
train_1066.jpg,0,1850,50,2099,object,1920,2560
train_1066.jpg,1026,369,1165,678,object,1920,2560
train_1066.jpg,1171,368,1306,678,object,1920,2560
train_1066.jpg,930,2021,1045,2217,object,1920,2560
train_1066.jpg,693,2064,808,2260,object,1920,2560
train_1066.jpg,563,2092,687,2290,object,1920,2560
train_1066.jpg,426,2097,558,2309,object,1920,2560
train_1066.jpg,1310,375,1420,677,object,1920,2560
train_1066.jpg,1474,401,1579,687,object,1920,2560
train_1066.jpg,1586,388,1696,687,object,1920,2560
train_1066.jpg,1697,392,1780,693,object,1920,2560
train_1066.jpg,1784,401,1877,698,object,1920,2560
train_1066.jpg,297,2118,424,2328,object,1920,2560
train_1066.jpg,149,2147,293,2362,object,1920,2560
train_1066.jpg,811,2035,926,2231,object,1920,2560
train_1066.jpg,0,2201,58,2398,object,1920,2560
train_1066.jpg,70,2147,134,2328,object,1920,2560
train_1066.jpg,440,1798,562,2017,object,1920,2560
train_1066.jpg,564,1786,694,2001,object,1920,2560
train_1066.jpg,822,1754,935,1957,object,1920,2560
train_1066.jpg,145,1837,284,2072,object,1920,2560
train_1066.jpg,938,1736,1053,1946,object,1920,2560
train_1066.jpg,700,1775,815,1974,object,1920,2560
train_1066.jpg,1182,1693,1255,1877,object,1920,2560
train_1066.jpg,1060,1727,1175,1938,object,1920,2560
train_1066.jpg,1862,1663,1919,1746,object,1920,2560
train_1066.jpg,1862,1747,1921,1825,object,1920,2560
train_1066.jpg,298,1819,437,2054,object,1920,2560
train_1066.jpg,1716,1672,1854,1845,object,1920,2560
train_1066.jpg,1532,1693,1709,1863,object,1920,2560
train_1067.jpg,135,137,254,486,object,1920,2560
train_1067.jpg,0,132,125,470,object,1920,2560
train_1067.jpg,0,709,39,956,object,1920,2560
train_1067.jpg,157,664,206,932,object,1920,2560
train_1067.jpg,350,207,427,487,object,1920,2560
train_1067.jpg,243,662,291,923,object,1920,2560
train_1067.jpg,309,685,355,928,object,1920,2560
train_1067.jpg,364,685,413,957,object,1920,2560
train_1067.jpg,419,725,447,943,object,1920,2560
train_1067.jpg,454,697,507,936,object,1920,2560
train_1067.jpg,46,701,98,960,object,1920,2560
train_1067.jpg,904,699,938,928,object,1920,2560
train_1067.jpg,646,709,707,964,object,1920,2560
train_1067.jpg,736,685,792,965,object,1920,2560
train_1067.jpg,810,691,859,959,object,1920,2560
train_1067.jpg,869,701,899,921,object,1920,2560
train_1067.jpg,947,709,983,926,object,1920,2560
train_1067.jpg,1014,691,1057,924,object,1920,2560
train_1067.jpg,477,2443,783,2492,object,1920,2560
train_1067.jpg,485,2384,785,2442,object,1920,2560
train_1067.jpg,478,2497,774,2556,object,1920,2560
train_1067.jpg,200,2499,470,2560,object,1920,2560
train_1067.jpg,218,2420,474,2497,object,1920,2560
train_1067.jpg,517,698,592,932,object,1920,2560
train_1067.jpg,779,2500,1104,2556,object,1920,2560
train_1067.jpg,609,215,693,494,object,1920,2560
train_1067.jpg,1104,2505,1363,2556,object,1920,2560
train_1067.jpg,0,2411,215,2477,object,1920,2560
train_1067.jpg,705,1770,916,1840,object,1920,2560
train_1067.jpg,1669,180,1808,508,object,1920,2560
train_1067.jpg,1506,171,1664,505,object,1920,2560
train_1067.jpg,1387,184,1507,505,object,1920,2560
train_1067.jpg,1245,177,1382,505,object,1920,2560
train_1067.jpg,1113,168,1241,499,object,1920,2560
train_1067.jpg,1022,271,1112,497,object,1920,2560
train_1067.jpg,940,270,1022,495,object,1920,2560
train_1067.jpg,862,269,939,497,object,1920,2560
train_1067.jpg,776,204,857,493,object,1920,2560
train_1067.jpg,788,2430,1104,2501,object,1920,2560
train_1067.jpg,693,236,775,493,object,1920,2560
train_1067.jpg,427,208,517,493,object,1920,2560
train_1067.jpg,1643,1394,1707,1429,object,1920,2560
train_1067.jpg,1648,1348,1713,1394,object,1920,2560
train_1067.jpg,1640,1029,1717,1069,object,1920,2560
train_1067.jpg,1651,1073,1722,1135,object,1920,2560
train_1067.jpg,1648,1136,1719,1174,object,1920,2560
train_1067.jpg,1656,1305,1717,1343,object,1920,2560
train_1067.jpg,1660,1187,1727,1303,object,1920,2560
train_1067.jpg,1366,2445,1675,2509,object,1920,2560
train_1067.jpg,1370,2510,1678,2560,object,1920,2560
train_1067.jpg,1104,2437,1363,2501,object,1920,2560
train_1067.jpg,525,207,607,493,object,1920,2560
train_1067.jpg,160,2194,436,2266,object,1920,2560
train_1067.jpg,927,1631,1143,1695,object,1920,2560
train_1067.jpg,453,2263,779,2353,object,1920,2560
train_1067.jpg,1010,1009,1049,1233,object,1920,2560
train_1067.jpg,938,1029,963,1231,object,1920,2560
train_1067.jpg,903,1029,936,1233,object,1920,2560
train_1067.jpg,829,1009,869,1257,object,1920,2560
train_1067.jpg,737,1018,775,1276,object,1920,2560
train_1067.jpg,619,1003,669,1284,object,1920,2560
train_1067.jpg,453,1005,505,1272,object,1920,2560
train_1067.jpg,353,1007,415,1264,object,1920,2560
train_1067.jpg,206,985,262,1237,object,1920,2560
train_1067.jpg,36,1032,82,1296,object,1920,2560
train_1067.jpg,4,1358,81,1555,object,1920,2560
train_1067.jpg,78,1356,160,1562,object,1920,2560
train_1067.jpg,168,1307,238,1560,object,1920,2560
train_1067.jpg,975,1981,1241,2047,object,1920,2560
train_1067.jpg,967,2050,1240,2114,object,1920,2560
train_1067.jpg,748,2047,965,2114,object,1920,2560
train_1067.jpg,750,1977,971,2042,object,1920,2560
train_1067.jpg,740,1898,966,1972,object,1920,2560
train_1067.jpg,470,1894,738,1973,object,1920,2560
train_1067.jpg,1120,1032,1143,1233,object,1920,2560
train_1067.jpg,469,1974,744,2043,object,1920,2560
train_1067.jpg,1085,1033,1116,1233,object,1920,2560
train_1067.jpg,1186,1041,1209,1240,object,1920,2560
train_1067.jpg,1159,712,1188,955,object,1920,2560
train_1067.jpg,1221,701,1253,936,object,1920,2560
train_1067.jpg,160,2267,438,2337,object,1920,2560
train_1067.jpg,1311,736,1337,937,object,1920,2560
train_1067.jpg,1339,732,1368,939,object,1920,2560
train_1067.jpg,1390,687,1429,928,object,1920,2560
train_1067.jpg,1468,712,1501,935,object,1920,2560
train_1067.jpg,1515,688,1544,928,object,1920,2560
train_1067.jpg,1570,709,1608,917,object,1920,2560
train_1067.jpg,1656,746,1719,1018,object,1920,2560
train_1067.jpg,1608,1049,1636,1241,object,1920,2560
train_1067.jpg,1586,1043,1609,1241,object,1920,2560
train_1067.jpg,1562,1041,1585,1237,object,1920,2560
train_1067.jpg,1533,1041,1562,1244,object,1920,2560
train_1067.jpg,1489,1057,1515,1249,object,1920,2560
train_1067.jpg,1456,1057,1491,1247,object,1920,2560
train_1067.jpg,1369,1026,1405,1257,object,1920,2560
train_1067.jpg,1308,1027,1335,1249,object,1920,2560
train_1067.jpg,1279,1029,1307,1251,object,1920,2560
train_1067.jpg,1213,1047,1239,1241,object,1920,2560
train_1067.jpg,1108,693,1147,916,object,1920,2560
train_1067.jpg,474,2043,743,2110,object,1920,2560
train_1067.jpg,196,1977,464,2030,object,1920,2560
train_1067.jpg,802,1311,868,1563,object,1920,2560
train_1067.jpg,873,1296,948,1562,object,1920,2560
train_1067.jpg,947,1429,1189,1498,object,1920,2560
train_1067.jpg,947,1499,1186,1560,object,1920,2560
train_1067.jpg,1190,1311,1256,1568,object,1920,2560
train_1067.jpg,1260,1317,1324,1566,object,1920,2560
train_1067.jpg,1327,1319,1391,1572,object,1920,2560
train_1067.jpg,1401,1313,1478,1562,object,1920,2560
train_1067.jpg,1495,1508,1742,1566,object,1920,2560
train_1067.jpg,1483,1436,1742,1507,object,1920,2560
train_1067.jpg,1676,1656,1738,1837,object,1920,2560
train_1067.jpg,1588,1662,1675,1848,object,1920,2560
train_1067.jpg,1517,1660,1589,1840,object,1920,2560
train_1067.jpg,1429,1652,1515,1844,object,1920,2560
train_1067.jpg,1155,1624,1421,1692,object,1920,2560
train_1067.jpg,1159,1695,1422,1760,object,1920,2560
train_1067.jpg,1149,1765,1421,1834,object,1920,2560
train_1067.jpg,917,1769,1139,1840,object,1920,2560
train_1067.jpg,928,1695,1145,1765,object,1920,2560
train_1067.jpg,732,1302,800,1562,object,1920,2560
train_1067.jpg,211,2035,473,2108,object,1920,2560
train_1067.jpg,658,1378,733,1557,object,1920,2560
train_1067.jpg,521,1303,586,1552,object,1920,2560
train_1067.jpg,188,1902,463,1967,object,1920,2560
train_1067.jpg,0,1898,187,1977,object,1920,2560
train_1067.jpg,0,1975,187,2035,object,1920,2560
train_1067.jpg,0,2040,206,2114,object,1920,2560
train_1067.jpg,0,1621,180,1699,object,1920,2560
train_1067.jpg,0,1701,176,1765,object,1920,2560
train_1067.jpg,0,1769,182,1835,object,1920,2560
train_1067.jpg,191,1614,407,1691,object,1920,2560
train_1067.jpg,184,1692,407,1765,object,1920,2560
train_1067.jpg,192,1769,411,1832,object,1920,2560
train_1067.jpg,416,1761,697,1834,object,1920,2560
train_1067.jpg,411,1691,697,1760,object,1920,2560
train_1067.jpg,415,1621,689,1684,object,1920,2560
train_1067.jpg,694,1624,912,1691,object,1920,2560
train_1067.jpg,701,1694,923,1769,object,1920,2560
train_1067.jpg,242,1301,313,1562,object,1920,2560
train_1067.jpg,329,1300,402,1558,object,1920,2560
train_1067.jpg,407,1292,463,1549,object,1920,2560
train_1067.jpg,462,1298,514,1554,object,1920,2560
train_1067.jpg,587,1320,654,1562,object,1920,2560
train_1067.jpg,1065,682,1102,924,object,1920,2560
train_1067.jpg,1253,698,1288,928,object,1920,2560
train_1067.jpg,258,201,348,489,object,1920,2560
train_1067.jpg,975,1906,1240,1977,object,1920,2560
train_1067.jpg,1241,2051,1514,2118,object,1920,2560
train_1067.jpg,1241,1907,1511,1977,object,1920,2560
train_1067.jpg,1511,1906,1787,1976,object,1920,2560
train_1067.jpg,1515,1977,1789,2043,object,1920,2560
train_1067.jpg,1515,2043,1784,2112,object,1920,2560
train_1067.jpg,1323,2176,1640,2233,object,1920,2560
train_1067.jpg,1241,1979,1515,2051,object,1920,2560
train_1067.jpg,1332,2306,1644,2362,object,1920,2560
train_1067.jpg,1652,2311,1717,2376,object,1920,2560
train_1067.jpg,1049,2293,1327,2368,object,1920,2560
train_1067.jpg,1049,2224,1320,2290,object,1920,2560
train_1067.jpg,1045,2155,1319,2221,object,1920,2560
train_1067.jpg,783,2216,1053,2368,object,1920,2560
train_1067.jpg,783,2156,1043,2216,object,1920,2560
train_1067.jpg,1327,2239,1642,2301,object,1920,2560
train_1068.jpg,806,1167,894,1351,object,2448,3264
train_1068.jpg,593,1147,704,1339,object,2448,3264
train_1068.jpg,2376,871,2449,1206,object,2448,3264
train_1068.jpg,690,512,788,760,object,2448,3264
train_1068.jpg,795,516,870,759,object,2448,3264
train_1068.jpg,1174,519,1266,771,object,2448,3264
train_1068.jpg,964,529,1076,759,object,2448,3264
train_1068.jpg,1081,524,1172,773,object,2448,3264
train_1068.jpg,1275,520,1370,769,object,2448,3264
train_1068.jpg,900,1154,1013,1348,object,2448,3264
train_1068.jpg,871,516,962,763,object,2448,3264
train_1068.jpg,1122,1164,1219,1352,object,2448,3264
train_1068.jpg,823,367,949,462,object,2448,3264
train_1068.jpg,97,129,197,455,object,2448,3264
train_1068.jpg,206,125,320,454,object,2448,3264
train_1068.jpg,347,265,418,448,object,2448,3264
train_1068.jpg,424,266,486,444,object,2448,3264
train_1068.jpg,492,197,563,452,object,2448,3264
train_1068.jpg,577,210,635,448,object,2448,3264
train_1068.jpg,642,210,732,455,object,2448,3264
train_1068.jpg,1380,514,1470,767,object,2448,3264
train_1068.jpg,952,179,1045,452,object,2448,3264
train_1068.jpg,1046,177,1134,455,object,2448,3264
train_1068.jpg,1138,299,1210,454,object,2448,3264
train_1068.jpg,1214,314,1282,456,object,2448,3264
train_1068.jpg,0,133,94,457,object,2448,3264
train_1068.jpg,1481,505,1591,767,object,2448,3264
train_1068.jpg,0,968,84,1268,object,2448,3264
train_1068.jpg,1704,544,1789,771,object,2448,3264
train_1068.jpg,2251,880,2371,1198,object,2448,3264
train_1068.jpg,2146,910,2242,1198,object,2448,3264
train_1068.jpg,2025,893,2053,1065,object,2448,3264
train_1068.jpg,1925,839,2021,1068,object,2448,3264
train_1068.jpg,1816,846,1918,1073,object,2448,3264
train_1068.jpg,1678,855,1792,1065,object,2448,3264
train_1068.jpg,1578,855,1656,1061,object,2448,3264
train_1068.jpg,1464,840,1573,1070,object,2448,3264
train_1068.jpg,1352,839,1460,1068,object,2448,3264
train_1068.jpg,1251,855,1350,1065,object,2448,3264
train_1068.jpg,1135,846,1244,1066,object,2448,3264
train_1068.jpg,1033,831,1133,1067,object,2448,3264
train_1068.jpg,920,845,1027,1057,object,2448,3264
train_1068.jpg,775,811,911,1055,object,2448,3264
train_1068.jpg,601,822,722,1061,object,2448,3264
train_1068.jpg,383,930,504,1073,object,2448,3264
train_1068.jpg,383,1081,496,1277,object,2448,3264
train_1068.jpg,210,1056,310,1271,object,2448,3264
train_1068.jpg,89,1003,199,1263,object,2448,3264
train_1068.jpg,1291,209,1402,452,object,2448,3264
train_1068.jpg,2276,494,2450,815,object,2448,3264
train_1068.jpg,2167,499,2275,823,object,2448,3264
train_1068.jpg,2042,507,2166,775,object,2448,3264
train_1068.jpg,1920,516,2038,772,object,2448,3264
train_1068.jpg,1795,517,1913,763,object,2448,3264
train_1068.jpg,1592,510,1702,771,object,2448,3264
train_1068.jpg,0,1711,59,2019,object,2448,3264
train_1068.jpg,65,1732,260,2037,object,2448,3264
train_1068.jpg,1598,157,1716,460,object,2448,3264
train_1068.jpg,295,523,429,851,object,2448,3264
train_1068.jpg,155,544,285,848,object,2448,3264
train_1068.jpg,86,574,152,852,object,2448,3264
train_1068.jpg,1945,1404,2110,1711,object,2448,3264
train_1068.jpg,1594,1413,1774,1703,object,2448,3264
train_1068.jpg,1372,1392,1582,1700,object,2448,3264
train_1068.jpg,432,516,576,853,object,2448,3264
train_1068.jpg,1190,1391,1366,1678,object,2448,3264
train_1068.jpg,888,1383,1044,1674,object,2448,3264
train_1068.jpg,448,1582,615,1645,object,2448,3264
train_1068.jpg,492,1416,660,1497,object,2448,3264
train_1068.jpg,448,1505,626,1576,object,2448,3264
train_1068.jpg,327,1394,439,1638,object,2448,3264
train_1068.jpg,920,2126,1053,2430,object,2448,3264
train_1068.jpg,1053,1388,1178,1685,object,2448,3264
train_1068.jpg,581,509,681,750,object,2448,3264
train_1068.jpg,771,2129,919,2425,object,2448,3264
train_1068.jpg,609,2122,765,2414,object,2448,3264
train_1068.jpg,266,1783,364,2026,object,2448,3264
train_1068.jpg,375,1708,563,2025,object,2448,3264
train_1068.jpg,565,1735,721,2062,object,2448,3264
train_1068.jpg,730,1743,878,2058,object,2448,3264
train_1068.jpg,884,1755,1042,2061,object,2448,3264
train_1068.jpg,1049,1757,1180,2054,object,2448,3264
train_1068.jpg,1186,1767,1339,2064,object,2448,3264
train_1068.jpg,1344,1773,1489,2062,object,2448,3264
train_1068.jpg,1509,1770,1640,2062,object,2448,3264
train_1068.jpg,1650,1767,1798,2078,object,2448,3264
train_1068.jpg,1840,1779,2033,2082,object,2448,3264
train_1068.jpg,0,2074,144,2403,object,2448,3264
train_1068.jpg,145,2082,305,2401,object,2448,3264
train_1068.jpg,311,2138,435,2410,object,2448,3264
train_1068.jpg,440,2122,608,2413,object,2448,3264
train_1068.jpg,1065,2138,1205,2433,object,2448,3264
train_1068.jpg,1497,210,1588,460,object,2448,3264
train_1068.jpg,1214,2142,1374,2455,object,2448,3264
train_1068.jpg,1477,2127,1540,2276,object,2448,3264
train_1068.jpg,1993,1138,2093,1368,object,2448,3264
train_1068.jpg,1860,1141,1986,1360,object,2448,3264
train_1068.jpg,1686,1143,1796,1364,object,2448,3264
train_1068.jpg,1594,1134,1680,1365,object,2448,3264
train_1068.jpg,1509,1137,1595,1360,object,2448,3264
train_1068.jpg,1424,1134,1501,1362,object,2448,3264
train_1068.jpg,2138,1327,2357,1565,object,2448,3264
train_1068.jpg,1327,1138,1419,1352,object,2448,3264
train_1068.jpg,12,569,83,847,object,2448,3264
train_1068.jpg,2292,113,2417,443,object,2448,3264
train_1068.jpg,2159,121,2288,456,object,2448,3264
train_1068.jpg,2013,149,2145,451,object,2448,3264
train_1068.jpg,1860,156,2005,456,object,2448,3264
train_1068.jpg,1719,154,1856,456,object,2448,3264
train_1068.jpg,1219,1162,1322,1360,object,2448,3264
train_1068.jpg,2118,1626,2353,1860,object,2448,3264
train_1068.jpg,2352,1625,2448,1856,object,2448,3264
train_1068.jpg,2090,1949,2218,2160,object,2448,3264
train_1068.jpg,1540,2154,1675,2459,object,2448,3264
train_1068.jpg,1680,2148,1856,2463,object,2448,3264
train_1068.jpg,1872,2170,2009,2461,object,2448,3264
train_1068.jpg,1781,1408,1856,1667,object,2448,3264
train_1068.jpg,182,1465,318,1639,object,2448,3264
train_1068.jpg,93,1370,178,1634,object,2448,3264
train_1068.jpg,0,1408,80,1632,object,2448,3264
train_1068.jpg,2388,2413,2450,2488,object,2448,3264
train_1068.jpg,2265,2405,2382,2491,object,2448,3264
train_1068.jpg,2146,2395,2254,2472,object,2448,3264
train_1068.jpg,2147,2312,2254,2389,object,2448,3264
train_1068.jpg,2040,2403,2148,2480,object,2448,3264
train_1068.jpg,2033,2328,2141,2405,object,2448,3264
train_1068.jpg,2362,1920,2448,2166,object,2448,3264
train_1068.jpg,2223,1950,2358,2159,object,2448,3264
train_1068.jpg,1380,2114,1469,2268,object,2448,3264
train_1068.jpg,1408,210,1493,461,object,2448,3264
train_1069.jpg,1748,1415,1901,1487,object,2560,1920
train_1069.jpg,2347,1638,2420,1827,object,2560,1920
train_1069.jpg,1296,798,1406,867,object,2560,1920
train_1069.jpg,1296,726,1401,795,object,2560,1920
train_1069.jpg,1194,658,1291,859,object,2560,1920
train_1069.jpg,1093,622,1187,855,object,2560,1920
train_1069.jpg,983,649,1087,859,object,2560,1920
train_1069.jpg,886,654,979,855,object,2560,1920
train_1069.jpg,786,654,880,853,object,2560,1920
train_1069.jpg,554,622,775,735,object,2560,1920
train_1069.jpg,562,738,778,856,object,2560,1920
train_1069.jpg,1404,698,1525,787,object,2560,1920
train_1069.jpg,375,759,558,853,object,2560,1920
train_1069.jpg,278,665,369,848,object,2560,1920
train_1069.jpg,72,708,274,960,object,2560,1920
train_1069.jpg,31,459,224,657,object,2560,1920
train_1069.jpg,234,487,470,578,object,2560,1920
train_1069.jpg,227,388,463,484,object,2560,1920
train_1069.jpg,472,468,658,580,object,2560,1920
train_1069.jpg,466,353,663,465,object,2560,1920
train_1069.jpg,677,377,773,477,object,2560,1920
train_1069.jpg,663,480,774,576,object,2560,1920
train_1069.jpg,377,650,548,752,object,2560,1920
train_1069.jpg,1411,789,1533,862,object,2560,1920
train_1069.jpg,1538,777,1696,869,object,2560,1920
train_1069.jpg,1532,685,1689,773,object,2560,1920
train_1069.jpg,1534,1026,1724,1118,object,2560,1920
train_1069.jpg,1534,905,1726,1019,object,2560,1920
train_1069.jpg,1725,1054,1845,1119,object,2560,1920
train_1069.jpg,1728,976,1847,1050,object,2560,1920
train_1069.jpg,1848,1052,1982,1122,object,2560,1920
train_1069.jpg,1852,974,1979,1049,object,2560,1920
train_1069.jpg,1985,1053,2127,1121,object,2560,1920
train_1069.jpg,1984,968,2126,1049,object,2560,1920
train_1069.jpg,2129,1015,2269,1129,object,2560,1920
train_1069.jpg,2273,1056,2403,1123,object,2560,1920
train_1069.jpg,2279,978,2407,1050,object,2560,1920
train_1069.jpg,2410,989,2561,1126,object,2560,1920
train_1069.jpg,2384,691,2475,864,object,2560,1920
train_1069.jpg,2192,690,2288,864,object,2560,1920
train_1069.jpg,2070,613,2185,860,object,2560,1920
train_1069.jpg,1869,755,2063,866,object,2560,1920
train_1069.jpg,1854,634,2037,731,object,2560,1920
train_1069.jpg,1762,669,1849,765,object,2560,1920
train_1069.jpg,1755,772,1865,863,object,2560,1920
train_1069.jpg,1699,763,1753,868,object,2560,1920
train_1069.jpg,1696,669,1760,758,object,2560,1920
train_1069.jpg,784,498,896,585,object,2560,1920
train_1069.jpg,1368,1022,1531,1122,object,2560,1920
train_1069.jpg,775,423,888,496,object,2560,1920
train_1069.jpg,892,384,1069,482,object,2560,1920
train_1069.jpg,1290,18,1376,105,object,2560,1920
train_1069.jpg,1370,109,1445,271,object,2560,1920
train_1069.jpg,1294,109,1366,270,object,2560,1920
train_1069.jpg,1163,193,1284,271,object,2560,1920
train_1069.jpg,1163,113,1287,189,object,2560,1920
train_1069.jpg,1052,178,1158,272,object,2560,1920
train_1069.jpg,1050,76,1159,173,object,2560,1920
train_1069.jpg,999,176,1049,267,object,2560,1920
train_1069.jpg,999,76,1044,173,object,2560,1920
train_1069.jpg,1450,64,1625,162,object,2560,1920
train_1069.jpg,823,171,996,267,object,2560,1920
train_1069.jpg,689,165,821,264,object,2560,1920
train_1069.jpg,677,57,811,158,object,2560,1920
train_1069.jpg,548,174,685,266,object,2560,1920
train_1069.jpg,539,86,674,166,object,2560,1920
train_1069.jpg,353,64,531,166,object,2560,1920
train_1069.jpg,365,170,544,269,object,2560,1920
train_1069.jpg,174,170,358,267,object,2560,1920
train_1069.jpg,168,64,348,164,object,2560,1920
train_1069.jpg,1,53,162,363,object,2560,1920
train_1069.jpg,823,68,994,165,object,2560,1920
train_1069.jpg,1448,172,1615,267,object,2560,1920
train_1069.jpg,1631,80,1716,267,object,2560,1920
train_1069.jpg,1721,154,1907,273,object,2560,1920
train_1069.jpg,1075,486,1252,582,object,2560,1920
train_1069.jpg,1071,373,1252,481,object,2560,1920
train_1069.jpg,1335,509,1490,584,object,2560,1920
train_1069.jpg,1344,421,1497,505,object,2560,1920
train_1069.jpg,1584,377,1769,485,object,2560,1920
train_1069.jpg,1614,488,1790,586,object,2560,1920
train_1069.jpg,1795,347,2049,467,object,2560,1920
train_1069.jpg,1795,470,2035,588,object,2560,1920
train_1069.jpg,2041,480,2188,587,object,2560,1920
train_1069.jpg,2199,409,2357,496,object,2560,1920
train_1069.jpg,2197,503,2345,588,object,2560,1920
train_1069.jpg,2355,498,2514,597,object,2560,1920
train_1069.jpg,2364,392,2531,489,object,2560,1920
train_1069.jpg,2373,59,2551,162,object,2560,1920
train_1069.jpg,2369,166,2547,272,object,2560,1920
train_1069.jpg,2224,185,2353,273,object,2560,1920
train_1069.jpg,2234,90,2363,180,object,2560,1920
train_1069.jpg,2029,170,2217,274,object,2560,1920
train_1069.jpg,2031,57,2226,164,object,2560,1920
train_1069.jpg,1916,10,2016,266,object,2560,1920
train_1069.jpg,1725,18,1907,147,object,2560,1920
train_1069.jpg,901,486,1072,584,object,2560,1920
train_1069.jpg,2429,1701,2509,1838,object,2560,1920
train_1069.jpg,1366,925,1531,1017,object,2560,1920
train_1069.jpg,1206,931,1290,1109,object,2560,1920
train_1069.jpg,406,1491,519,1547,object,2560,1920
train_1069.jpg,400,1415,514,1489,object,2560,1920
train_1069.jpg,523,1493,641,1552,object,2560,1920
train_1069.jpg,519,1432,631,1492,object,2560,1920
train_1069.jpg,644,1489,773,1556,object,2560,1920
train_1069.jpg,634,1415,768,1484,object,2560,1920
train_1069.jpg,775,1487,903,1554,object,2560,1920
train_1069.jpg,772,1411,905,1482,object,2560,1920
train_1069.jpg,907,1409,987,1553,object,2560,1920
train_1069.jpg,139,1335,376,1522,object,2560,1920
train_1069.jpg,989,1489,1118,1553,object,2560,1920
train_1069.jpg,1122,1493,1219,1549,object,2560,1920
train_1069.jpg,1221,1407,1378,1488,object,2560,1920
train_1069.jpg,1223,1490,1379,1563,object,2560,1920
train_1069.jpg,1383,1487,1535,1557,object,2560,1920
train_1069.jpg,1382,1406,1532,1482,object,2560,1920
train_1069.jpg,1536,1395,1633,1555,object,2560,1920
train_1069.jpg,1635,1502,1741,1562,object,2560,1920
train_1069.jpg,1637,1436,1744,1497,object,2560,1920
train_1069.jpg,1750,1489,1900,1569,object,2560,1920
train_1069.jpg,993,1419,1126,1486,object,2560,1920
train_1069.jpg,0,1333,131,1512,object,2560,1920
train_1069.jpg,2,1709,131,1800,object,2560,1920
train_1069.jpg,137,1709,232,1791,object,2560,1920
train_1069.jpg,2281,1729,2345,1834,object,2560,1920
train_1069.jpg,2135,1735,2277,1836,object,2560,1920
train_1069.jpg,2039,1696,2125,1828,object,2560,1920
train_1069.jpg,2024,1628,2112,1683,object,2560,1920
train_1069.jpg,1949,1627,2022,1679,object,2560,1920
train_1069.jpg,1961,1686,2035,1828,object,2560,1920
train_1069.jpg,1864,1705,1959,1828,object,2560,1920
train_1069.jpg,1723,1707,1856,1829,object,2560,1920
train_1069.jpg,1602,1707,1720,1831,object,2560,1920
train_1069.jpg,1485,1736,1596,1827,object,2560,1920
train_1069.jpg,1370,1752,1480,1833,object,2560,1920
train_1069.jpg,1245,1705,1367,1828,object,2560,1920
train_1069.jpg,1157,1649,1238,1823,object,2560,1920
train_1069.jpg,1042,1666,1155,1811,object,2560,1920
train_1069.jpg,923,1703,1039,1812,object,2560,1920
train_1069.jpg,802,1662,919,1816,object,2560,1920
train_1069.jpg,671,1645,800,1808,object,2560,1920
train_1069.jpg,542,1637,665,1802,object,2560,1920
train_1069.jpg,437,1641,535,1802,object,2560,1920
train_1069.jpg,330,1700,430,1801,object,2560,1920
train_1069.jpg,234,1696,327,1792,object,2560,1920
train_1069.jpg,1904,1516,2019,1571,object,2560,1920
train_1069.jpg,1294,931,1365,1095,object,2560,1920
train_1069.jpg,1903,1456,2021,1512,object,2560,1920
train_1069.jpg,2127,1446,2256,1508,object,2560,1920
train_1069.jpg,609,1268,754,1336,object,2560,1920
train_1069.jpg,605,1190,751,1263,object,2560,1920
train_1069.jpg,501,1254,604,1331,object,2560,1920
train_1069.jpg,494,1171,602,1250,object,2560,1920
train_1069.jpg,398,1155,489,1238,object,2560,1920
train_1069.jpg,382,1259,498,1324,object,2560,1920
train_1069.jpg,1,1022,148,1274,object,2560,1920
train_1069.jpg,197,1161,386,1228,object,2560,1920
train_1069.jpg,355,921,481,1007,object,2560,1920
train_1069.jpg,757,1190,883,1264,object,2560,1920
train_1069.jpg,324,1013,451,1102,object,2560,1920
train_1069.jpg,564,1019,679,1101,object,2560,1920
train_1069.jpg,595,919,679,1000,object,2560,1920
train_1069.jpg,685,1040,815,1106,object,2560,1920
train_1069.jpg,681,968,812,1035,object,2560,1920
train_1069.jpg,817,1029,973,1110,object,2560,1920
train_1069.jpg,814,937,972,1025,object,2560,1920
train_1069.jpg,976,1043,1118,1116,object,2560,1920
train_1069.jpg,972,964,1119,1040,object,2560,1920
train_1069.jpg,1124,933,1200,1111,object,2560,1920
train_1069.jpg,513,987,561,1065,object,2560,1920
train_1069.jpg,2129,1512,2248,1573,object,2560,1920
train_1069.jpg,759,1268,887,1334,object,2560,1920
train_1069.jpg,890,1264,1067,1343,object,2560,1920
train_1069.jpg,2261,1430,2363,1511,object,2560,1920
train_1069.jpg,2254,1516,2352,1566,object,2560,1920
train_1069.jpg,2359,1518,2501,1568,object,2560,1920
train_1069.jpg,2369,1444,2507,1514,object,2560,1920
train_1069.jpg,2458,1257,2560,1365,object,2560,1920
train_1069.jpg,2318,1295,2446,1353,object,2560,1920
train_1069.jpg,2323,1232,2453,1292,object,2560,1920
train_1069.jpg,2094,1294,2210,1361,object,2560,1920
train_1069.jpg,2092,1219,2209,1289,object,2560,1920
train_1069.jpg,886,1165,1067,1257,object,2560,1920
train_1069.jpg,1920,1245,2085,1353,object,2560,1920
train_1069.jpg,1766,1196,1917,1273,object,2560,1920
train_1069.jpg,1599,1278,1758,1350,object,2560,1920
train_1069.jpg,1596,1194,1760,1273,object,2560,1920
train_1069.jpg,1477,1286,1592,1344,object,2560,1920
train_1069.jpg,1475,1216,1595,1280,object,2560,1920
train_1069.jpg,1354,1280,1470,1342,object,2560,1920
train_1069.jpg,1350,1202,1472,1276,object,2560,1920
train_1069.jpg,1255,1165,1347,1336,object,2560,1920
train_1069.jpg,1167,1153,1252,1336,object,2560,1920
train_1069.jpg,1071,1145,1163,1334,object,2560,1920
train_1069.jpg,1764,1278,1918,1355,object,2560,1920
train_1069.jpg,2025,1502,2126,1568,object,2560,1920
train_107.jpg,1100,799,1161,1033,object,1920,2560
train_107.jpg,955,921,1079,1053,object,1920,2560
train_107.jpg,469,1511,560,1752,object,1920,2560
train_107.jpg,1867,121,1922,372,object,1920,2560
train_107.jpg,1799,102,1855,376,object,1920,2560
train_107.jpg,1736,94,1797,366,object,1920,2560
train_107.jpg,1579,90,1726,362,object,1920,2560
train_107.jpg,1448,106,1566,352,object,1920,2560
train_107.jpg,1342,78,1417,349,object,1920,2560
train_107.jpg,1242,94,1327,337,object,1920,2560
train_107.jpg,1050,43,1217,322,object,1920,2560
train_107.jpg,985,172,1041,323,object,1920,2560
train_107.jpg,875,211,955,316,object,1920,2560
train_107.jpg,862,94,943,199,object,1920,2560
train_107.jpg,1633,536,1699,716,object,1920,2560
train_107.jpg,694,86,857,290,object,1920,2560
train_107.jpg,417,55,489,282,object,1920,2560
train_107.jpg,321,20,407,272,object,1920,2560
train_107.jpg,220,16,294,280,object,1920,2560
train_107.jpg,98,20,215,273,object,1920,2560
train_107.jpg,235,1879,297,2093,object,1920,2560
train_107.jpg,308,1863,372,2081,object,1920,2560
train_107.jpg,384,1855,462,2051,object,1920,2560
train_107.jpg,467,1816,536,2037,object,1920,2560
train_107.jpg,557,1781,638,2010,object,1920,2560
train_107.jpg,647,1769,744,1990,object,1920,2560
train_107.jpg,771,1746,881,1963,object,1920,2560
train_107.jpg,504,117,681,293,object,1920,2560
train_107.jpg,896,1785,998,1935,object,1920,2560
train_107.jpg,1546,481,1601,715,object,1920,2560
train_107.jpg,1405,474,1469,712,object,1920,2560
train_107.jpg,544,427,605,720,object,1920,2560
train_107.jpg,622,481,701,720,object,1920,2560
train_107.jpg,732,426,795,705,object,1920,2560
train_107.jpg,826,519,885,716,object,1920,2560
train_107.jpg,896,494,953,716,object,1920,2560
train_107.jpg,967,481,1042,712,object,1920,2560
train_107.jpg,1069,490,1128,720,object,1920,2560
train_107.jpg,1155,479,1225,720,object,1920,2560
train_107.jpg,1241,464,1303,716,object,1920,2560
train_107.jpg,114,2008,219,2115,object,1920,2560
train_107.jpg,105,1877,211,1996,object,1920,2560
train_107.jpg,1482,474,1538,724,object,1920,2560
train_107.jpg,3,1910,86,2045,object,1920,2560
train_107.jpg,27,2212,143,2443,object,1920,2560
train_107.jpg,282,2161,338,2388,object,1920,2560
train_107.jpg,368,2140,435,2356,object,1920,2560
train_107.jpg,454,2098,542,2309,object,1920,2560
train_107.jpg,564,2078,650,2294,object,1920,2560
train_107.jpg,665,2155,758,2259,object,1920,2560
train_107.jpg,783,2107,844,2235,object,1920,2560
train_107.jpg,856,2039,925,2194,object,1920,2560
train_107.jpg,959,2039,1014,2161,object,1920,2560
train_107.jpg,1053,1982,1103,2153,object,1920,2560
train_107.jpg,1319,489,1401,720,object,1920,2560
train_107.jpg,8,2054,72,2153,object,1920,2560
train_107.jpg,1011,1761,1096,1912,object,1920,2560
train_107.jpg,1111,1699,1155,1899,object,1920,2560
train_107.jpg,1160,1668,1221,1887,object,1920,2560
train_107.jpg,1362,1410,1425,1585,object,1920,2560
train_107.jpg,1276,1431,1345,1605,object,1920,2560
train_107.jpg,1186,1444,1267,1613,object,1920,2560
train_107.jpg,1084,1442,1172,1621,object,1920,2560
train_107.jpg,1018,1437,1076,1636,object,1920,2560
train_107.jpg,936,1456,1004,1660,object,1920,2560
train_107.jpg,857,1457,926,1687,object,1920,2560
train_107.jpg,779,1456,853,1691,object,1920,2560
train_107.jpg,677,1464,755,1699,object,1920,2560
train_107.jpg,591,1478,658,1719,object,1920,2560
train_107.jpg,1115,1116,1174,1335,object,1920,2560
train_107.jpg,1444,1402,1502,1570,object,1920,2560
train_107.jpg,390,1523,470,1762,object,1920,2560
train_107.jpg,197,1523,294,1767,object,1920,2560
train_107.jpg,84,1542,176,1815,object,1920,2560
train_107.jpg,2,1327,184,1495,object,1920,2560
train_107.jpg,222,1350,313,1458,object,1920,2560
train_107.jpg,331,1206,403,1436,object,1920,2560
train_107.jpg,416,1170,501,1416,object,1920,2560
train_107.jpg,536,1210,591,1419,object,1920,2560
train_107.jpg,614,1166,697,1400,object,1920,2560
train_107.jpg,702,1174,763,1397,object,1920,2560
train_107.jpg,784,1182,865,1378,object,1920,2560
train_107.jpg,878,1174,955,1373,object,1920,2560
train_107.jpg,311,1554,372,1773,object,1920,2560
train_107.jpg,1519,1391,1583,1546,object,1920,2560
train_107.jpg,1593,1386,1657,1534,object,1920,2560
train_107.jpg,1664,1419,1726,1687,object,1920,2560
train_107.jpg,1222,1671,1264,1872,object,1920,2560
train_107.jpg,1275,1648,1315,1861,object,1920,2560
train_107.jpg,1174,793,1251,1037,object,1920,2560
train_107.jpg,1260,789,1336,1041,object,1920,2560
train_107.jpg,1341,784,1397,1027,object,1920,2560
train_107.jpg,1421,784,1480,1018,object,1920,2560
train_107.jpg,1499,791,1570,1010,object,1920,2560
train_107.jpg,1567,1108,1660,1275,object,1920,2560
train_107.jpg,1437,1127,1546,1289,object,1920,2560
train_107.jpg,1289,1182,1397,1309,object,1920,2560
train_107.jpg,1209,1116,1268,1325,object,1920,2560
train_107.jpg,1123,1956,1174,2110,object,1920,2560
train_107.jpg,1194,1942,1269,2094,object,1920,2560
train_107.jpg,1288,1924,1347,2082,object,1920,2560
train_107.jpg,1358,1898,1415,2051,object,1920,2560
train_107.jpg,1421,1890,1466,2035,object,1920,2560
train_107.jpg,1476,1873,1538,2016,object,1920,2560
train_107.jpg,1581,1837,1616,1985,object,1920,2560
train_107.jpg,1630,1811,1680,1986,object,1920,2560
train_107.jpg,1699,1794,1741,1875,object,1920,2560
train_107.jpg,1679,1898,1737,1985,object,1920,2560
train_107.jpg,1750,1789,1798,1961,object,1920,2560
train_107.jpg,1805,1770,1886,1953,object,1920,2560
train_107.jpg,1824,1412,1913,1652,object,1920,2560
train_107.jpg,1746,1413,1810,1671,object,1920,2560
train_107.jpg,419,476,510,720,object,1920,2560
train_107.jpg,971,1139,1033,1349,object,1920,2560
train_107.jpg,1044,1147,1104,1349,object,1920,2560
train_107.jpg,1447,1617,1519,1806,object,1920,2560
train_107.jpg,615,791,688,1080,object,1920,2560
train_107.jpg,705,799,784,1065,object,1920,2560
train_107.jpg,814,865,916,1069,object,1920,2560
train_107.jpg,1320,1636,1378,1838,object,1920,2560
train_107.jpg,1383,1624,1444,1820,object,1920,2560
train_107.jpg,254,843,361,1100,object,1920,2560
train_107.jpg,1520,1613,1574,1796,object,1920,2560
train_107.jpg,1577,1601,1636,1784,object,1920,2560
train_107.jpg,1835,1120,1895,1343,object,1920,2560
train_107.jpg,1715,546,1844,880,object,1920,2560
train_107.jpg,1677,908,1801,971,object,1920,2560
train_107.jpg,1686,986,1805,1054,object,1920,2560
train_107.jpg,497,860,586,1088,object,1920,2560
train_107.jpg,1691,1065,1816,1121,object,1920,2560
train_107.jpg,137,827,226,1096,object,1920,2560
train_107.jpg,4,846,96,1120,object,1920,2560
train_107.jpg,117,499,279,705,object,1920,2560
train_107.jpg,305,451,384,712,object,1920,2560
train_107.jpg,1710,1143,1816,1256,object,1920,2560
train_107.jpg,399,809,490,1100,object,1920,2560
train_1070.jpg,313,743,370,900,object,1920,2560
train_1070.jpg,266,744,309,894,object,1920,2560
train_1070.jpg,321,585,378,732,object,1920,2560
train_1070.jpg,270,607,314,734,object,1920,2560
train_1070.jpg,106,638,178,892,object,1920,2560
train_1070.jpg,70,696,100,892,object,1920,2560
train_1070.jpg,0,712,66,889,object,1920,2560
train_1070.jpg,1777,63,1894,478,object,1920,2560
train_1070.jpg,59,1307,99,1460,object,1920,2560
train_1070.jpg,395,744,448,905,object,1920,2560
train_1070.jpg,454,747,502,908,object,1920,2560
train_1070.jpg,0,1296,50,1465,object,1920,2560
train_1070.jpg,556,622,617,912,object,1920,2560
train_1070.jpg,618,622,691,927,object,1920,2560
train_1070.jpg,693,633,754,928,object,1920,2560
train_1070.jpg,767,838,877,936,object,1920,2560
train_1070.jpg,881,622,954,936,object,1920,2560
train_1070.jpg,955,622,1045,948,object,1920,2560
train_1070.jpg,1049,652,1125,950,object,1920,2560
train_1070.jpg,1132,838,1253,956,object,1920,2560
train_1070.jpg,1296,701,1367,978,object,1920,2560
train_1070.jpg,1656,60,1778,481,object,1920,2560
train_1070.jpg,1542,110,1643,480,object,1920,2560
train_1070.jpg,254,133,390,242,object,1920,2560
train_1070.jpg,1213,419,1357,488,object,1920,2560
train_1070.jpg,595,2188,747,2360,object,1920,2560
train_1070.jpg,755,2149,880,2413,object,1920,2560
train_1070.jpg,896,2270,1032,2461,object,1920,2560
train_1070.jpg,1045,2208,1114,2491,object,1920,2560
train_1070.jpg,1213,2294,1385,2553,object,1920,2560
train_1070.jpg,1587,2376,1765,2560,object,1920,2560
train_1070.jpg,31,254,124,351,object,1920,2560
train_1070.jpg,19,356,118,441,object,1920,2560
train_1070.jpg,125,207,182,481,object,1920,2560
train_1070.jpg,215,207,257,500,object,1920,2560
train_1070.jpg,278,360,400,497,object,1920,2560
train_1070.jpg,267,246,399,344,object,1920,2560
train_1070.jpg,1394,853,1459,970,object,1920,2560
train_1070.jpg,442,227,524,508,object,1920,2560
train_1070.jpg,532,395,601,505,object,1920,2560
train_1070.jpg,611,277,690,505,object,1920,2560
train_1070.jpg,689,192,800,507,object,1920,2560
train_1070.jpg,810,182,891,501,object,1920,2560
train_1070.jpg,896,176,984,508,object,1920,2560
train_1070.jpg,986,169,1067,509,object,1920,2560
train_1070.jpg,1080,164,1206,493,object,1920,2560
train_1070.jpg,1366,419,1516,485,object,1920,2560
train_1070.jpg,1484,724,1561,971,object,1920,2560
train_1070.jpg,505,740,554,906,object,1920,2560
train_1070.jpg,1571,849,1699,976,object,1920,2560
train_1070.jpg,748,1679,793,1955,object,1920,2560
train_1070.jpg,681,1681,744,1934,object,1920,2560
train_1070.jpg,626,1648,669,1912,object,1920,2560
train_1070.jpg,565,1646,627,1898,object,1920,2560
train_1070.jpg,501,1640,561,1886,object,1920,2560
train_1070.jpg,406,1777,497,1871,object,1920,2560
train_1070.jpg,1757,1311,1855,1415,object,1920,2560
train_1070.jpg,360,1644,403,1851,object,1920,2560
train_1070.jpg,1566,705,1689,842,object,1920,2560
train_1070.jpg,227,1621,263,1817,object,1920,2560
train_1070.jpg,145,1699,223,1792,object,1920,2560
train_1070.jpg,133,1597,220,1697,object,1920,2560
train_1070.jpg,63,1648,127,1769,object,1920,2560
train_1070.jpg,0,1609,63,1758,object,1920,2560
train_1070.jpg,1816,1695,1920,1835,object,1920,2560
train_1070.jpg,1658,1648,1777,1735,object,1920,2560
train_1070.jpg,1820,1538,1922,1675,object,1920,2560
train_1070.jpg,102,1319,161,1477,object,1920,2560
train_1070.jpg,168,1409,246,1495,object,1920,2560
train_1070.jpg,247,1331,326,1512,object,1920,2560
train_1070.jpg,329,1351,382,1515,object,1920,2560
train_1070.jpg,388,1362,436,1542,object,1920,2560
train_1070.jpg,438,1369,502,1554,object,1920,2560
train_1070.jpg,799,1691,884,1965,object,1920,2560
train_1070.jpg,505,1350,572,1571,object,1920,2560
train_1070.jpg,665,1499,757,1602,object,1920,2560
train_1070.jpg,763,1384,854,1609,object,1920,2560
train_1070.jpg,865,1374,965,1650,object,1920,2560
train_1070.jpg,1037,1480,1316,1718,object,1920,2560
train_1070.jpg,1339,1621,1438,1734,object,1920,2560
train_1070.jpg,1464,1534,1528,1757,object,1920,2560
train_1070.jpg,575,1352,648,1581,object,1920,2560
train_1070.jpg,920,1855,1019,2000,object,1920,2560
train_1070.jpg,266,1609,327,1828,object,1920,2560
train_1070.jpg,407,1683,493,1779,object,1920,2560
train_1070.jpg,478,1116,599,1257,object,1920,2560
train_1070.jpg,638,1049,731,1265,object,1920,2560
train_1070.jpg,779,1069,857,1291,object,1920,2560
train_1070.jpg,857,1107,925,1307,object,1920,2560
train_1070.jpg,928,1206,1017,1316,object,1920,2560
train_1070.jpg,1026,1057,1114,1319,object,1920,2560
train_1070.jpg,1029,1918,1131,2039,object,1920,2560
train_1070.jpg,1196,1237,1303,1349,object,1920,2560
train_1070.jpg,1315,1104,1408,1364,object,1920,2560
train_1070.jpg,1637,1093,1754,1405,object,1920,2560
train_1070.jpg,388,1003,473,1239,object,1920,2560
train_1070.jpg,309,1002,385,1230,object,1920,2560
train_1070.jpg,1538,1092,1626,1392,object,1920,2560
train_1070.jpg,106,1011,148,1198,object,1920,2560
train_1070.jpg,27,1002,100,1189,object,1920,2560
train_1070.jpg,1143,1914,1362,2093,object,1920,2560
train_1070.jpg,1526,2027,1781,2161,object,1920,2560
train_1070.jpg,1703,767,1872,983,object,1920,2560
train_1070.jpg,1793,1945,1918,2229,object,1920,2560
train_1070.jpg,458,2137,591,2309,object,1920,2560
train_1070.jpg,395,2012,450,2249,object,1920,2560
train_1070.jpg,35,2039,125,2139,object,1920,2560
train_1070.jpg,129,2055,206,2166,object,1920,2560
train_1070.jpg,215,2063,302,2201,object,1920,2560
train_1070.jpg,153,1006,234,1211,object,1920,2560
train_1070.jpg,305,2109,390,2219,object,1920,2560
train_1071.jpg,1273,2680,1360,2970,object,2448,3264
train_1071.jpg,1607,2661,1713,2955,object,2448,3264
train_1071.jpg,1487,2665,1587,2965,object,2448,3264
train_1071.jpg,1717,2655,1829,2937,object,2448,3264
train_1071.jpg,1862,2662,1983,2940,object,2448,3264
train_1071.jpg,1991,2655,2085,2977,object,2448,3264
train_1071.jpg,2091,2675,2213,2965,object,2448,3264
train_1071.jpg,1153,2686,1255,2960,object,2448,3264
train_1071.jpg,2221,2675,2323,2957,object,2448,3264
train_1071.jpg,2331,2658,2450,2960,object,2448,3264
train_1071.jpg,1372,2663,1476,2965,object,2448,3264
train_1071.jpg,1048,2685,1148,2959,object,2448,3264
train_1071.jpg,1607,2376,1711,2613,object,2448,3264
train_1071.jpg,569,2765,781,2949,object,2448,3264
train_1071.jpg,1077,2381,1223,2510,object,2448,3264
train_1071.jpg,1073,2514,1219,2630,object,2448,3264
train_1071.jpg,883,2411,1061,2608,object,2448,3264
train_1071.jpg,699,2414,864,2615,object,2448,3264
train_1071.jpg,524,2411,688,2606,object,2448,3264
train_1071.jpg,394,2425,520,2620,object,2448,3264
train_1071.jpg,260,2416,385,2623,object,2448,3264
train_1071.jpg,799,2799,1044,2955,object,2448,3264
train_1071.jpg,20,2505,248,2687,object,2448,3264
train_1071.jpg,1832,2376,1925,2613,object,2448,3264
train_1071.jpg,1926,2388,2048,2615,object,2448,3264
train_1071.jpg,2061,2381,2133,2622,object,2448,3264
train_1071.jpg,2141,2389,2259,2620,object,2448,3264
train_1071.jpg,2266,2386,2372,2631,object,2448,3264
train_1071.jpg,2381,2387,2452,2620,object,2448,3264
train_1071.jpg,220,2752,419,2940,object,2448,3264
train_1071.jpg,1717,2381,1829,2610,object,2448,3264
train_1071.jpg,5,2755,207,2949,object,2448,3264
train_1071.jpg,1158,1694,1322,1931,object,2448,3264
train_1071.jpg,2341,2036,2448,2326,object,2448,3264
train_1071.jpg,1447,862,1599,1078,object,2448,3264
train_1071.jpg,1607,845,1761,1065,object,2448,3264
train_1071.jpg,1767,679,1992,1068,object,2448,3264
train_1071.jpg,2006,820,2174,1080,object,2448,3264
train_1071.jpg,2186,678,2366,1073,object,2448,3264
train_1071.jpg,1991,694,2181,814,object,2448,3264
train_1071.jpg,1323,739,1452,794,object,2448,3264
train_1071.jpg,20,2221,240,2411,object,2448,3264
train_1071.jpg,1462,749,1616,841,object,2448,3264
train_1071.jpg,5,1138,179,1310,object,2448,3264
train_1071.jpg,2,1318,180,1479,object,2448,3264
train_1071.jpg,339,1208,499,1501,object,2448,3264
train_1071.jpg,684,1203,829,1498,object,2448,3264
train_1071.jpg,833,1217,977,1512,object,2448,3264
train_1071.jpg,988,1218,1134,1513,object,2448,3264
train_1071.jpg,1138,1203,1270,1512,object,2448,3264
train_1071.jpg,1293,1208,1428,1521,object,2448,3264
train_1071.jpg,1318,848,1443,1074,object,2448,3264
train_1071.jpg,1437,1321,1551,1512,object,2448,3264
train_1071.jpg,1168,854,1296,1068,object,2448,3264
train_1071.jpg,888,836,986,1068,object,2448,3264
train_1071.jpg,110,329,363,413,object,2448,3264
train_1071.jpg,5,429,211,613,object,2448,3264
train_1071.jpg,225,443,492,609,object,2448,3264
train_1071.jpg,504,55,758,618,object,2448,3264
train_1071.jpg,804,36,1009,619,object,2448,3264
train_1071.jpg,1013,294,1229,636,object,2448,3264
train_1071.jpg,1248,303,1435,629,object,2448,3264
train_1071.jpg,1447,319,1705,617,object,2448,3264
train_1071.jpg,1717,349,2026,619,object,2448,3264
train_1071.jpg,2111,349,2391,635,object,2448,3264
train_1071.jpg,10,883,124,1053,object,2448,3264
train_1071.jpg,160,788,248,1043,object,2448,3264
train_1071.jpg,260,789,375,1058,object,2448,3264
train_1071.jpg,384,802,500,1053,object,2448,3264
train_1071.jpg,509,799,629,1060,object,2448,3264
train_1071.jpg,643,845,751,1063,object,2448,3264
train_1071.jpg,759,833,872,1067,object,2448,3264
train_1071.jpg,1018,833,1162,1069,object,2448,3264
train_1071.jpg,1652,1198,1836,1360,object,2448,3264
train_1071.jpg,1308,799,1452,840,object,2448,3264
train_1071.jpg,1857,1133,2050,1528,object,2448,3264
train_1071.jpg,17,1946,225,2130,object,2448,3264
train_1071.jpg,250,2026,379,2308,object,2448,3264
train_1071.jpg,389,2019,537,2311,object,2448,3264
train_1071.jpg,549,2061,673,2303,object,2448,3264
train_1071.jpg,689,2080,801,2306,object,2448,3264
train_1071.jpg,804,2076,933,2308,object,2448,3264
train_1071.jpg,953,2075,1073,2311,object,2448,3264
train_1071.jpg,1073,2066,1213,2294,object,2448,3264
train_1071.jpg,1233,2022,1360,2326,object,2448,3264
train_1071.jpg,1650,1362,1842,1522,object,2448,3264
train_1071.jpg,1527,2028,1659,2316,object,2448,3264
train_1071.jpg,1732,1996,1832,2324,object,2448,3264
train_1071.jpg,1837,2014,1942,2326,object,2448,3264
train_1071.jpg,1946,2031,2028,2329,object,2448,3264
train_1071.jpg,2030,2047,2122,2329,object,2448,3264
train_1071.jpg,2131,2046,2217,2322,object,2448,3264
train_1071.jpg,2216,2058,2320,2326,object,2448,3264
train_1071.jpg,2296,1627,2449,1964,object,2448,3264
train_1071.jpg,2046,1601,2280,1936,object,2448,3264
train_1071.jpg,1372,2026,1516,2318,object,2448,3264
train_1071.jpg,1762,1701,1892,1926,object,2448,3264
train_1071.jpg,1897,1692,2038,1937,object,2448,3264
train_1071.jpg,2057,1244,2205,1525,object,2448,3264
train_1071.jpg,2211,1233,2353,1526,object,2448,3264
train_1071.jpg,15,1672,163,1836,object,2448,3264
train_1071.jpg,364,1629,534,1926,object,2448,3264
train_1071.jpg,564,1597,658,1865,object,2448,3264
train_1071.jpg,674,1671,792,1916,object,2448,3264
train_1071.jpg,794,1667,931,1928,object,2448,3264
train_1071.jpg,205,1632,350,1931,object,2448,3264
train_1071.jpg,1033,1667,1151,1932,object,2448,3264
train_1071.jpg,1333,1697,1478,1942,object,2448,3264
train_1071.jpg,1480,1696,1594,1937,object,2448,3264
train_1071.jpg,1183,1557,1317,1649,object,2448,3264
train_1071.jpg,1323,1563,1458,1657,object,2448,3264
train_1071.jpg,1467,1557,1597,1671,object,2448,3264
train_1071.jpg,948,1660,1018,1902,object,2448,3264
train_1071.jpg,1617,1687,1751,1926,object,2448,3264
train_1072.jpg,541,2586,649,2888,object,2448,3264
train_1072.jpg,362,2735,535,2891,object,2448,3264
train_1072.jpg,175,2810,359,2909,object,2448,3264
train_1072.jpg,171,2706,355,2799,object,2448,3264
train_1072.jpg,2252,2297,2330,2456,object,2448,3264
train_1072.jpg,2344,2307,2423,2473,object,2448,3264
train_1072.jpg,2177,2302,2245,2460,object,2448,3264
train_1072.jpg,2157,2544,2227,2755,object,2448,3264
train_1072.jpg,2028,2335,2084,2456,object,2448,3264
train_1072.jpg,0,2756,169,2913,object,2448,3264
train_1072.jpg,2065,2548,2148,2760,object,2448,3264
train_1072.jpg,1049,2565,1157,2820,object,2448,3264
train_1072.jpg,654,379,797,466,object,2448,3264
train_1072.jpg,1719,2573,1801,2790,object,2448,3264
train_1072.jpg,1628,2573,1706,2791,object,2448,3264
train_1072.jpg,1549,2572,1624,2806,object,2448,3264
train_1072.jpg,1461,2590,1544,2810,object,2448,3264
train_1072.jpg,1328,2577,1427,2797,object,2448,3264
train_1072.jpg,1162,2556,1261,2806,object,2448,3264
train_1072.jpg,808,2548,904,2820,object,2448,3264
train_1072.jpg,687,2565,786,2852,object,2448,3264
train_1072.jpg,1957,2340,2012,2466,object,2448,3264
train_1072.jpg,1886,2556,1966,2773,object,2448,3264
train_1072.jpg,1873,2321,1940,2477,object,2448,3264
train_1072.jpg,1807,2559,1879,2785,object,2448,3264
train_1072.jpg,1632,2315,1754,2474,object,2448,3264
train_1072.jpg,783,771,961,953,object,2448,3264
train_1072.jpg,970,766,1077,954,object,2448,3264
train_1072.jpg,1087,758,1191,966,object,2448,3264
train_1072.jpg,1195,766,1302,963,object,2448,3264
train_1072.jpg,1316,745,1431,966,object,2448,3264
train_1072.jpg,1436,741,1548,965,object,2448,3264
train_1072.jpg,1553,755,1654,962,object,2448,3264
train_1072.jpg,1761,768,1886,970,object,2448,3264
train_1072.jpg,1890,620,2010,684,object,2448,3264
train_1072.jpg,1878,695,1996,751,object,2448,3264
train_1072.jpg,1894,758,1996,973,object,2448,3264
train_1072.jpg,1998,753,2119,970,object,2448,3264
train_1072.jpg,2123,734,2221,974,object,2448,3264
train_1072.jpg,2315,699,2448,962,object,2448,3264
train_1072.jpg,162,1062,380,1247,object,2448,3264
train_1072.jpg,383,1067,578,1245,object,2448,3264
train_1072.jpg,754,1070,948,1248,object,2448,3264
train_1072.jpg,587,1320,773,1494,object,2448,3264
train_1072.jpg,400,1311,588,1497,object,2448,3264
train_1072.jpg,204,1311,393,1491,object,2448,3264
train_1072.jpg,0,1311,188,1491,object,2448,3264
train_1072.jpg,2319,1087,2450,1273,object,2448,3264
train_1072.jpg,2198,1091,2316,1277,object,2448,3264
train_1072.jpg,545,764,734,954,object,2448,3264
train_1072.jpg,2069,1004,2197,1278,object,2448,3264
train_1072.jpg,1774,1089,1895,1286,object,2448,3264
train_1072.jpg,1624,1004,1771,1274,object,2448,3264
train_1072.jpg,1461,1011,1603,1278,object,2448,3264
train_1072.jpg,1341,1116,1450,1280,object,2448,3264
train_1072.jpg,1199,999,1335,1274,object,2448,3264
train_1072.jpg,962,1003,1119,1284,object,2448,3264
train_1072.jpg,1907,1003,2057,1278,object,2448,3264
train_1072.jpg,316,1553,494,1715,object,2448,3264
train_1072.jpg,337,759,532,945,object,2448,3264
train_1072.jpg,2219,314,2306,520,object,2448,3264
train_1072.jpg,649,279,790,375,object,2448,3264
train_1072.jpg,520,278,643,462,object,2448,3264
train_1072.jpg,329,162,512,456,object,2448,3264
train_1072.jpg,266,309,329,466,object,2448,3264
train_1072.jpg,192,179,260,458,object,2448,3264
train_1072.jpg,100,258,181,450,object,2448,3264
train_1072.jpg,21,258,100,447,object,2448,3264
train_1072.jpg,804,396,912,480,object,2448,3264
train_1072.jpg,920,396,1043,478,object,2448,3264
train_1072.jpg,916,316,1029,393,object,2448,3264
train_1072.jpg,903,258,1004,308,object,2448,3264
train_1072.jpg,1012,179,1142,248,object,2448,3264
train_1072.jpg,1032,250,1152,324,object,2448,3264
train_1072.jpg,1041,329,1150,410,object,2448,3264
train_1072.jpg,1045,416,1151,485,object,2448,3264
train_1072.jpg,1153,316,1272,487,object,2448,3264
train_1072.jpg,1278,266,1362,493,object,2448,3264
train_1072.jpg,2132,249,2217,516,object,2448,3264
train_1072.jpg,2015,450,2119,513,object,2448,3264
train_1072.jpg,2009,372,2114,437,object,2448,3264
train_1072.jpg,1936,212,2008,504,object,2448,3264
train_1072.jpg,1786,312,1891,359,object,2448,3264
train_1072.jpg,1782,362,1892,405,object,2448,3264
train_1072.jpg,129,741,331,942,object,2448,3264
train_1072.jpg,1807,413,1923,504,object,2448,3264
train_1072.jpg,1674,366,1771,429,object,2448,3264
train_1072.jpg,1665,279,1770,364,object,2448,3264
train_1072.jpg,1570,223,1666,500,object,2448,3264
train_1072.jpg,1445,420,1552,492,object,2448,3264
train_1072.jpg,1440,325,1554,414,object,2448,3264
train_1072.jpg,1366,280,1429,491,object,2448,3264
train_1072.jpg,1674,429,1782,506,object,2448,3264
train_1072.jpg,508,1557,677,1734,object,2448,3264
train_1072.jpg,683,1561,848,1733,object,2448,3264
train_1072.jpg,974,1386,1105,1617,object,2448,3264
train_1072.jpg,475,2086,589,2267,object,2448,3264
train_1072.jpg,595,2094,717,2259,object,2448,3264
train_1072.jpg,733,2102,792,2242,object,2448,3264
train_1072.jpg,799,2077,882,2239,object,2448,3264
train_1072.jpg,891,2082,962,2246,object,2448,3264
train_1072.jpg,970,2057,1031,2210,object,2448,3264
train_1072.jpg,1041,1961,1105,2202,object,2448,3264
train_1072.jpg,1120,1962,1167,2198,object,2448,3264
train_1072.jpg,1182,1957,1253,2199,object,2448,3264
train_1072.jpg,1261,1952,1327,2198,object,2448,3264
train_1072.jpg,1332,1969,1395,2190,object,2448,3264
train_1072.jpg,1432,1973,1508,2187,object,2448,3264
train_1072.jpg,1515,1965,1590,2182,object,2448,3264
train_1072.jpg,1595,1961,1666,2179,object,2448,3264
train_1072.jpg,1669,1959,1731,2182,object,2448,3264
train_1072.jpg,1736,1961,1805,2167,object,2448,3264
train_1072.jpg,1803,1939,1889,2169,object,2448,3264
train_1072.jpg,1495,2318,1630,2481,object,2448,3264
train_1072.jpg,1361,2311,1480,2459,object,2448,3264
train_1072.jpg,1228,2327,1360,2493,object,2448,3264
train_1072.jpg,1091,2315,1190,2479,object,2448,3264
train_1072.jpg,974,2286,1057,2452,object,2448,3264
train_1072.jpg,568,2335,751,2519,object,2448,3264
train_1072.jpg,354,2090,470,2273,object,2448,3264
train_1072.jpg,365,2361,542,2540,object,2448,3264
train_1072.jpg,2352,1982,2449,2147,object,2448,3264
train_1072.jpg,2252,1932,2340,2162,object,2448,3264
train_1072.jpg,2165,1927,2244,2161,object,2448,3264
train_1072.jpg,2090,1948,2162,2163,object,2448,3264
train_1072.jpg,1969,1941,2060,2165,object,2448,3264
train_1072.jpg,1890,1936,1968,2166,object,2448,3264
train_1072.jpg,175,2369,359,2535,object,2448,3264
train_1072.jpg,241,2098,342,2289,object,2448,3264
train_1072.jpg,108,2107,236,2287,object,2448,3264
train_1072.jpg,2240,1644,2396,1880,object,2448,3264
train_1072.jpg,287,1796,362,2036,object,2448,3264
train_1072.jpg,192,1832,275,2034,object,2448,3264
train_1072.jpg,92,1829,186,2044,object,2448,3264
train_1072.jpg,4,1836,90,2044,object,2448,3264
train_1072.jpg,2352,1357,2447,1587,object,2448,3264
train_1072.jpg,2223,1354,2329,1595,object,2448,3264
train_1072.jpg,371,1790,459,2029,object,2448,3264
train_1072.jpg,2044,1324,2217,1605,object,2448,3264
train_1072.jpg,1761,1395,1875,1588,object,2448,3264
train_1072.jpg,1586,1349,1723,1605,object,2448,3264
train_1072.jpg,1486,1401,1588,1611,object,2448,3264
train_1072.jpg,1374,1428,1475,1607,object,2448,3264
train_1072.jpg,1232,1328,1370,1613,object,2448,3264
train_1072.jpg,1116,1461,1223,1620,object,2448,3264
train_1072.jpg,1915,1386,2033,1599,object,2448,3264
train_1072.jpg,1761,2336,1859,2473,object,2448,3264
train_1072.jpg,462,1792,535,2023,object,2448,3264
train_1072.jpg,612,1787,687,2019,object,2448,3264
train_1072.jpg,2132,1653,2241,1882,object,2448,3264
train_1072.jpg,1998,1649,2120,1883,object,2448,3264
train_1072.jpg,1903,1663,1995,1882,object,2448,3264
train_1072.jpg,1769,1661,1896,1890,object,2448,3264
train_1072.jpg,1653,1655,1752,1894,object,2448,3264
train_1072.jpg,1490,1657,1644,1903,object,2448,3264
train_1072.jpg,541,1786,612,2020,object,2448,3264
train_1072.jpg,1366,1666,1482,1903,object,2448,3264
train_1072.jpg,1252,1664,1346,1903,object,2448,3264
train_1072.jpg,1141,1661,1249,1905,object,2448,3264
train_1072.jpg,1012,1724,1093,1912,object,2448,3264
train_1072.jpg,858,1786,930,2009,object,2448,3264
train_1072.jpg,779,1786,848,2015,object,2448,3264
train_1072.jpg,699,1786,772,2015,object,2448,3264
train_1072.jpg,2273,2502,2381,2727,object,2448,3264
train_1072.jpg,820,1374,1008,1715,object,2448,3264
train_1072.jpg,799,300,909,389,object,2448,3264
train_1073.jpg,52,1344,148,1531,object,2448,3264
train_1073.jpg,779,1945,885,2125,object,2448,3264
train_1073.jpg,674,1949,767,2129,object,2448,3264
train_1073.jpg,545,1945,656,2137,object,2448,3264
train_1073.jpg,464,1941,530,2146,object,2448,3264
train_1073.jpg,383,1945,449,2135,object,2448,3264
train_1073.jpg,315,1961,382,2143,object,2448,3264
train_1073.jpg,246,1953,303,2151,object,2448,3264
train_1073.jpg,186,1961,232,2140,object,2448,3264
train_1073.jpg,117,1957,175,2149,object,2448,3264
train_1073.jpg,61,1953,106,2142,object,2448,3264
train_1073.jpg,4,1961,51,2142,object,2448,3264
train_1073.jpg,1013,1953,1113,2125,object,2448,3264
train_1073.jpg,1122,1953,1228,2124,object,2448,3264
train_1073.jpg,900,1985,1003,2119,object,2448,3264
train_1073.jpg,1243,1929,1341,2135,object,2448,3264
train_1073.jpg,1364,1904,1456,2130,object,2448,3264
train_1073.jpg,2316,2134,2443,2481,object,2448,3264
train_1073.jpg,2171,2106,2259,2472,object,2448,3264
train_1073.jpg,1557,1904,1661,2127,object,2448,3264
train_1073.jpg,1670,2050,1783,2121,object,2448,3264
train_1073.jpg,1799,2046,1932,2115,object,2448,3264
train_1073.jpg,1832,1594,1996,1789,object,2448,3264
train_1073.jpg,1618,1582,1741,1798,object,2448,3264
train_1073.jpg,1400,1610,1511,1791,object,2448,3264
train_1073.jpg,1275,1606,1390,1801,object,2448,3264
train_1073.jpg,1162,1622,1264,1809,object,2448,3264
train_1073.jpg,1057,1622,1152,1822,object,2448,3264
train_1073.jpg,928,1646,1034,1824,object,2448,3264
train_1073.jpg,1473,2017,1542,2130,object,2448,3264
train_1073.jpg,20,2368,148,2476,object,2448,3264
train_1073.jpg,44,2271,153,2344,object,2448,3264
train_1073.jpg,157,2231,228,2423,object,2448,3264
train_1073.jpg,4,1364,43,1533,object,2448,3264
train_1073.jpg,569,2526,714,2666,object,2448,3264
train_1073.jpg,444,2526,565,2734,object,2448,3264
train_1073.jpg,254,2578,399,2736,object,2448,3264
train_1073.jpg,81,2562,192,2756,object,2448,3264
train_1073.jpg,4,2558,73,2747,object,2448,3264
train_1073.jpg,1840,2187,1912,2387,object,2448,3264
train_1073.jpg,1759,2195,1837,2430,object,2448,3264
train_1073.jpg,1650,2259,1745,2424,object,2448,3264
train_1073.jpg,1565,2227,1643,2411,object,2448,3264
train_1073.jpg,1525,2191,1567,2409,object,2448,3264
train_1073.jpg,1444,2203,1520,2429,object,2448,3264
train_1073.jpg,1356,2195,1438,2429,object,2448,3264
train_1073.jpg,1303,2203,1347,2350,object,2448,3264
train_1073.jpg,1251,2199,1298,2370,object,2448,3264
train_1073.jpg,1170,2203,1239,2443,object,2448,3264
train_1073.jpg,1114,2207,1160,2425,object,2448,3264
train_1073.jpg,1041,2199,1104,2417,object,2448,3264
train_1073.jpg,968,2203,1030,2440,object,2448,3264
train_1073.jpg,904,2203,963,2435,object,2448,3264
train_1073.jpg,843,2203,887,2426,object,2448,3264
train_1073.jpg,795,2207,830,2414,object,2448,3264
train_1073.jpg,714,2211,785,2434,object,2448,3264
train_1073.jpg,642,2231,696,2438,object,2448,3264
train_1073.jpg,524,2276,639,2463,object,2448,3264
train_1073.jpg,452,2267,513,2450,object,2448,3264
train_1073.jpg,387,2259,444,2434,object,2448,3264
train_1073.jpg,331,2267,382,2443,object,2448,3264
train_1073.jpg,242,2219,282,2406,object,2448,3264
train_1073.jpg,803,1626,909,1816,object,2448,3264
train_1073.jpg,726,1602,794,1820,object,2448,3264
train_1073.jpg,295,2223,322,2389,object,2448,3264
train_1073.jpg,621,1606,673,1819,object,2448,3264
train_1073.jpg,823,367,960,795,object,2448,3264
train_1073.jpg,1267,299,1420,859,object,2448,3264
train_1073.jpg,1444,331,1622,876,object,2448,3264
train_1073.jpg,1634,335,1787,948,object,2448,3264
train_1073.jpg,1808,335,1977,928,object,2448,3264
train_1073.jpg,2013,363,2106,916,object,2448,3264
train_1073.jpg,2154,807,2340,1154,object,2448,3264
train_1073.jpg,12,916,137,1218,object,2448,3264
train_1073.jpg,173,948,262,1198,object,2448,3264
train_1073.jpg,286,916,464,1186,object,2448,3264
train_1073.jpg,484,972,561,1210,object,2448,3264
train_1073.jpg,593,1025,650,1214,object,2448,3264
train_1073.jpg,662,1029,763,1235,object,2448,3264
train_1073.jpg,799,968,871,1255,object,2448,3264
train_1073.jpg,1013,960,1214,1218,object,2448,3264
train_1073.jpg,1222,944,1337,1207,object,2448,3264
train_1073.jpg,1352,940,1494,1216,object,2448,3264
train_1073.jpg,1513,948,1668,1200,object,2448,3264
train_1073.jpg,1686,948,1804,1192,object,2448,3264
train_1073.jpg,1840,948,1980,1184,object,2448,3264
train_1073.jpg,1715,1303,1774,1534,object,2448,3264
train_1073.jpg,1646,1299,1707,1517,object,2448,3264
train_1073.jpg,1557,1364,1636,1515,object,2448,3264
train_1073.jpg,1432,1331,1544,1514,object,2448,3264
train_1073.jpg,1307,1327,1415,1515,object,2448,3264
train_1073.jpg,1206,1303,1293,1523,object,2448,3264
train_1073.jpg,682,1610,722,1823,object,2448,3264
train_1073.jpg,1065,1315,1193,1522,object,2448,3264
train_1073.jpg,952,1299,1068,1523,object,2448,3264
train_1073.jpg,678,355,799,807,object,2448,3264
train_1073.jpg,452,295,658,674,object,2448,3264
train_1073.jpg,900,968,1001,1243,object,2448,3264
train_1073.jpg,157,266,258,686,object,2448,3264
train_1073.jpg,577,2671,713,2732,object,2448,3264
train_1073.jpg,1105,2554,1215,2717,object,2448,3264
train_1073.jpg,278,238,403,666,object,2448,3264
train_1073.jpg,1231,2550,1310,2734,object,2448,3264
train_1073.jpg,1319,2501,1416,2740,object,2448,3264
train_1073.jpg,1436,2485,1509,2727,object,2448,3264
train_1073.jpg,1521,2501,1640,2684,object,2448,3264
train_1073.jpg,1525,2691,1648,2736,object,2448,3264
train_1073.jpg,1666,2522,1773,2712,object,2448,3264
train_1073.jpg,976,2505,1086,2723,object,2448,3264
train_1073.jpg,2021,1565,2107,1962,object,2448,3264
train_1073.jpg,2364,815,2451,1210,object,2448,3264
train_1073.jpg,549,1598,618,1830,object,2448,3264
train_1073.jpg,504,1610,540,1816,object,2448,3264
train_1073.jpg,420,1614,492,1809,object,2448,3264
train_1073.jpg,1787,2485,1945,2714,object,2448,3264
train_1073.jpg,327,1614,407,1817,object,2448,3264
train_1073.jpg,165,1356,319,1520,object,2448,3264
train_1073.jpg,327,1331,366,1519,object,2448,3264
train_1073.jpg,371,1356,441,1532,object,2448,3264
train_1073.jpg,24,270,149,702,object,2448,3264
train_1073.jpg,545,1323,595,1494,object,2448,3264
train_1073.jpg,605,1380,678,1527,object,2448,3264
train_1073.jpg,448,1356,519,1543,object,2448,3264
train_1073.jpg,811,1315,927,1517,object,2448,3264
train_1073.jpg,4,1630,48,1825,object,2448,3264
train_1073.jpg,52,1630,140,1833,object,2448,3264
train_1073.jpg,141,1614,238,1820,object,2448,3264
train_1073.jpg,238,1654,320,1824,object,2448,3264
train_1073.jpg,694,1303,809,1521,object,2448,3264
train_1074.jpg,1940,567,1982,692,object,3264,2448
train_1074.jpg,1987,578,2038,690,object,3264,2448
train_1074.jpg,2046,569,2093,693,object,3264,2448
train_1074.jpg,2102,578,2152,698,object,3264,2448
train_1074.jpg,2160,575,2208,702,object,3264,2448
train_1074.jpg,2216,572,2271,698,object,3264,2448
train_1074.jpg,2460,569,2517,699,object,3264,2448
train_1074.jpg,2815,564,2881,700,object,3264,2448
train_1074.jpg,2339,575,2392,703,object,3264,2448
train_1074.jpg,2398,571,2459,704,object,3264,2448
train_1074.jpg,2742,561,2806,699,object,3264,2448
train_1074.jpg,2521,561,2575,698,object,3264,2448
train_1074.jpg,2668,564,2732,707,object,3264,2448
train_1074.jpg,2278,572,2331,698,object,3264,2448
train_1074.jpg,1881,575,1932,696,object,3264,2448
train_1074.jpg,884,569,927,694,object,3264,2448
train_1074.jpg,1650,564,1701,695,object,3264,2448
train_1074.jpg,2759,1271,2829,1446,object,3264,2448
train_1074.jpg,2894,567,2949,705,object,3264,2448
train_1074.jpg,2841,1245,2920,1465,object,3264,2448
train_1074.jpg,2926,1247,3009,1468,object,3264,2448
train_1074.jpg,3015,1271,3099,1484,object,3264,2448
train_1074.jpg,928,581,978,695,object,3264,2448
train_1074.jpg,983,572,1028,697,object,3264,2448
train_1074.jpg,1708,561,1759,686,object,3264,2448
train_1074.jpg,1033,578,1077,694,object,3264,2448
train_1074.jpg,1268,567,1317,678,object,3264,2448
train_1074.jpg,1321,572,1367,680,object,3264,2448
train_1074.jpg,1380,572,1422,687,object,3264,2448
train_1074.jpg,1429,575,1474,687,object,3264,2448
train_1074.jpg,1479,572,1531,692,object,3264,2448
train_1074.jpg,1535,569,1580,687,object,3264,2448
train_1074.jpg,1585,564,1636,686,object,3264,2448
train_1074.jpg,1195,564,1249,679,object,3264,2448
train_1074.jpg,2968,572,3031,713,object,3264,2448
train_1074.jpg,2649,1564,2716,1693,object,3264,2448
train_1074.jpg,3117,569,3181,713,object,3264,2448
train_1074.jpg,2046,1509,2108,1625,object,3264,2448
train_1074.jpg,2110,1515,2169,1625,object,3264,2448
train_1074.jpg,2172,1518,2229,1635,object,3264,2448
train_1074.jpg,2234,1523,2302,1636,object,3264,2448
train_1074.jpg,2304,1529,2372,1650,object,3264,2448
train_1074.jpg,2378,1532,2438,1658,object,3264,2448
train_1074.jpg,2442,1535,2498,1662,object,3264,2448
train_1074.jpg,2580,1553,2645,1680,object,3264,2448
train_1074.jpg,2718,1567,2785,1697,object,3264,2448
train_1074.jpg,2800,1541,2881,1714,object,3264,2448
train_1074.jpg,2885,1538,2959,1719,object,3264,2448
train_1074.jpg,2973,1556,3056,1733,object,3264,2448
train_1074.jpg,3061,1570,3142,1738,object,3264,2448
train_1074.jpg,3152,1579,3241,1751,object,3264,2448
train_1074.jpg,2697,1268,2755,1439,object,3264,2448
train_1074.jpg,1978,1468,2037,1603,object,3264,2448
train_1074.jpg,3035,572,3100,705,object,3264,2448
train_1074.jpg,1902,1468,1973,1600,object,3264,2448
train_1074.jpg,1591,1432,1650,1570,object,3264,2448
train_1074.jpg,3194,569,3262,708,object,3264,2448
train_1074.jpg,3103,1277,3170,1490,object,3264,2448
train_1074.jpg,3176,1256,3244,1489,object,3264,2448
train_1074.jpg,608,1362,649,1454,object,3264,2448
train_1074.jpg,652,1368,690,1460,object,3264,2448
train_1074.jpg,699,1368,744,1460,object,3264,2448
train_1074.jpg,748,1374,787,1473,object,3264,2448
train_1074.jpg,793,1380,836,1482,object,3264,2448
train_1074.jpg,842,1385,889,1490,object,3264,2448
train_1074.jpg,939,1394,999,1493,object,3264,2448
train_1074.jpg,1180,1418,1234,1525,object,3264,2448
train_1074.jpg,1236,1427,1301,1529,object,3264,2448
train_1074.jpg,1303,1429,1366,1537,object,3264,2448
train_1074.jpg,1380,1453,1437,1518,object,3264,2448
train_1074.jpg,1439,1442,1508,1527,object,3264,2448
train_1074.jpg,1664,1473,1733,1578,object,3264,2448
train_1074.jpg,2630,1271,2692,1439,object,3264,2448
train_1074.jpg,1509,1432,1587,1559,object,3264,2448
train_1074.jpg,2427,1280,2481,1414,object,3264,2448
train_1074.jpg,2973,787,3030,950,object,3264,2448
train_1074.jpg,2913,751,2969,940,object,3264,2448
train_1074.jpg,2838,757,2902,938,object,3264,2448
train_1074.jpg,2759,754,2831,941,object,3264,2448
train_1074.jpg,2692,801,2753,936,object,3264,2448
train_1074.jpg,2635,754,2686,938,object,3264,2448
train_1074.jpg,2483,743,2551,932,object,3264,2448
train_1074.jpg,2351,763,2409,925,object,3264,2448
train_1074.jpg,2282,776,2342,923,object,3264,2448
train_1074.jpg,2219,760,2267,916,object,3264,2448
train_1074.jpg,2152,760,2202,918,object,3264,2448
train_1074.jpg,3050,784,3121,951,object,3264,2448
train_1074.jpg,2598,1271,2627,1435,object,3264,2448
train_1074.jpg,1673,772,1727,897,object,3264,2448
train_1074.jpg,1852,778,1899,903,object,3264,2448
train_1074.jpg,1908,781,1958,907,object,3264,2448
train_1074.jpg,1972,784,2022,917,object,3264,2448
train_1074.jpg,2028,787,2079,910,object,3264,2448
train_1074.jpg,2087,787,2141,911,object,3264,2448
train_1074.jpg,986,708,1032,870,object,3264,2448
train_1074.jpg,928,726,977,867,object,3264,2448
train_1074.jpg,881,734,927,873,object,3264,2448
train_1074.jpg,1506,769,1558,889,object,3264,2448
train_1074.jpg,790,723,828,863,object,3264,2448
train_1074.jpg,1620,778,1666,899,object,3264,2448
train_1074.jpg,748,724,783,857,object,3264,2448
train_1074.jpg,3126,790,3199,947,object,3264,2448
train_1074.jpg,655,916,703,1067,object,3264,2448
train_1074.jpg,1456,766,1501,889,object,3264,2448
train_1074.jpg,1403,769,1449,886,object,3264,2448
train_1074.jpg,1347,763,1394,880,object,3264,2448
train_1074.jpg,1297,763,1343,882,object,3264,2448
train_1074.jpg,1230,722,1280,878,object,3264,2448
train_1074.jpg,1864,977,1910,1147,object,3264,2448
train_1074.jpg,1688,1004,1738,1130,object,3264,2448
train_1074.jpg,1635,1001,1683,1125,object,3264,2448
train_1074.jpg,1576,1001,1626,1126,object,3264,2448
train_1074.jpg,1526,1030,1570,1118,object,3264,2448
train_1074.jpg,1471,966,1519,1109,object,3264,2448
train_1074.jpg,3199,795,3260,948,object,3264,2448
train_1074.jpg,1418,969,1465,1104,object,3264,2448
train_1074.jpg,1315,957,1358,1099,object,3264,2448
train_1074.jpg,1264,960,1312,1097,object,3264,2448
train_1074.jpg,1212,975,1259,1101,object,3264,2448
train_1074.jpg,1168,972,1209,1097,object,3264,2448
train_1074.jpg,977,930,1024,1090,object,3264,2448
train_1074.jpg,933,930,975,1082,object,3264,2448
train_1074.jpg,886,928,929,1082,object,3264,2448
train_1074.jpg,839,922,882,1076,object,3264,2448
train_1074.jpg,793,917,836,1071,object,3264,2448
train_1074.jpg,748,919,788,1070,object,3264,2448
train_1074.jpg,704,913,744,1066,object,3264,2448
train_1074.jpg,1365,966,1416,1099,object,3264,2448
train_1074.jpg,699,714,742,860,object,3264,2448
train_1074.jpg,830,722,874,864,object,3264,2448
train_1074.jpg,740,575,787,699,object,3264,2448
train_1074.jpg,757,1121,802,1273,object,3264,2448
train_1074.jpg,801,1124,842,1276,object,3264,2448
train_1074.jpg,845,1124,889,1282,object,3264,2448
train_1074.jpg,892,1165,936,1287,object,3264,2448
train_1074.jpg,942,1168,984,1289,object,3264,2448
train_1074.jpg,992,1136,1040,1292,object,3264,2448
train_1074.jpg,1042,1139,1087,1293,object,3264,2448
train_1074.jpg,1190,1146,1239,1308,object,3264,2448
train_1074.jpg,1242,1148,1287,1310,object,3264,2448
train_1074.jpg,1292,1148,1335,1309,object,3264,2448
train_1074.jpg,1336,1168,1385,1312,object,3264,2448
train_1074.jpg,1388,1174,1440,1322,object,3264,2448
train_1074.jpg,1447,1177,1490,1324,object,3264,2448
train_1074.jpg,1497,1189,1540,1330,object,3264,2448
train_1074.jpg,1550,1189,1596,1333,object,3264,2448
train_1074.jpg,1603,1189,1653,1340,object,3264,2448
train_1074.jpg,1661,1195,1720,1341,object,3264,2448
train_1074.jpg,1820,1201,1872,1365,object,3264,2448
train_1074.jpg,1876,1189,1933,1371,object,3264,2448
train_1074.jpg,1937,1192,1989,1370,object,3264,2448
train_1074.jpg,1996,1198,2046,1374,object,3264,2448
train_1074.jpg,2049,1203,2107,1384,object,3264,2448
train_1074.jpg,2110,1256,2167,1388,object,3264,2448
train_1074.jpg,2175,1259,2230,1395,object,3264,2448
train_1074.jpg,2237,1262,2295,1397,object,3264,2448
train_1074.jpg,2301,1262,2359,1406,object,3264,2448
train_1074.jpg,2366,1275,2421,1413,object,3264,2448
train_1074.jpg,713,1118,752,1268,object,3264,2448
train_1074.jpg,663,1118,707,1264,object,3264,2448
train_1074.jpg,3226,1051,3263,1227,object,3264,2448
train_1074.jpg,3147,1051,3221,1233,object,3264,2448
train_1074.jpg,642,715,693,855,object,3264,2448
train_1074.jpg,640,575,689,686,object,3264,2448
train_1074.jpg,1826,980,1857,1137,object,3264,2448
train_1074.jpg,693,578,735,694,object,3264,2448
train_1074.jpg,1926,1068,1996,1153,object,3264,2448
train_1074.jpg,2002,1010,2045,1152,object,3264,2448
train_1074.jpg,837,578,881,685,object,3264,2448
train_1074.jpg,2102,1019,2149,1156,object,3264,2448
train_1074.jpg,2160,989,2218,1162,object,3264,2448
train_1074.jpg,2234,992,2288,1168,object,3264,2448
train_1074.jpg,2049,1019,2097,1150,object,3264,2448
train_1074.jpg,2357,1004,2415,1172,object,3264,2448
train_1074.jpg,3061,1054,3135,1221,object,3264,2448
train_1074.jpg,2988,1030,3053,1217,object,3264,2448
train_1074.jpg,2915,1030,2979,1212,object,3264,2448
train_1074.jpg,2847,1021,2906,1204,object,3264,2448
train_1074.jpg,2774,1019,2839,1205,object,3264,2448
train_1074.jpg,2295,992,2352,1167,object,3264,2448
train_1074.jpg,1567,769,1613,893,object,3264,2448
train_1074.jpg,2695,1019,2764,1205,object,3264,2448
train_1074.jpg,2639,1016,2692,1200,object,3264,2448
train_1074.jpg,2486,1004,2546,1185,object,3264,2448
train_1074.jpg,2422,998,2482,1176,object,3264,2448
train_1075.jpg,508,2756,609,2820,object,2448,3264
train_1075.jpg,718,2752,789,2830,object,2448,3264
train_1075.jpg,718,2679,786,2732,object,2448,3264
train_1075.jpg,617,2675,695,2743,object,2448,3264
train_1075.jpg,807,2756,887,2829,object,2448,3264
train_1075.jpg,625,2760,709,2828,object,2448,3264
train_1075.jpg,807,2675,883,2726,object,2448,3264
train_1075.jpg,2235,2659,2347,2711,object,2448,3264
train_1075.jpg,803,678,893,941,object,2448,3264
train_1075.jpg,2255,2816,2369,2861,object,2448,3264
train_1075.jpg,2029,311,2147,560,object,2448,3264
train_1075.jpg,1876,375,1953,556,object,2448,3264
train_1075.jpg,1795,343,1869,559,object,2448,3264
train_1075.jpg,1695,335,1783,560,object,2448,3264
train_1075.jpg,1582,315,1680,557,object,2448,3264
train_1075.jpg,1477,347,1564,564,object,2448,3264
train_1075.jpg,1384,307,1463,554,object,2448,3264
train_1075.jpg,1291,303,1374,569,object,2448,3264
train_1075.jpg,1198,311,1287,567,object,2448,3264
train_1075.jpg,1101,290,1190,558,object,2448,3264
train_1075.jpg,1001,355,1093,565,object,2448,3264
train_1075.jpg,908,355,990,565,object,2448,3264
train_1075.jpg,815,343,894,560,object,2448,3264
train_1075.jpg,718,343,805,559,object,2448,3264
train_1075.jpg,613,335,697,564,object,2448,3264
train_1075.jpg,516,335,607,558,object,2448,3264
train_1075.jpg,432,343,509,538,object,2448,3264
train_1075.jpg,343,343,414,537,object,2448,3264
train_1075.jpg,246,327,323,546,object,2448,3264
train_1075.jpg,85,226,231,544,object,2448,3264
train_1075.jpg,2114,2816,2230,2864,object,2448,3264
train_1075.jpg,504,2663,599,2724,object,2448,3264
train_1075.jpg,2259,2752,2375,2804,object,2448,3264
train_1075.jpg,2126,2756,2225,2808,object,2448,3264
train_1075.jpg,682,670,787,936,object,2448,3264
train_1075.jpg,553,654,676,944,object,2448,3264
train_1075.jpg,436,658,539,947,object,2448,3264
train_1075.jpg,315,690,413,922,object,2448,3264
train_1075.jpg,36,654,268,927,object,2448,3264
train_1075.jpg,2284,331,2382,554,object,2448,3264
train_1075.jpg,2154,412,2268,546,object,2448,3264
train_1075.jpg,915,2614,1062,2680,object,2448,3264
train_1075.jpg,1069,2635,1222,2698,object,2448,3264
train_1075.jpg,1259,2618,1399,2670,object,2448,3264
train_1075.jpg,906,651,1012,949,object,2448,3264
train_1075.jpg,924,2695,1051,2749,object,2448,3264
train_1075.jpg,1251,2699,1407,2751,object,2448,3264
train_1075.jpg,920,2760,1072,2822,object,2448,3264
train_1075.jpg,1093,2764,1241,2822,object,2448,3264
train_1075.jpg,1259,2764,1406,2826,object,2448,3264
train_1075.jpg,1420,2413,1639,2722,object,2448,3264
train_1075.jpg,1682,2465,1846,2738,object,2448,3264
train_1075.jpg,1912,2614,2038,2806,object,2448,3264
train_1075.jpg,2146,2397,2236,2514,object,2448,3264
train_1075.jpg,2271,2413,2361,2521,object,2448,3264
train_1075.jpg,2114,2703,2230,2746,object,2448,3264
train_1075.jpg,1073,2711,1225,2748,object,2448,3264
train_1075.jpg,613,2606,702,2650,object,2448,3264
train_1075.jpg,2231,1626,2354,1862,object,2448,3264
train_1075.jpg,750,2578,830,2666,object,2448,3264
train_1075.jpg,1493,1049,1575,1255,object,2448,3264
train_1075.jpg,1622,1045,1708,1260,object,2448,3264
train_1075.jpg,1719,1041,1800,1264,object,2448,3264
train_1075.jpg,1852,1013,1938,1259,object,2448,3264
train_1075.jpg,1965,1037,2074,1100,object,2448,3264
train_1075.jpg,1961,1114,2058,1167,object,2448,3264
train_1075.jpg,1957,1186,2070,1260,object,2448,3264
train_1075.jpg,2235,1017,2313,1274,object,2448,3264
train_1075.jpg,2320,1017,2414,1278,object,2448,3264
train_1075.jpg,2130,1029,2218,1286,object,2448,3264
train_1075.jpg,2187,1384,2262,1564,object,2448,3264
train_1075.jpg,2271,1368,2376,1546,object,2448,3264
train_1075.jpg,1779,1372,1851,1622,object,2448,3264
train_1075.jpg,1864,1352,1974,1629,object,2448,3264
train_1075.jpg,2013,1360,2118,1635,object,2448,3264
train_1075.jpg,1569,1384,1660,1635,object,2448,3264
train_1075.jpg,1674,1388,1772,1639,object,2448,3264
train_1075.jpg,1376,1053,1474,1271,object,2448,3264
train_1075.jpg,1315,1073,1366,1256,object,2448,3264
train_1075.jpg,1235,1041,1310,1258,object,2448,3264
train_1075.jpg,1150,1049,1217,1254,object,2448,3264
train_1075.jpg,1170,654,1281,950,object,2448,3264
train_1075.jpg,1307,670,1408,948,object,2448,3264
train_1075.jpg,1428,666,1530,943,object,2448,3264
train_1075.jpg,1537,658,1654,946,object,2448,3264
train_1075.jpg,1654,637,1772,948,object,2448,3264
train_1075.jpg,1783,633,1902,952,object,2448,3264
train_1075.jpg,1920,633,2091,933,object,2448,3264
train_1075.jpg,2219,698,2305,963,object,2448,3264
train_1075.jpg,1364,1380,1454,1625,object,2448,3264
train_1075.jpg,2316,763,2391,959,object,2448,3264
train_1075.jpg,460,1021,551,1262,object,2448,3264
train_1075.jpg,593,1041,678,1248,object,2448,3264
train_1075.jpg,694,1033,784,1252,object,2448,3264
train_1075.jpg,799,1049,878,1262,object,2448,3264
train_1075.jpg,888,1065,963,1266,object,2448,3264
train_1075.jpg,504,2582,591,2655,object,2448,3264
train_1075.jpg,984,1053,1048,1256,object,2448,3264
train_1075.jpg,1065,1025,1135,1265,object,2448,3264
train_1075.jpg,65,1065,269,1267,object,2448,3264
train_1075.jpg,1461,1368,1559,1623,object,2448,3264
train_1075.jpg,884,1005,968,1057,object,2448,3264
train_1075.jpg,1130,1384,1239,1637,object,2448,3264
train_1075.jpg,1969,1763,2066,1989,object,2448,3264
train_1075.jpg,2078,1880,2202,2080,object,2448,3264
train_1075.jpg,2078,2110,2186,2183,object,2448,3264
train_1075.jpg,2255,1965,2316,2116,object,2448,3264
train_1075.jpg,2320,1953,2381,2121,object,2448,3264
train_1075.jpg,2074,2259,2282,2356,object,2448,3264
train_1075.jpg,2308,2175,2385,2351,object,2448,3264
train_1075.jpg,1703,2094,2043,2337,object,2448,3264
train_1075.jpg,1884,1755,1951,1980,object,2448,3264
train_1075.jpg,1364,2074,1651,2304,object,2448,3264
train_1075.jpg,811,2037,995,2297,object,2448,3264
train_1075.jpg,420,2079,755,2349,object,2448,3264
train_1075.jpg,182,2211,301,2435,object,2448,3264
train_1075.jpg,327,2227,411,2442,object,2448,3264
train_1075.jpg,149,2522,433,2858,object,2448,3264
train_1075.jpg,512,2473,605,2563,object,2448,3264
train_1075.jpg,613,2501,700,2576,object,2448,3264
train_1075.jpg,1243,1388,1351,1628,object,2448,3264
train_1075.jpg,1045,2078,1332,2319,object,2448,3264
train_1075.jpg,1803,1808,1870,1991,object,2448,3264
train_1075.jpg,1025,654,1130,946,object,2448,3264
train_1075.jpg,1626,1727,1718,2001,object,2448,3264
train_1075.jpg,1723,1791,1793,1990,object,2448,3264
train_1075.jpg,1025,1356,1126,1628,object,2448,3264
train_1075.jpg,904,1360,1018,1627,object,2448,3264
train_1075.jpg,811,1368,900,1625,object,2448,3264
train_1075.jpg,698,1356,797,1622,object,2448,3264
train_1075.jpg,574,1348,683,1628,object,2448,3264
train_1075.jpg,0,1360,121,1499,object,2448,3264
train_1075.jpg,157,1376,261,1499,object,2448,3264
train_1075.jpg,286,1376,411,1497,object,2448,3264
train_1075.jpg,468,1352,561,1620,object,2448,3264
train_1075.jpg,545,1715,644,1979,object,2448,3264
train_1075.jpg,658,1715,783,1992,object,2448,3264
train_1075.jpg,831,1703,932,1985,object,2448,3264
train_1075.jpg,952,1715,1067,1980,object,2448,3264
train_1075.jpg,1085,1719,1209,1980,object,2448,3264
train_1075.jpg,1218,1723,1332,1980,object,2448,3264
train_1075.jpg,1497,1723,1610,1983,object,2448,3264
train_1075.jpg,262,1727,475,1965,object,2448,3264
train_1075.jpg,1348,1731,1481,1987,object,2448,3264
train_1076.jpg,1626,171,1713,350,object,1920,2560
train_1076.jpg,1716,168,1805,347,object,1920,2560
train_1076.jpg,1808,175,1896,345,object,1920,2560
train_1076.jpg,1624,488,1697,664,object,1920,2560
train_1076.jpg,1701,473,1755,659,object,1920,2560
train_1076.jpg,1535,476,1618,662,object,1920,2560
train_1076.jpg,1446,482,1529,665,object,1920,2560
train_1076.jpg,0,147,82,356,object,1920,2560
train_1076.jpg,1759,387,1900,905,object,1920,2560
train_1076.jpg,88,148,187,359,object,1920,2560
train_1076.jpg,1081,168,1169,350,object,1920,2560
train_1076.jpg,300,151,403,354,object,1920,2560
train_1076.jpg,405,151,501,352,object,1920,2560
train_1076.jpg,505,152,602,353,object,1920,2560
train_1076.jpg,703,162,798,356,object,1920,2560
train_1076.jpg,801,161,893,356,object,1920,2560
train_1076.jpg,896,158,982,356,object,1920,2560
train_1076.jpg,988,170,1077,353,object,1920,2560
train_1076.jpg,1357,470,1440,670,object,1920,2560
train_1076.jpg,1174,157,1259,353,object,1920,2560
train_1076.jpg,1261,156,1357,350,object,1920,2560
train_1076.jpg,1360,170,1449,353,object,1920,2560
train_1076.jpg,190,146,289,357,object,1920,2560
train_1076.jpg,1271,491,1349,670,object,1920,2560
train_1076.jpg,390,491,460,681,object,1920,2560
train_1076.jpg,1099,479,1180,674,object,1920,2560
train_1076.jpg,1079,750,1163,975,object,1920,2560
train_1076.jpg,991,759,1076,979,object,1920,2560
train_1076.jpg,907,749,986,979,object,1920,2560
train_1076.jpg,813,761,904,977,object,1920,2560
train_1076.jpg,718,763,809,978,object,1920,2560
train_1076.jpg,534,763,622,984,object,1920,2560
train_1076.jpg,429,760,531,987,object,1920,2560
train_1076.jpg,341,759,428,987,object,1920,2560
train_1076.jpg,227,768,326,1002,object,1920,2560
train_1076.jpg,135,781,225,998,object,1920,2560
train_1076.jpg,1182,488,1264,669,object,1920,2560
train_1076.jpg,53,786,133,1005,object,1920,2560
train_1076.jpg,74,494,150,694,object,1920,2560
train_1076.jpg,157,482,305,684,object,1920,2560
train_1076.jpg,313,491,383,683,object,1920,2560
train_1076.jpg,467,491,541,684,object,1920,2560
train_1076.jpg,568,494,650,674,object,1920,2560
train_1076.jpg,685,485,759,675,object,1920,2560
train_1076.jpg,764,488,834,675,object,1920,2560
train_1076.jpg,838,494,906,675,object,1920,2560
train_1076.jpg,909,479,999,675,object,1920,2560
train_1076.jpg,1004,470,1087,672,object,1920,2560
train_1076.jpg,12,497,69,692,object,1920,2560
train_1076.jpg,627,770,715,982,object,1920,2560
train_1076.jpg,1673,1096,1757,1239,object,1920,2560
train_1076.jpg,1256,751,1344,970,object,1920,2560
train_1076.jpg,403,1396,486,1556,object,1920,2560
train_1076.jpg,490,1389,574,1549,object,1920,2560
train_1076.jpg,577,1380,660,1543,object,1920,2560
train_1076.jpg,664,1378,747,1541,object,1920,2560
train_1076.jpg,749,1379,832,1542,object,1920,2560
train_1076.jpg,836,1382,912,1534,object,1920,2560
train_1076.jpg,916,1360,995,1532,object,1920,2560
train_1076.jpg,999,1361,1078,1533,object,1920,2560
train_1076.jpg,1080,1358,1158,1530,object,1920,2560
train_1076.jpg,1161,1352,1243,1526,object,1920,2560
train_1076.jpg,1253,1355,1327,1525,object,1920,2560
train_1076.jpg,321,1393,400,1561,object,1920,2560
train_1076.jpg,1331,1353,1415,1522,object,1920,2560
train_1076.jpg,1496,1347,1575,1516,object,1920,2560
train_1076.jpg,1580,1331,1658,1519,object,1920,2560
train_1076.jpg,1663,1344,1740,1519,object,1920,2560
train_1076.jpg,1744,1331,1826,1519,object,1920,2560
train_1076.jpg,1829,1314,1920,1527,object,1920,2560
train_1076.jpg,1808,1578,1909,1788,object,1920,2560
train_1076.jpg,1750,1602,1802,1765,object,1920,2560
train_1076.jpg,1682,1608,1744,1767,object,1920,2560
train_1076.jpg,1602,1621,1674,1766,object,1920,2560
train_1076.jpg,1529,1633,1596,1770,object,1920,2560
train_1076.jpg,1443,1615,1522,1773,object,1920,2560
train_1076.jpg,1417,1342,1492,1519,object,1920,2560
train_1076.jpg,1358,1624,1435,1778,object,1920,2560
train_1076.jpg,232,1405,315,1568,object,1920,2560
train_1076.jpg,71,1413,145,1572,object,1920,2560
train_1076.jpg,1585,1071,1670,1245,object,1920,2560
train_1076.jpg,1498,1076,1582,1246,object,1920,2560
train_1076.jpg,1411,1074,1494,1253,object,1920,2560
train_1076.jpg,1326,1087,1409,1251,object,1920,2560
train_1076.jpg,1249,1086,1323,1255,object,1920,2560
train_1076.jpg,1162,1079,1243,1255,object,1920,2560
train_1076.jpg,1078,1077,1157,1258,object,1920,2560
train_1076.jpg,993,1084,1071,1262,object,1920,2560
train_1076.jpg,907,1096,989,1266,object,1920,2560
train_1076.jpg,813,1087,905,1269,object,1920,2560
train_1076.jpg,1031,1627,1108,1789,object,1920,2560
train_1076.jpg,150,1408,230,1572,object,1920,2560
train_1076.jpg,1117,1624,1179,1783,object,1920,2560
train_1076.jpg,1268,1621,1354,1783,object,1920,2560
train_1076.jpg,724,1087,810,1277,object,1920,2560
train_1076.jpg,632,1094,716,1278,object,1920,2560
train_1076.jpg,537,1093,628,1274,object,1920,2560
train_1076.jpg,417,1105,515,1279,object,1920,2560
train_1076.jpg,353,1090,414,1282,object,1920,2560
train_1076.jpg,258,1099,345,1283,object,1920,2560
train_1076.jpg,172,1102,253,1288,object,1920,2560
train_1076.jpg,71,1108,164,1290,object,1920,2560
train_1076.jpg,0,1111,66,1300,object,1920,2560
train_1076.jpg,0,1403,68,1575,object,1920,2560
train_1076.jpg,1182,1627,1265,1784,object,1920,2560
train_1076.jpg,1170,752,1254,972,object,1920,2560
train_1076.jpg,1544,173,1624,353,object,1920,2560
train_1076.jpg,1667,1922,1729,2072,object,1920,2560
train_1076.jpg,299,2020,371,2154,object,1920,2560
train_1076.jpg,379,2016,445,2146,object,1920,2560
train_1076.jpg,448,2018,516,2139,object,1920,2560
train_1076.jpg,518,2018,576,2139,object,1920,2560
train_1076.jpg,582,1922,645,2136,object,1920,2560
train_1076.jpg,652,1916,704,2126,object,1920,2560
train_1076.jpg,709,1941,789,2124,object,1920,2560
train_1076.jpg,792,1938,878,2124,object,1920,2560
train_1076.jpg,220,2024,291,2157,object,1920,2560
train_1076.jpg,882,1940,967,2118,object,1920,2560
train_1076.jpg,1049,1938,1130,2106,object,1920,2560
train_1076.jpg,1453,170,1541,350,object,1920,2560
train_1076.jpg,1134,1921,1203,2103,object,1920,2560
train_1076.jpg,1209,1947,1277,2103,object,1920,2560
train_1076.jpg,1282,1942,1351,2103,object,1920,2560
train_1076.jpg,1352,1939,1421,2096,object,1920,2560
train_1076.jpg,1426,1928,1489,2096,object,1920,2560
train_1076.jpg,1805,1903,1905,2071,object,1920,2560
train_1076.jpg,972,1942,1047,2109,object,1920,2560
train_1076.jpg,136,2034,216,2161,object,1920,2560
train_1076.jpg,57,2045,132,2167,object,1920,2560
train_1076.jpg,0,2050,48,2171,object,1920,2560
train_1076.jpg,1349,752,1430,967,object,1920,2560
train_1076.jpg,1437,751,1515,962,object,1920,2560
train_1076.jpg,1519,744,1599,961,object,1920,2560
train_1076.jpg,1603,744,1682,960,object,1920,2560
train_1076.jpg,1685,772,1752,956,object,1920,2560
train_1076.jpg,1840,1022,1921,1232,object,1920,2560
train_1076.jpg,1759,1096,1837,1237,object,1920,2560
train_1076.jpg,958,1658,1029,1793,object,1920,2560
train_1076.jpg,859,1667,948,1796,object,1920,2560
train_1076.jpg,780,1673,856,1802,object,1920,2560
train_1076.jpg,700,1670,774,1806,object,1920,2560
train_1076.jpg,605,1682,696,1816,object,1920,2560
train_1076.jpg,522,1688,601,1817,object,1920,2560
train_1076.jpg,433,1697,517,1819,object,1920,2560
train_1076.jpg,350,1654,427,1825,object,1920,2560
train_1076.jpg,258,1664,347,1836,object,1920,2560
train_1076.jpg,169,1670,252,1834,object,1920,2560
train_1076.jpg,89,1673,166,1842,object,1920,2560
train_1076.jpg,15,1682,85,1843,object,1920,2560
train_1076.jpg,1587,1925,1660,2073,object,1920,2560
train_1076.jpg,1731,1922,1802,2072,object,1920,2560
train_1077.jpg,18,925,227,1089,object,2336,4160
train_1077.jpg,542,849,668,1045,object,2336,4160
train_1077.jpg,759,567,886,764,object,2336,4160
train_1077.jpg,887,567,1034,752,object,2336,4160
train_1077.jpg,1035,558,1145,754,object,2336,4160
train_1077.jpg,249,1084,429,1236,object,2336,4160
train_1077.jpg,774,350,884,551,object,2336,4160
train_1077.jpg,887,345,1022,552,object,2336,4160
train_1077.jpg,1025,345,1139,559,object,2336,4160
train_1077.jpg,1139,352,1251,557,object,2336,4160
train_1077.jpg,656,587,762,773,object,2336,4160
train_1077.jpg,1282,598,1444,759,object,2336,4160
train_1077.jpg,1474,415,1675,749,object,2336,4160
train_1077.jpg,1676,404,1851,561,object,2336,4160
train_1077.jpg,1853,380,2078,562,object,2336,4160
train_1077.jpg,2075,370,2261,563,object,2336,4160
train_1077.jpg,1686,567,1866,759,object,2336,4160
train_1077.jpg,1878,562,2053,734,object,2336,4160
train_1077.jpg,2055,568,2251,734,object,2336,4160
train_1077.jpg,49,1092,223,1242,object,2336,4160
train_1077.jpg,1262,463,1447,598,object,2336,4160
train_1077.jpg,227,922,430,1086,object,2336,4160
train_1077.jpg,621,350,733,550,object,2336,4160
train_1077.jpg,518,571,638,769,object,2336,4160
train_1077.jpg,429,853,542,1046,object,2336,4160
train_1077.jpg,1173,1045,1274,1236,object,2336,4160
train_1077.jpg,1070,1045,1176,1237,object,2336,4160
train_1077.jpg,922,1040,1068,1241,object,2336,4160
train_1077.jpg,808,1044,920,1247,object,2336,4160
train_1077.jpg,680,1045,805,1246,object,2336,4160
train_1077.jpg,557,1042,681,1232,object,2336,4160
train_1077.jpg,444,1050,556,1233,object,2336,4160
train_1077.jpg,508,350,625,572,object,2336,4160
train_1077.jpg,670,843,806,1038,object,2336,4160
train_1077.jpg,941,843,1070,1046,object,2336,4160
train_1077.jpg,1089,853,1190,1036,object,2336,4160
train_1077.jpg,143,399,381,599,object,2336,4160
train_1077.jpg,192,601,380,764,object,2336,4160
train_1077.jpg,10,624,173,774,object,2336,4160
train_1077.jpg,384,370,500,566,object,2336,4160
train_1077.jpg,419,567,498,770,object,2336,4160
train_1077.jpg,10,405,144,621,object,2336,4160
train_1077.jpg,808,839,941,1035,object,2336,4160
train_1077.jpg,1144,557,1268,744,object,2336,4160
train_1077.jpg,902,1482,1084,1636,object,2336,4160
train_1077.jpg,1296,1077,1493,1242,object,2336,4160
train_1077.jpg,591,1863,782,2018,object,2336,4160
train_1077.jpg,784,1872,961,2021,object,2336,4160
train_1077.jpg,961,1873,1156,2018,object,2336,4160
train_1077.jpg,1158,1866,1432,2016,object,2336,4160
train_1077.jpg,434,1710,587,1850,object,2336,4160
train_1077.jpg,794,1700,977,1869,object,2336,4160
train_1077.jpg,981,1724,1166,1868,object,2336,4160
train_1077.jpg,1168,1866,1433,2031,object,2336,4160
train_1077.jpg,1177,1666,1434,1863,object,2336,4160
train_1077.jpg,449,1864,593,2016,object,2336,4160
train_1077.jpg,1429,1889,1606,2031,object,2336,4160
train_1077.jpg,1612,1901,1806,2041,object,2336,4160
train_1077.jpg,1627,1735,1798,1898,object,2336,4160
train_1077.jpg,1809,1884,2108,2041,object,2336,4160
train_1077.jpg,1819,1724,2086,1868,object,2336,4160
train_1077.jpg,2105,1893,2285,2050,object,2336,4160
train_1077.jpg,2119,1705,2314,1893,object,2336,4160
train_1077.jpg,5,2045,238,2256,object,2336,4160
train_1077.jpg,286,2031,514,2335,object,2336,4160
train_1077.jpg,532,2049,674,2361,object,2336,4160
train_1077.jpg,1453,1724,1607,1888,object,2336,4160
train_1077.jpg,261,1662,410,1829,object,2336,4160
train_1077.jpg,148,1671,261,1831,object,2336,4160
train_1077.jpg,281,1843,444,2011,object,2336,4160
train_1077.jpg,1193,851,1294,1035,object,2336,4160
train_1077.jpg,1198,1486,1298,1646,object,2336,4160
train_1077.jpg,493,1294,669,1469,object,2336,4160
train_1077.jpg,675,1291,887,1471,object,2336,4160
train_1077.jpg,887,1290,1088,1474,object,2336,4160
train_1077.jpg,1089,1277,1188,1482,object,2336,4160
train_1077.jpg,1203,1298,1302,1464,object,2336,4160
train_1077.jpg,1321,1492,1500,1651,object,2336,4160
train_1077.jpg,1498,1493,1657,1643,object,2336,4160
train_1077.jpg,1301,1360,1501,1495,object,2336,4160
train_1077.jpg,1503,1360,1688,1498,object,2336,4160
train_1077.jpg,1676,1492,1841,1646,object,2336,4160
train_1077.jpg,1843,1489,2009,1659,object,2336,4160
train_1077.jpg,2011,1482,2175,1651,object,2336,4160
train_1077.jpg,1720,1306,1852,1484,object,2336,4160
train_1077.jpg,1853,1306,2028,1474,object,2336,4160
train_1077.jpg,1084,1479,1193,1643,object,2336,4160
train_1077.jpg,2036,1314,2227,1474,object,2336,4160
train_1077.jpg,10,1686,122,1838,object,2336,4160
train_1077.jpg,5,1873,108,2001,object,2336,4160
train_1077.jpg,118,1843,281,1996,object,2336,4160
train_1077.jpg,680,2060,851,2384,object,2336,4160
train_1077.jpg,863,2220,1030,2376,object,2336,4160
train_1077.jpg,301,1301,489,1471,object,2336,4160
train_1077.jpg,1208,2230,1482,2386,object,2336,4160
train_1077.jpg,1395,2602,1562,2721,object,2336,4160
train_1077.jpg,1562,2610,1740,2721,object,2336,4160
train_1077.jpg,2174,2761,2339,2888,object,2336,4160
train_1077.jpg,2198,2599,2340,2755,object,2336,4160
train_1077.jpg,1208,2445,1369,2572,object,2336,4160
train_1077.jpg,685,1479,892,1638,object,2336,4160
train_1077.jpg,522,1475,684,1636,object,2336,4160
train_1077.jpg,355,1474,522,1636,object,2336,4160
train_1077.jpg,148,1469,343,1640,object,2336,4160
train_1077.jpg,15,1468,149,1641,object,2336,4160
train_1077.jpg,148,1273,307,1454,object,2336,4160
train_1077.jpg,5,1301,150,1453,object,2336,4160
train_1077.jpg,2041,840,2214,1045,object,2336,4160
train_1077.jpg,1696,842,1871,1040,object,2336,4160
train_1077.jpg,2041,1039,2211,1217,object,2336,4160
train_1077.jpg,1868,1045,2041,1216,object,2336,4160
train_1077.jpg,1705,1046,1867,1227,object,2336,4160
train_1077.jpg,1497,925,1696,1079,object,2336,4160
train_1077.jpg,1513,1078,1703,1217,object,2336,4160
train_1077.jpg,1309,913,1493,1075,object,2336,4160
train_1077.jpg,1030,2218,1203,2383,object,2336,4160
train_1077.jpg,1972,2588,2163,2874,object,2336,4160
train_1077.jpg,1750,2605,1958,2869,object,2336,4160
train_1077.jpg,1873,838,2039,1041,object,2336,4160
train_1077.jpg,1424,2718,1581,2854,object,2336,4160
train_1077.jpg,1582,2721,1747,2869,object,2336,4160
train_1077.jpg,1213,2029,1489,2223,object,2336,4160
train_1077.jpg,853,2074,1023,2223,object,2336,4160
train_1077.jpg,1040,2124,1185,2219,object,2336,4160
train_1077.jpg,1489,2206,1677,2391,object,2336,4160
train_1077.jpg,1691,2270,2075,2395,object,2336,4160
train_1077.jpg,1720,2139,2096,2267,object,2336,4160
train_1077.jpg,2095,2095,2340,2262,object,2336,4160
train_1077.jpg,2110,2256,2339,2386,object,2336,4160
train_1077.jpg,15,2529,177,2821,object,2336,4160
train_1077.jpg,1535,2059,1676,2203,object,2336,4160
train_1077.jpg,197,2568,463,2819,object,2336,4160
train_1077.jpg,833,2711,1002,2845,object,2336,4160
train_1077.jpg,10,2391,182,2525,object,2336,4160
train_1077.jpg,961,2504,1107,2686,object,2336,4160
train_1077.jpg,1005,2700,1161,2839,object,2336,4160
train_1077.jpg,651,2547,779,2686,object,2336,4160
train_1077.jpg,789,2524,964,2699,object,2336,4160
train_1077.jpg,675,2701,828,2824,object,2336,4160
train_1077.jpg,503,2696,679,2824,object,2336,4160
train_1077.jpg,458,2548,628,2678,object,2336,4160
train_1077.jpg,212,2430,428,2557,object,2336,4160
train_1078.jpg,2310,2368,2448,2779,object,2448,3264
train_1078.jpg,2020,2362,2306,2789,object,2448,3264
train_1078.jpg,1124,294,1225,579,object,2448,3264
train_1078.jpg,1920,2372,2021,2765,object,2448,3264
train_1078.jpg,1012,297,1115,573,object,2448,3264
train_1078.jpg,1800,2426,1913,2800,object,2448,3264
train_1078.jpg,1495,2430,1554,2774,object,2448,3264
train_1078.jpg,1564,2426,1693,2810,object,2448,3264
train_1078.jpg,1425,2434,1490,2815,object,2448,3264
train_1078.jpg,1333,2437,1417,2809,object,2448,3264
train_1078.jpg,1228,297,1335,576,object,2448,3264
train_1078.jpg,1252,2445,1322,2817,object,2448,3264
train_1078.jpg,1692,2461,1799,2803,object,2448,3264
train_1078.jpg,1340,386,1420,590,object,2448,3264
train_1078.jpg,800,2179,852,2313,object,2448,3264
train_1078.jpg,1561,425,1655,592,object,2448,3264
train_1078.jpg,1167,2461,1247,2806,object,2448,3264
train_1078.jpg,1916,1819,1989,2007,object,2448,3264
train_1078.jpg,367,2140,498,2310,object,2448,3264
train_1078.jpg,606,2167,672,2312,object,2448,3264
train_1078.jpg,680,2182,746,2313,object,2448,3264
train_1078.jpg,749,2155,794,2303,object,2448,3264
train_1078.jpg,1449,409,1554,588,object,2448,3264
train_1078.jpg,858,2179,910,2319,object,2448,3264
train_1078.jpg,958,2179,1007,2303,object,2448,3264
train_1078.jpg,1027,2171,1076,2318,object,2448,3264
train_1078.jpg,2144,220,2239,621,object,2448,3264
train_1078.jpg,1993,321,2116,615,object,2448,3264
train_1078.jpg,1873,321,1982,606,object,2448,3264
train_1078.jpg,1669,317,1868,598,object,2448,3264
train_1078.jpg,923,2152,951,2281,object,2448,3264
train_1078.jpg,1093,2461,1165,2808,object,2448,3264
train_1078.jpg,1398,2152,1448,2281,object,2448,3264
train_1078.jpg,927,2464,1003,2821,object,2448,3264
train_1078.jpg,1518,2179,1576,2286,object,2448,3264
train_1078.jpg,1452,2167,1508,2300,object,2448,3264
train_1078.jpg,1831,1839,1884,1989,object,2448,3264
train_1078.jpg,1348,2132,1389,2264,object,2448,3264
train_1078.jpg,1294,2163,1336,2290,object,2448,3264
train_1078.jpg,1143,2105,1268,2255,object,2448,3264
train_1078.jpg,1580,2152,1618,2282,object,2448,3264
train_1078.jpg,1085,2175,1139,2328,object,2448,3264
train_1078.jpg,792,294,903,570,object,2448,3264
train_1078.jpg,688,294,793,563,object,2448,3264
train_1078.jpg,576,294,682,560,object,2448,3264
train_1078.jpg,409,201,567,559,object,2448,3264
train_1078.jpg,247,189,406,548,object,2448,3264
train_1078.jpg,2,230,239,612,object,2448,3264
train_1078.jpg,908,297,1008,573,object,2448,3264
train_1078.jpg,1004,2468,1086,2813,object,2448,3264
train_1078.jpg,1673,2140,1721,2300,object,2448,3264
train_1078.jpg,1827,2097,1898,2303,object,2448,3264
train_1078.jpg,854,2488,924,2803,object,2448,3264
train_1078.jpg,773,2484,855,2818,object,2448,3264
train_1078.jpg,695,2480,770,2819,object,2448,3264
train_1078.jpg,614,2476,690,2808,object,2448,3264
train_1078.jpg,541,2476,615,2822,object,2448,3264
train_1078.jpg,464,2476,541,2815,object,2448,3264
train_1078.jpg,1730,2097,1824,2306,object,2448,3264
train_1078.jpg,382,2488,460,2819,object,2448,3264
train_1078.jpg,12,2507,296,2811,object,2448,3264
train_1078.jpg,2271,1943,2389,2157,object,2448,3264
train_1078.jpg,2148,1943,2251,2001,object,2448,3264
train_1078.jpg,2144,2020,2272,2221,object,2448,3264
train_1078.jpg,1993,1966,2138,2255,object,2448,3264
train_1078.jpg,1904,2094,1998,2309,object,2448,3264
train_1078.jpg,309,2491,370,2816,object,2448,3264
train_1078.jpg,1761,1877,1830,2038,object,2448,3264
train_1078.jpg,127,1993,332,2103,object,2448,3264
train_1078.jpg,1541,1781,1684,2034,object,2448,3264
train_1078.jpg,2201,1285,2308,1394,object,2448,3264
train_1078.jpg,2105,1286,2197,1394,object,2448,3264
train_1078.jpg,1897,1133,2030,1387,object,2448,3264
train_1078.jpg,1761,1124,1879,1368,object,2448,3264
train_1078.jpg,1638,1147,1747,1356,object,2448,3264
train_1078.jpg,1522,1136,1620,1365,object,2448,3264
train_1078.jpg,1414,1128,1521,1363,object,2448,3264
train_1078.jpg,1290,1128,1396,1358,object,2448,3264
train_1078.jpg,1170,1128,1276,1350,object,2448,3264
train_1078.jpg,1688,1889,1759,2045,object,2448,3264
train_1078.jpg,939,1116,1051,1364,object,2448,3264
train_1078.jpg,830,1109,929,1370,object,2448,3264
train_1078.jpg,711,1085,816,1357,object,2448,3264
train_1078.jpg,556,1109,686,1352,object,2448,3264
train_1078.jpg,448,1112,549,1365,object,2448,3264
train_1078.jpg,317,1105,438,1335,object,2448,3264
train_1078.jpg,12,888,260,1207,object,2448,3264
train_1078.jpg,1758,757,1840,1018,object,2448,3264
train_1078.jpg,1649,753,1745,987,object,2448,3264
train_1078.jpg,1537,749,1642,989,object,2448,3264
train_1078.jpg,1445,757,1528,993,object,2448,3264
train_1078.jpg,1228,734,1425,989,object,2448,3264
train_1078.jpg,1024,746,1221,991,object,2448,3264
train_1078.jpg,2311,1290,2419,1399,object,2448,3264
train_1078.jpg,778,721,976,975,object,2448,3264
train_1078.jpg,270,633,513,971,object,2448,3264
train_1078.jpg,2260,228,2359,615,object,2448,3264
train_1078.jpg,1846,746,1945,1003,object,2448,3264
train_1078.jpg,1951,738,2040,1000,object,2448,3264
train_1078.jpg,2040,742,2138,1003,object,2448,3264
train_1078.jpg,2152,873,2342,1140,object,2448,3264
train_1078.jpg,518,637,762,972,object,2448,3264
train_1078.jpg,2096,1394,2196,1490,object,2448,3264
train_1078.jpg,1062,1124,1169,1349,object,2448,3264
train_1078.jpg,2317,1401,2417,1498,object,2448,3264
train_1078.jpg,1383,1788,1536,2036,object,2448,3264
train_1078.jpg,1252,1781,1380,2028,object,2448,3264
train_1078.jpg,1116,1785,1248,2041,object,2448,3264
train_1078.jpg,2207,1397,2307,1494,object,2448,3264
train_1078.jpg,858,1800,964,2028,object,2448,3264
train_1078.jpg,722,1831,848,2030,object,2448,3264
train_1078.jpg,363,1788,569,1990,object,2448,3264
train_1078.jpg,131,2117,329,2263,object,2448,3264
train_1078.jpg,104,1846,330,1984,object,2448,3264
train_1078.jpg,2387,1765,2450,1860,object,2448,3264
train_1078.jpg,2279,1750,2383,1850,object,2448,3264
train_1078.jpg,2167,1746,2269,1849,object,2448,3264
train_1078.jpg,2040,1734,2151,1844,object,2448,3264
train_1078.jpg,2337,1580,2451,1724,object,2448,3264
train_1078.jpg,2140,1599,2283,1726,object,2448,3264
train_1078.jpg,977,1839,1110,2039,object,2448,3264
train_1078.jpg,1634,1603,1721,1727,object,2448,3264
train_1078.jpg,1889,1445,2006,1717,object,2448,3264
train_1078.jpg,640,1463,792,1707,object,2448,3264
train_1078.jpg,499,1468,626,1707,object,2448,3264
train_1078.jpg,104,1391,311,1718,object,2448,3264
train_1078.jpg,23,1367,102,1720,object,2448,3264
train_1078.jpg,800,1491,941,1708,object,2448,3264
train_1078.jpg,954,1460,1058,1716,object,2448,3264
train_1078.jpg,328,1452,489,1715,object,2448,3264
train_1078.jpg,1178,1472,1287,1716,object,2448,3264
train_1078.jpg,1294,1460,1400,1705,object,2448,3264
train_1078.jpg,1410,1445,1514,1713,object,2448,3264
train_1078.jpg,1514,1441,1625,1721,object,2448,3264
train_1078.jpg,1062,1449,1173,1707,object,2448,3264
train_1078.jpg,1730,1499,1885,1719,object,2448,3264
train_1079.jpg,1442,2017,1502,2246,object,1920,2560
train_1079.jpg,1577,1589,1644,1808,object,1920,2560
train_1079.jpg,1646,1577,1719,1796,object,1920,2560
train_1079.jpg,1729,1580,1814,1758,object,1920,2560
train_1079.jpg,1826,1586,1919,1744,object,1920,2560
train_1079.jpg,1768,2044,1839,2130,object,1920,2560
train_1079.jpg,1647,1996,1703,2185,object,1920,2560
train_1079.jpg,1565,2011,1642,2198,object,1920,2560
train_1079.jpg,1462,1738,1565,1806,object,1920,2560
train_1079.jpg,1844,2032,1913,2107,object,1920,2560
train_1079.jpg,1359,1753,1459,1832,object,1920,2560
train_1079.jpg,761,1814,900,1951,object,1920,2560
train_1079.jpg,1247,1680,1297,1860,object,1920,2560
train_1079.jpg,1192,1693,1241,1871,object,1920,2560
train_1079.jpg,1119,1656,1193,1879,object,1920,2560
train_1079.jpg,1049,1668,1115,1907,object,1920,2560
train_1079.jpg,968,1693,1045,1905,object,1920,2560
train_1079.jpg,907,1714,961,1928,object,1920,2560
train_1079.jpg,607,1835,757,1958,object,1920,2560
train_1079.jpg,409,1893,576,2009,object,1920,2560
train_1079.jpg,408,1834,551,1877,object,1920,2560
train_1079.jpg,403,1774,554,1827,object,1920,2560
train_1079.jpg,1374,2032,1440,2247,object,1920,2560
train_1079.jpg,1301,1674,1349,1855,object,1920,2560
train_1079.jpg,1295,2117,1373,2276,object,1920,2560
train_1079.jpg,1705,2072,1768,2151,object,1920,2560
train_1079.jpg,1025,2181,1154,2339,object,1920,2560
train_1079.jpg,607,1153,681,1373,object,1920,2560
train_1079.jpg,510,1165,598,1381,object,1920,2560
train_1079.jpg,0,1204,49,1446,object,1920,2560
train_1079.jpg,255,1183,363,1413,object,1920,2560
train_1079.jpg,158,1192,253,1422,object,1920,2560
train_1079.jpg,55,1198,151,1436,object,1920,2560
train_1079.jpg,140,813,245,1061,object,1920,2560
train_1079.jpg,251,861,334,1056,object,1920,2560
train_1079.jpg,692,1153,784,1370,object,1920,2560
train_1079.jpg,416,957,524,1043,object,1920,2560
train_1079.jpg,622,946,726,1020,object,1920,2560
train_1079.jpg,728,940,816,1018,object,1920,2560
train_1079.jpg,823,822,887,1018,object,1920,2560
train_1079.jpg,892,819,971,1003,object,1920,2560
train_1079.jpg,971,834,1051,1002,object,1920,2560
train_1079.jpg,1057,828,1124,992,object,1920,2560
train_1079.jpg,1128,922,1197,989,object,1920,2560
train_1079.jpg,1204,916,1278,989,object,1920,2560
train_1079.jpg,525,949,617,1034,object,1920,2560
train_1079.jpg,1283,913,1354,987,object,1920,2560
train_1079.jpg,861,1274,940,1354,object,1920,2560
train_1079.jpg,1010,1104,1090,1319,object,1920,2560
train_1079.jpg,16,1928,192,2012,object,1920,2560
train_1079.jpg,20,1877,172,1923,object,1920,2560
train_1079.jpg,18,1826,171,1864,object,1920,2560
train_1079.jpg,0,1523,61,1763,object,1920,2560
train_1079.jpg,67,1514,197,1747,object,1920,2560
train_1079.jpg,201,1492,322,1737,object,1920,2560
train_1079.jpg,328,1477,453,1707,object,1920,2560
train_1079.jpg,576,1538,730,1665,object,1920,2560
train_1079.jpg,943,1113,1007,1332,object,1920,2560
train_1079.jpg,740,1501,888,1630,object,1920,2560
train_1079.jpg,1247,1380,1337,1561,object,1920,2560
train_1079.jpg,1465,1365,1551,1547,object,1920,2560
train_1079.jpg,1565,1447,1659,1529,object,1920,2560
train_1079.jpg,1667,1338,1732,1507,object,1920,2560
train_1079.jpg,1738,1325,1847,1483,object,1920,2560
train_1079.jpg,1359,1089,1560,1277,object,1920,2560
train_1079.jpg,1171,2157,1290,2292,object,1920,2560
train_1079.jpg,1101,1104,1193,1314,object,1920,2560
train_1079.jpg,1174,1380,1242,1580,object,1920,2560
train_1079.jpg,29,2016,202,2076,object,1920,2560
train_1079.jpg,1359,907,1432,978,object,1920,2560
train_1079.jpg,1605,837,1683,945,object,1920,2560
train_1079.jpg,130,428,257,677,object,1920,2560
train_1079.jpg,0,595,124,682,object,1920,2560
train_1079.jpg,61,76,187,304,object,1920,2560
train_1079.jpg,193,94,287,302,object,1920,2560
train_1079.jpg,291,88,371,306,object,1920,2560
train_1079.jpg,375,84,445,307,object,1920,2560
train_1079.jpg,449,115,554,307,object,1920,2560
train_1079.jpg,555,112,650,312,object,1920,2560
train_1079.jpg,307,382,406,664,object,1920,2560
train_1079.jpg,655,103,708,309,object,1920,2560
train_1079.jpg,810,76,1053,323,object,1920,2560
train_1079.jpg,1059,97,1269,317,object,1920,2560
train_1079.jpg,1274,130,1353,322,object,1920,2560
train_1079.jpg,1404,118,1592,329,object,1920,2560
train_1079.jpg,1617,173,1696,332,object,1920,2560
train_1079.jpg,1708,212,1772,340,object,1920,2560
train_1079.jpg,1777,170,1840,338,object,1920,2560
train_1079.jpg,1844,173,1920,329,object,1920,2560
train_1079.jpg,713,64,805,324,object,1920,2560
train_1079.jpg,1434,773,1601,966,object,1920,2560
train_1079.jpg,413,375,504,667,object,1920,2560
train_1079.jpg,591,461,667,656,object,1920,2560
train_1079.jpg,1768,825,1891,940,object,1920,2560
train_1079.jpg,1301,431,1470,645,object,1920,2560
train_1079.jpg,1474,434,1537,639,object,1920,2560
train_1079.jpg,1541,431,1602,634,object,1920,2560
train_1079.jpg,1608,431,1671,635,object,1920,2560
train_1079.jpg,1674,434,1736,636,object,1920,2560
train_1079.jpg,1738,437,1798,632,object,1920,2560
train_1079.jpg,1802,434,1859,629,object,1920,2560
train_1079.jpg,507,461,587,658,object,1920,2560
train_1079.jpg,1862,476,1922,627,object,1920,2560
train_1079.jpg,1177,507,1233,647,object,1920,2560
train_1079.jpg,1107,464,1173,645,object,1920,2560
train_1079.jpg,1034,464,1100,663,object,1920,2560
train_1079.jpg,962,470,1031,650,object,1920,2560
train_1079.jpg,895,476,959,651,object,1920,2560
train_1079.jpg,816,464,889,663,object,1920,2560
train_1079.jpg,736,467,813,655,object,1920,2560
train_1079.jpg,670,494,733,663,object,1920,2560
train_1079.jpg,1238,510,1298,644,object,1920,2560
train_1079.jpg,212,1875,384,2034,object,1920,2560
train_1079.jpg,1194,1092,1285,1313,object,1920,2560
train_1079.jpg,282,2354,489,2504,object,1920,2560
train_1079.jpg,64,2375,253,2512,object,1920,2560
train_1079.jpg,673,2214,813,2347,object,1920,2560
train_1079.jpg,861,2238,1009,2362,object,1920,2560
train_108.jpg,129,1811,190,2098,object,2448,3264
train_108.jpg,1996,513,2215,736,object,2448,3264
train_108.jpg,2219,739,2446,939,object,2448,3264
train_108.jpg,1620,2869,1780,3177,object,2448,3264
train_108.jpg,1808,2750,2179,3151,object,2448,3264
train_108.jpg,2231,2759,2451,3041,object,2448,3264
train_108.jpg,2235,3045,2450,3212,object,2448,3264
train_108.jpg,325,2378,632,2552,object,2448,3264
train_108.jpg,304,2303,626,2380,object,2448,3264
train_108.jpg,638,2313,824,2391,object,2448,3264
train_108.jpg,841,2310,1023,2399,object,2448,3264
train_108.jpg,642,2391,838,2563,object,2448,3264
train_108.jpg,1976,735,2222,943,object,2448,3264
train_108.jpg,1771,516,1990,763,object,2448,3264
train_108.jpg,1349,493,1538,712,object,2448,3264
train_108.jpg,1554,638,1757,946,object,2448,3264
train_108.jpg,845,2398,1035,2571,object,2448,3264
train_108.jpg,1417,2870,1620,3166,object,2448,3264
train_108.jpg,434,1915,618,2043,object,2448,3264
train_108.jpg,434,2047,635,2192,object,2448,3264
train_108.jpg,646,2030,832,2188,object,2448,3264
train_108.jpg,630,1922,834,2031,object,2448,3264
train_108.jpg,849,2052,1047,2203,object,2448,3264
train_108.jpg,843,1921,1045,2051,object,2448,3264
train_108.jpg,1346,714,1548,931,object,2448,3264
train_108.jpg,1126,487,1342,681,object,2448,3264
train_108.jpg,1135,680,1342,928,object,2448,3264
train_108.jpg,877,525,1115,740,object,2448,3264
train_108.jpg,1757,766,1959,947,object,2448,3264
train_108.jpg,1037,2326,1189,2571,object,2448,3264
train_108.jpg,1354,2346,1506,2587,object,2448,3264
train_108.jpg,877,739,1115,916,object,2448,3264
train_108.jpg,1714,210,1918,391,object,2448,3264
train_108.jpg,1495,219,1713,390,object,2448,3264
train_108.jpg,2172,6,2438,204,object,2448,3264
train_108.jpg,1945,2,2172,215,object,2448,3264
train_108.jpg,1710,6,1923,204,object,2448,3264
train_108.jpg,1585,2,1701,207,object,2448,3264
train_108.jpg,1303,79,1585,223,object,2448,3264
train_108.jpg,1295,218,1494,384,object,2448,3264
train_108.jpg,1084,200,1286,387,object,2448,3264
train_108.jpg,1922,211,2136,402,object,2448,3264
train_108.jpg,262,2023,431,2176,object,2448,3264
train_108.jpg,2059,2362,2340,2485,object,2448,3264
train_108.jpg,2055,2484,2340,2630,object,2448,3264
train_108.jpg,1687,2364,2037,2614,object,2448,3264
train_108.jpg,1511,2356,1677,2592,object,2448,3264
train_108.jpg,1080,14,1257,196,object,2448,3264
train_108.jpg,857,31,1076,231,object,2448,3264
train_108.jpg,877,233,1080,376,object,2448,3264
train_108.jpg,626,207,861,370,object,2448,3264
train_108.jpg,583,12,824,204,object,2448,3264
train_108.jpg,384,4,579,176,object,2448,3264
train_108.jpg,340,175,580,356,object,2448,3264
train_108.jpg,86,1,324,168,object,2448,3264
train_108.jpg,106,173,326,348,object,2448,3264
train_108.jpg,2225,513,2442,736,object,2448,3264
train_108.jpg,31,320,88,669,object,2448,3264
train_108.jpg,43,678,103,1025,object,2448,3264
train_108.jpg,1186,2325,1352,2580,object,2448,3264
train_108.jpg,620,506,869,720,object,2448,3264
train_108.jpg,626,719,875,904,object,2448,3264
train_108.jpg,386,483,614,701,object,2448,3264
train_108.jpg,399,1219,639,1374,object,2448,3264
train_108.jpg,400,1027,638,1221,object,2448,3264
train_108.jpg,654,1018,885,1215,object,2448,3264
train_108.jpg,654,1217,913,1392,object,2448,3264
train_108.jpg,920,1235,1136,1393,object,2448,3264
train_108.jpg,911,1049,1127,1221,object,2448,3264
train_108.jpg,1139,1211,1350,1405,object,2448,3264
train_108.jpg,51,1043,126,1358,object,2448,3264
train_108.jpg,1141,1029,1346,1213,object,2448,3264
train_108.jpg,1358,1037,1532,1219,object,2448,3264
train_108.jpg,1352,1221,1530,1409,object,2448,3264
train_108.jpg,1534,1219,1720,1421,object,2448,3264
train_108.jpg,1534,1039,1722,1217,object,2448,3264
train_108.jpg,1722,1226,1932,1425,object,2448,3264
train_108.jpg,1735,1053,1922,1225,object,2448,3264
train_108.jpg,1937,1247,2147,1421,object,2448,3264
train_108.jpg,2168,1248,2394,1441,object,2448,3264
train_108.jpg,1961,1074,2214,1245,object,2448,3264
train_108.jpg,1290,2698,1425,2955,object,2448,3264
train_108.jpg,1276,2954,1425,3131,object,2448,3264
train_108.jpg,1095,2695,1272,2963,object,2448,3264
train_108.jpg,1104,2961,1274,3119,object,2448,3264
train_108.jpg,943,2865,1092,3122,object,2448,3264
train_108.jpg,759,2863,944,3131,object,2448,3264
train_108.jpg,431,2785,715,2967,object,2448,3264
train_108.jpg,462,2974,745,3117,object,2448,3264
train_108.jpg,184,2964,453,3111,object,2448,3264
train_108.jpg,211,2357,262,2610,object,2448,3264
train_108.jpg,164,2102,233,2352,object,2448,3264
train_108.jpg,132,1023,387,1209,object,2448,3264
train_108.jpg,160,1212,389,1370,object,2448,3264
train_108.jpg,2266,1713,2446,1871,object,2448,3264
train_108.jpg,2001,1537,2258,1683,object,2448,3264
train_108.jpg,364,701,618,900,object,2448,3264
train_108.jpg,121,487,352,704,object,2448,3264
train_108.jpg,137,704,350,892,object,2448,3264
train_108.jpg,2211,1072,2401,1238,object,2448,3264
train_108.jpg,1061,2060,1233,2215,object,2448,3264
train_108.jpg,1057,1933,1233,2059,object,2448,3264
train_108.jpg,1237,2068,1420,2223,object,2448,3264
train_108.jpg,1244,1934,1413,2070,object,2448,3264
train_108.jpg,1413,1983,1604,2227,object,2448,3264
train_108.jpg,1605,1980,1772,2231,object,2448,3264
train_108.jpg,1773,2079,2075,2246,object,2448,3264
train_108.jpg,1788,1953,2074,2078,object,2448,3264
train_108.jpg,2078,2100,2271,2258,object,2448,3264
train_108.jpg,2081,1970,2274,2102,object,2448,3264
train_108.jpg,86,1378,169,1679,object,2448,3264
train_108.jpg,2274,2143,2448,2278,object,2448,3264
train_108.jpg,235,1600,423,1785,object,2448,3264
train_108.jpg,442,1624,663,1801,object,2448,3264
train_108.jpg,474,1483,643,1624,object,2448,3264
train_108.jpg,665,1508,891,1667,object,2448,3264
train_108.jpg,896,1515,1126,1682,object,2448,3264
train_108.jpg,678,1683,908,1810,object,2448,3264
train_108.jpg,939,1684,1166,1816,object,2448,3264
train_108.jpg,1139,1515,1333,1659,object,2448,3264
train_108.jpg,1338,1515,1544,1649,object,2448,3264
train_108.jpg,1357,1655,1550,1832,object,2448,3264
train_108.jpg,1170,1656,1358,1832,object,2448,3264
train_108.jpg,1573,1631,1778,1847,object,2448,3264
train_108.jpg,1781,1628,1958,1854,object,2448,3264
train_108.jpg,1965,1684,2259,1855,object,2448,3264
train_108.jpg,2289,1986,2443,2149,object,2448,3264
train_108.jpg,2137,218,2405,403,object,2448,3264
train_1080.jpg,1562,591,1674,904,object,2448,3264
train_1080.jpg,2211,207,2335,509,object,2448,3264
train_1080.jpg,446,1789,573,2094,object,2448,3264
train_1080.jpg,571,1792,687,2094,object,2448,3264
train_1080.jpg,689,1792,802,2087,object,2448,3264
train_1080.jpg,798,1778,925,2086,object,2448,3264
train_1080.jpg,924,1845,1033,2094,object,2448,3264
train_1080.jpg,1033,1843,1101,2072,object,2448,3264
train_1080.jpg,1100,1815,1212,2086,object,2448,3264
train_1080.jpg,1229,1816,1332,2082,object,2448,3264
train_1080.jpg,1335,1813,1408,2082,object,2448,3264
train_1080.jpg,2336,204,2449,524,object,2448,3264
train_1080.jpg,1417,1824,1503,2084,object,2448,3264
train_1080.jpg,1507,1783,1627,2082,object,2448,3264
train_1080.jpg,1628,1785,1739,2084,object,2448,3264
train_1080.jpg,1742,1777,1861,2074,object,2448,3264
train_1080.jpg,297,1763,446,2102,object,2448,3264
train_1080.jpg,1859,1777,1962,2079,object,2448,3264
train_1080.jpg,2082,1781,2203,2075,object,2448,3264
train_1080.jpg,2203,1756,2341,2074,object,2448,3264
train_1080.jpg,2340,1757,2448,2075,object,2448,3264
train_1080.jpg,55,1374,232,1696,object,2448,3264
train_1080.jpg,243,1368,405,1691,object,2448,3264
train_1080.jpg,423,1382,559,1693,object,2448,3264
train_1080.jpg,560,1380,675,1695,object,2448,3264
train_1080.jpg,677,1378,805,1697,object,2448,3264
train_1080.jpg,802,1378,921,1699,object,2448,3264
train_1080.jpg,924,1400,1016,1687,object,2448,3264
train_1080.jpg,1021,1401,1119,1683,object,2448,3264
train_1080.jpg,1123,1410,1222,1691,object,2448,3264
train_1080.jpg,1221,1409,1334,1684,object,2448,3264
train_1080.jpg,1335,1424,1454,1687,object,2448,3264
train_1080.jpg,1965,1782,2085,2082,object,2448,3264
train_1080.jpg,149,1769,301,2099,object,2448,3264
train_1080.jpg,4,1772,146,2098,object,2448,3264
train_1080.jpg,2336,2145,2452,2483,object,2448,3264
train_1080.jpg,1,2668,106,3006,object,2448,3264
train_1080.jpg,106,2646,226,3002,object,2448,3264
train_1080.jpg,227,2646,369,2999,object,2448,3264
train_1080.jpg,372,2642,486,2994,object,2448,3264
train_1080.jpg,497,2630,646,3018,object,2448,3264
train_1080.jpg,650,2609,795,3010,object,2448,3264
train_1080.jpg,794,2610,959,2992,object,2448,3264
train_1080.jpg,959,2611,1112,2990,object,2448,3264
train_1080.jpg,1111,2614,1271,3001,object,2448,3264
train_1080.jpg,1276,2636,1425,2998,object,2448,3264
train_1080.jpg,1425,2638,1581,2996,object,2448,3264
train_1080.jpg,1577,2629,1729,2986,object,2448,3264
train_1080.jpg,1730,2630,1875,2995,object,2448,3264
train_1080.jpg,1875,2637,2025,2994,object,2448,3264
train_1080.jpg,2027,2638,2187,2982,object,2448,3264
train_1080.jpg,2207,2614,2358,2978,object,2448,3264
train_1080.jpg,2356,2614,2448,2974,object,2448,3264
train_1080.jpg,2199,2142,2336,2477,object,2448,3264
train_1080.jpg,2016,2153,2183,2488,object,2448,3264
train_1080.jpg,1879,2152,2013,2493,object,2448,3264
train_1080.jpg,1714,2160,1877,2494,object,2448,3264
train_1080.jpg,1562,2161,1715,2485,object,2448,3264
train_1080.jpg,1389,2149,1552,2490,object,2448,3264
train_1080.jpg,1452,1425,1537,1686,object,2448,3264
train_1080.jpg,1225,2153,1385,2489,object,2448,3264
train_1080.jpg,943,2160,1081,2485,object,2448,3264
train_1080.jpg,787,2168,938,2495,object,2448,3264
train_1080.jpg,638,2165,788,2505,object,2448,3264
train_1080.jpg,477,2168,636,2505,object,2448,3264
train_1080.jpg,278,2171,453,2509,object,2448,3264
train_1080.jpg,55,2180,266,2518,object,2448,3264
train_1080.jpg,1080,2160,1227,2492,object,2448,3264
train_1080.jpg,1538,1376,1637,1683,object,2448,3264
train_1080.jpg,1041,1006,1177,1302,object,2448,3264
train_1080.jpg,1745,1382,1866,1683,object,2448,3264
train_1080.jpg,1875,595,1970,902,object,2448,3264
train_1080.jpg,1777,594,1875,896,object,2448,3264
train_1080.jpg,1675,591,1775,896,object,2448,3264
train_1080.jpg,1636,1378,1747,1683,object,2448,3264
train_1080.jpg,1338,626,1457,905,object,2448,3264
train_1080.jpg,1217,574,1338,896,object,2448,3264
train_1080.jpg,1076,590,1209,900,object,2448,3264
train_1080.jpg,1972,593,2088,900,object,2448,3264
train_1080.jpg,939,587,1075,900,object,2448,3264
train_1080.jpg,673,571,805,910,object,2448,3264
train_1080.jpg,540,570,667,900,object,2448,3264
train_1080.jpg,395,567,542,899,object,2448,3264
train_1080.jpg,258,578,377,896,object,2448,3264
train_1080.jpg,113,579,259,895,object,2448,3264
train_1080.jpg,3,582,106,892,object,2448,3264
train_1080.jpg,2278,1011,2425,1295,object,2448,3264
train_1080.jpg,802,582,934,908,object,2448,3264
train_1080.jpg,2086,591,2189,896,object,2448,3264
train_1080.jpg,2192,586,2307,896,object,2448,3264
train_1080.jpg,2309,587,2437,902,object,2448,3264
train_1080.jpg,2109,215,2211,516,object,2448,3264
train_1080.jpg,2004,214,2109,517,object,2448,3264
train_1080.jpg,1906,200,2006,516,object,2448,3264
train_1080.jpg,1792,202,1904,524,object,2448,3264
train_1080.jpg,1687,204,1792,521,object,2448,3264
train_1080.jpg,1569,204,1687,513,object,2448,3264
train_1080.jpg,1452,223,1569,513,object,2448,3264
train_1080.jpg,1338,223,1454,513,object,2448,3264
train_1080.jpg,1209,227,1339,513,object,2448,3264
train_1080.jpg,1068,179,1203,513,object,2448,3264
train_1080.jpg,939,164,1071,512,object,2448,3264
train_1080.jpg,798,164,938,509,object,2448,3264
train_1080.jpg,665,160,800,511,object,2448,3264
train_1080.jpg,532,160,665,501,object,2448,3264
train_1080.jpg,387,157,531,501,object,2448,3264
train_1080.jpg,231,237,361,497,object,2448,3264
train_1080.jpg,82,231,231,497,object,2448,3264
train_1080.jpg,2153,1006,2268,1295,object,2448,3264
train_1080.jpg,2047,1010,2152,1295,object,2448,3264
train_1080.jpg,1460,616,1562,904,object,2448,3264
train_1080.jpg,1855,1010,1952,1301,object,2448,3264
train_1080.jpg,1636,1021,1756,1300,object,2448,3264
train_1080.jpg,1538,1019,1637,1299,object,2448,3264
train_1080.jpg,1428,1037,1540,1302,object,2448,3264
train_1080.jpg,1307,1035,1428,1299,object,2448,3264
train_1080.jpg,1178,1000,1303,1299,object,2448,3264
train_1080.jpg,920,1007,1043,1307,object,2448,3264
train_1080.jpg,787,978,918,1309,object,2448,3264
train_1080.jpg,1867,1382,1984,1681,object,2448,3264
train_1080.jpg,661,985,782,1299,object,2448,3264
train_1080.jpg,384,985,528,1307,object,2448,3264
train_1080.jpg,239,1002,381,1306,object,2448,3264
train_1080.jpg,129,1000,239,1303,object,2448,3264
train_1080.jpg,12,994,131,1309,object,2448,3264
train_1080.jpg,2235,1378,2377,1683,object,2448,3264
train_1080.jpg,2109,1382,2228,1681,object,2448,3264
train_1080.jpg,1953,1008,2047,1299,object,2448,3264
train_1080.jpg,528,982,665,1302,object,2448,3264
train_1080.jpg,1757,1008,1856,1299,object,2448,3264
train_1080.jpg,1984,1382,2108,1683,object,2448,3264
train_1081.jpg,178,421,272,623,object,2448,3264
train_1081.jpg,2241,384,2351,564,object,2448,3264
train_1081.jpg,2350,387,2451,562,object,2448,3264
train_1081.jpg,1687,2022,1824,2314,object,2448,3264
train_1081.jpg,1828,2026,1966,2305,object,2448,3264
train_1081.jpg,1962,684,2047,942,object,2448,3264
train_1081.jpg,2047,712,2127,943,object,2448,3264
train_1081.jpg,2127,714,2225,934,object,2448,3264
train_1081.jpg,2225,736,2342,933,object,2448,3264
train_1081.jpg,2354,728,2449,937,object,2448,3264
train_1081.jpg,2386,1545,2450,1812,object,2448,3264
train_1081.jpg,2245,1452,2392,1497,object,2448,3264
train_1081.jpg,2245,1505,2398,1548,object,2448,3264
train_1081.jpg,2253,1549,2386,1793,object,2448,3264
train_1081.jpg,2144,388,2239,574,object,2448,3264
train_1081.jpg,2083,1610,2250,1822,object,2448,3264
train_1081.jpg,1812,1408,1972,1552,object,2448,3264
train_1081.jpg,1650,1594,1799,1846,object,2448,3264
train_1081.jpg,1480,1606,1624,1844,object,2448,3264
train_1081.jpg,1290,1666,1484,1852,object,2448,3264
train_1081.jpg,1294,1464,1467,1666,object,2448,3264
train_1081.jpg,1108,1480,1278,1668,object,2448,3264
train_1081.jpg,1108,1670,1283,1855,object,2448,3264
train_1081.jpg,1856,1905,2013,1971,object,2448,3264
train_1081.jpg,987,1870,1107,2095,object,2448,3264
train_1081.jpg,866,1856,987,2093,object,2448,3264
train_1081.jpg,641,2010,833,2089,object,2448,3264
train_1081.jpg,647,1885,851,2009,object,2448,3264
train_1081.jpg,1545,2196,1674,2308,object,2448,3264
train_1081.jpg,1909,1642,2084,1844,object,2448,3264
train_1081.jpg,2030,384,2139,582,object,2448,3264
train_1081.jpg,1877,303,2019,582,object,2448,3264
train_1081.jpg,1731,303,1877,582,object,2448,3264
train_1081.jpg,380,447,492,619,object,2448,3264
train_1081.jpg,65,409,176,622,object,2448,3264
train_1081.jpg,3,380,61,616,object,2448,3264
train_1081.jpg,3,785,61,1044,object,2448,3264
train_1081.jpg,60,785,251,1052,object,2448,3264
train_1081.jpg,252,793,299,1053,object,2448,3264
train_1081.jpg,298,794,400,1039,object,2448,3264
train_1081.jpg,398,781,502,1038,object,2448,3264
train_1081.jpg,502,779,631,1039,object,2448,3264
train_1081.jpg,634,805,801,1043,object,2448,3264
train_1081.jpg,798,803,870,1023,object,2448,3264
train_1081.jpg,870,764,983,1027,object,2448,3264
train_1081.jpg,985,764,1092,1027,object,2448,3264
train_1081.jpg,1096,696,1185,964,object,2448,3264
train_1081.jpg,1184,696,1270,946,object,2448,3264
train_1081.jpg,1272,704,1355,953,object,2448,3264
train_1081.jpg,1356,704,1464,946,object,2448,3264
train_1081.jpg,1463,692,1565,949,object,2448,3264
train_1081.jpg,1568,688,1666,942,object,2448,3264
train_1081.jpg,1666,684,1767,946,object,2448,3264
train_1081.jpg,493,441,608,608,object,2448,3264
train_1081.jpg,1855,684,1962,941,object,2448,3264
train_1081.jpg,607,419,788,607,object,2448,3264
train_1081.jpg,789,392,970,590,object,2448,3264
train_1081.jpg,971,416,1134,591,object,2448,3264
train_1081.jpg,1149,324,1288,589,object,2448,3264
train_1081.jpg,1286,313,1430,586,object,2448,3264
train_1081.jpg,1432,315,1579,578,object,2448,3264
train_1081.jpg,1577,303,1728,578,object,2448,3264
train_1081.jpg,271,421,379,621,object,2448,3264
train_1081.jpg,1765,682,1852,942,object,2448,3264
train_1081.jpg,955,2532,1105,2883,object,2448,3264
train_1081.jpg,2188,2556,2287,2836,object,2448,3264
train_1081.jpg,121,2253,191,2389,object,2448,3264
train_1081.jpg,194,2254,238,2386,object,2448,3264
train_1081.jpg,235,2253,307,2384,object,2448,3264
train_1081.jpg,372,2245,434,2381,object,2448,3264
train_1081.jpg,433,2228,480,2378,object,2448,3264
train_1081.jpg,485,2237,553,2376,object,2448,3264
train_1081.jpg,554,2211,617,2374,object,2448,3264
train_1081.jpg,619,2212,680,2360,object,2448,3264
train_1081.jpg,684,2220,743,2382,object,2448,3264
train_1081.jpg,2358,1039,2449,1331,object,2448,3264
train_1081.jpg,2203,1076,2318,1331,object,2448,3264
train_1081.jpg,2038,1015,2204,1331,object,2448,3264
train_1081.jpg,1872,1124,2030,1341,object,2448,3264
train_1081.jpg,1685,1113,1873,1343,object,2448,3264
train_1081.jpg,69,2250,124,2398,object,2448,3264
train_1081.jpg,1513,1080,1687,1337,object,2448,3264
train_1081.jpg,1118,1007,1270,1311,object,2448,3264
train_1081.jpg,962,1181,1072,1427,object,2448,3264
train_1081.jpg,836,1188,963,1428,object,2448,3264
train_1081.jpg,713,1137,833,1433,object,2448,3264
train_1081.jpg,596,1196,716,1432,object,2448,3264
train_1081.jpg,478,1197,595,1441,object,2448,3264
train_1081.jpg,346,1184,477,1440,object,2448,3264
train_1081.jpg,228,1185,348,1450,object,2448,3264
train_1081.jpg,94,1198,226,1452,object,2448,3264
train_1081.jpg,3,1553,97,1817,object,2448,3264
train_1081.jpg,105,1545,212,1807,object,2448,3264
train_1081.jpg,283,1505,393,1781,object,2448,3264
train_1081.jpg,469,1505,561,1825,object,2448,3264
train_1081.jpg,562,1537,672,1809,object,2448,3264
train_1081.jpg,1272,1007,1513,1339,object,2448,3264
train_1081.jpg,12,2216,67,2399,object,2448,3264
train_1081.jpg,752,2220,822,2379,object,2448,3264
train_1081.jpg,878,2216,941,2365,object,2448,3264
train_1081.jpg,1966,2471,2137,2892,object,2448,3264
train_1081.jpg,1804,2475,1966,2896,object,2448,3264
train_1081.jpg,1674,2487,1809,2887,object,2448,3264
train_1081.jpg,1517,2479,1664,2894,object,2448,3264
train_1081.jpg,1246,2471,1404,2906,object,2448,3264
train_1081.jpg,1108,2419,1247,2843,object,2448,3264
train_1081.jpg,805,2516,944,2854,object,2448,3264
train_1081.jpg,538,2560,706,2934,object,2448,3264
train_1081.jpg,469,1865,620,2099,object,2448,3264
train_1081.jpg,320,1873,468,2096,object,2448,3264
train_1081.jpg,1,1873,142,2117,object,2448,3264
train_1081.jpg,138,1869,309,2084,object,2448,3264
train_1081.jpg,934,1536,1104,1800,object,2448,3264
train_1081.jpg,801,1501,925,1800,object,2448,3264
train_1081.jpg,679,1522,801,1808,object,2448,3264
train_1081.jpg,441,2589,531,2923,object,2448,3264
train_1081.jpg,356,2593,440,2931,object,2448,3264
train_1081.jpg,942,2200,997,2339,object,2448,3264
train_1081.jpg,1003,2204,1058,2347,object,2448,3264
train_1081.jpg,1052,2212,1120,2366,object,2448,3264
train_1081.jpg,1120,1978,1216,2275,object,2448,3264
train_1081.jpg,1213,1970,1314,2264,object,2448,3264
train_1081.jpg,1310,1929,1433,2206,object,2448,3264
train_1081.jpg,2314,2455,2450,2927,object,2448,3264
train_1081.jpg,1436,1994,1541,2303,object,2448,3264
train_1081.jpg,2123,1909,2254,2305,object,2448,3264
train_1081.jpg,2261,1937,2390,2259,object,2448,3264
train_1081.jpg,1,2459,93,2828,object,2448,3264
train_1081.jpg,112,2528,178,2884,object,2448,3264
train_1081.jpg,182,2556,255,2920,object,2448,3264
train_1081.jpg,259,2568,362,2931,object,2448,3264
train_1081.jpg,1966,2002,2127,2292,object,2448,3264
train_1081.jpg,2200,999,2339,1070,object,2448,3264
train_1082.jpg,1720,2782,2088,2909,object,3120,4160
train_1082.jpg,1750,3348,2217,3417,object,3120,4160
train_1082.jpg,1452,380,1739,666,object,3120,4160
train_1082.jpg,1184,382,1441,659,object,3120,4160
train_1082.jpg,1147,662,1429,899,object,3120,4160
train_1082.jpg,1429,664,1703,903,object,3120,4160
train_1082.jpg,1700,663,1982,899,object,3120,4160
train_1082.jpg,1988,676,2277,891,object,3120,4160
train_1082.jpg,2007,437,2284,664,object,3120,4160
train_1082.jpg,2281,438,2597,670,object,3120,4160
train_1082.jpg,2275,676,2574,893,object,3120,4160
train_1082.jpg,2576,692,2859,896,object,3120,4160
train_1082.jpg,2591,452,2859,692,object,3120,4160
train_1082.jpg,2853,528,3063,690,object,3120,4160
train_1082.jpg,2859,692,3123,896,object,3120,4160
train_1082.jpg,2844,346,3066,402,object,3120,4160
train_1082.jpg,2842,285,3063,348,object,3120,4160
train_1082.jpg,2828,89,3038,156,object,3120,4160
train_1082.jpg,2837,45,3039,91,object,3120,4160
train_1082.jpg,2608,34,2831,89,object,3120,4160
train_1082.jpg,2608,94,2830,151,object,3120,4160
train_1082.jpg,2603,151,2825,216,object,3120,4160
train_1082.jpg,2827,155,3026,212,object,3120,4160
train_1082.jpg,1731,402,2000,664,object,3120,4160
train_1082.jpg,2820,212,3028,257,object,3120,4160
train_1082.jpg,916,385,1139,663,object,3120,4160
train_1082.jpg,652,676,910,910,object,3120,4160
train_1082.jpg,1824,1173,2060,1407,object,3120,4160
train_1082.jpg,2064,1227,2401,1397,object,3120,4160
train_1082.jpg,2403,1150,2703,1378,object,3120,4160
train_1082.jpg,2703,1150,2982,1362,object,3120,4160
train_1082.jpg,2786,1368,3032,1618,object,3120,4160
train_1082.jpg,2440,1368,2786,1647,object,3120,4160
train_1082.jpg,2122,1396,2432,1653,object,3120,4160
train_1082.jpg,1815,1407,2116,1653,object,3120,4160
train_1082.jpg,1541,1402,1814,1656,object,3120,4160
train_1082.jpg,1268,1398,1545,1664,object,3120,4160
train_1082.jpg,1000,1402,1265,1667,object,3120,4160
train_1082.jpg,843,1362,995,1666,object,3120,4160
train_1082.jpg,28,747,135,917,object,3120,4160
train_1082.jpg,592,1379,815,1664,object,3120,4160
train_1082.jpg,413,1362,586,1642,object,3120,4160
train_1082.jpg,11,1346,318,1675,object,3120,4160
train_1082.jpg,195,412,433,676,object,3120,4160
train_1082.jpg,144,673,408,899,object,3120,4160
train_1082.jpg,687,413,905,673,object,3120,4160
train_1082.jpg,430,402,678,676,object,3120,4160
train_1082.jpg,405,676,653,898,object,3120,4160
train_1082.jpg,910,664,1139,910,object,3120,4160
train_1082.jpg,1556,1128,1826,1400,object,3120,4160
train_1082.jpg,2597,218,2817,255,object,3120,4160
train_1082.jpg,2619,327,2841,374,object,3120,4160
train_1082.jpg,1457,240,1664,265,object,3120,4160
train_1082.jpg,1446,279,1509,378,object,3120,4160
train_1082.jpg,1508,283,1566,380,object,3120,4160
train_1082.jpg,1563,285,1614,377,object,3120,4160
train_1082.jpg,1614,274,1670,374,object,3120,4160
train_1082.jpg,1674,335,1899,377,object,3120,4160
train_1082.jpg,1677,230,1893,274,object,3120,4160
train_1082.jpg,1675,94,1765,218,object,3120,4160
train_1082.jpg,1765,95,1820,230,object,3120,4160
train_1082.jpg,1820,102,1869,229,object,3120,4160
train_1082.jpg,1871,106,1949,236,object,3120,4160
train_1082.jpg,1954,101,2019,255,object,3120,4160
train_1082.jpg,2016,95,2077,257,object,3120,4160
train_1082.jpg,2077,95,2151,254,object,3120,4160
train_1082.jpg,2155,84,2217,222,object,3120,4160
train_1082.jpg,2217,77,2282,223,object,3120,4160
train_1082.jpg,2284,73,2368,219,object,3120,4160
train_1082.jpg,2155,223,2379,283,object,3120,4160
train_1082.jpg,2155,285,2376,349,object,3120,4160
train_1082.jpg,2150,346,2373,387,object,3120,4160
train_1082.jpg,1926,274,2144,391,object,3120,4160
train_1082.jpg,1457,201,1661,243,object,3120,4160
train_1082.jpg,2615,278,2842,329,object,3120,4160
train_1082.jpg,1452,159,1664,201,object,3120,4160
train_1082.jpg,1237,40,1452,101,object,3120,4160
train_1082.jpg,2390,346,2576,396,object,3120,4160
train_1082.jpg,2390,296,2591,345,object,3120,4160
train_1082.jpg,2390,229,2591,295,object,3120,4160
train_1082.jpg,2376,162,2597,219,object,3120,4160
train_1082.jpg,2379,101,2601,158,object,3120,4160
train_1082.jpg,2377,35,2608,101,object,3120,4160
train_1082.jpg,1040,246,1220,279,object,3120,4160
train_1082.jpg,782,285,836,399,object,3120,4160
train_1082.jpg,832,292,888,402,object,3120,4160
train_1082.jpg,882,283,988,357,object,3120,4160
train_1082.jpg,988,285,1040,394,object,3120,4160
train_1082.jpg,1039,281,1093,391,object,3120,4160
train_1082.jpg,1094,279,1149,394,object,3120,4160
train_1082.jpg,1146,281,1202,391,object,3120,4160
train_1082.jpg,1217,279,1279,391,object,3120,4160
train_1082.jpg,1279,274,1332,391,object,3120,4160
train_1082.jpg,1335,279,1392,381,object,3120,4160
train_1082.jpg,1390,289,1445,380,object,3120,4160
train_1082.jpg,1235,205,1457,257,object,3120,4160
train_1082.jpg,1233,162,1446,201,object,3120,4160
train_1082.jpg,1234,103,1450,162,object,3120,4160
train_1082.jpg,1452,84,1682,162,object,3120,4160
train_1082.jpg,1290,1130,1558,1396,object,3120,4160
train_1082.jpg,1021,1128,1284,1400,object,3120,4160
train_1082.jpg,1604,1063,1854,1128,object,3120,4160
train_1082.jpg,480,2865,793,3153,object,3120,4160
train_1082.jpg,235,2853,476,3133,object,3120,4160
train_1082.jpg,0,2820,230,3133,object,3120,4160
train_1082.jpg,893,1899,1164,1992,object,3120,4160
train_1082.jpg,1396,3440,1753,3668,object,3120,4160
train_1082.jpg,1396,3663,1753,3848,object,3120,4160
train_1082.jpg,1039,3661,1396,3853,object,3120,4160
train_1082.jpg,1039,3510,1233,3657,object,3120,4160
train_1082.jpg,620,3540,895,3871,object,3120,4160
train_1082.jpg,514,3590,619,3888,object,3120,4160
train_1082.jpg,377,3575,514,3870,object,3120,4160
train_1082.jpg,6,3529,285,3906,object,3120,4160
train_1082.jpg,218,3311,546,3559,object,3120,4160
train_1082.jpg,659,3294,849,3500,object,3120,4160
train_1082.jpg,871,3311,1045,3528,object,3120,4160
train_1082.jpg,893,3574,996,3831,object,3120,4160
train_1082.jpg,11,3317,208,3475,object,3120,4160
train_1082.jpg,1072,3306,1224,3397,object,3120,4160
train_1082.jpg,17,61,159,117,object,3120,4160
train_1082.jpg,17,117,166,172,object,3120,4160
train_1082.jpg,6,173,169,232,object,3120,4160
train_1082.jpg,793,2918,1048,3155,object,3120,4160
train_1082.jpg,73,246,311,307,object,3120,4160
train_1082.jpg,793,2667,1050,2915,object,3120,4160
train_1082.jpg,1083,2675,1414,2903,object,3120,4160
train_1082.jpg,1776,3420,2218,3518,object,3120,4160
train_1082.jpg,1773,3517,2245,3613,object,3120,4160
train_1082.jpg,1759,3613,2248,3702,object,3120,4160
train_1082.jpg,1759,3700,2206,3858,object,3120,4160
train_1082.jpg,2256,3412,2754,3635,object,3120,4160
train_1082.jpg,2216,3641,2691,3864,object,3120,4160
train_1082.jpg,2758,3646,3123,3841,object,3120,4160
train_1082.jpg,2775,3417,3052,3630,object,3120,4160
train_1082.jpg,2948,2825,3116,3060,object,3120,4160
train_1082.jpg,2457,3088,2915,3139,object,3120,4160
train_1082.jpg,2457,3015,2933,3085,object,3120,4160
train_1082.jpg,2457,2881,2955,3022,object,3120,4160
train_1082.jpg,2494,2814,2920,2870,object,3120,4160
train_1082.jpg,2412,2658,2904,2785,object,3120,4160
train_1082.jpg,1701,2916,2049,3121,object,3120,4160
train_1082.jpg,2050,2926,2457,3125,object,3120,4160
train_1082.jpg,2100,2786,2457,2923,object,3120,4160
train_1082.jpg,1725,2658,2145,2774,object,3120,4160
train_1082.jpg,1417,2660,1728,2904,object,3120,4160
train_1082.jpg,1374,2904,1698,3127,object,3120,4160
train_1082.jpg,1067,2904,1377,3125,object,3120,4160
train_1082.jpg,500,2662,782,2859,object,3120,4160
train_1082.jpg,84,307,314,364,object,3120,4160
train_1082.jpg,101,363,321,401,object,3120,4160
train_1082.jpg,318,357,546,402,object,3120,4160
train_1082.jpg,2793,2047,3121,2250,object,3120,4160
train_1082.jpg,2781,2247,3118,2490,object,3120,4160
train_1082.jpg,2490,2245,2781,2488,object,3120,4160
train_1082.jpg,2083,2278,2494,2479,object,3120,4160
train_1082.jpg,1759,2284,2083,2476,object,3120,4160
train_1082.jpg,1089,2301,1422,2504,object,3120,4160
train_1082.jpg,1425,2317,1765,2492,object,3120,4160
train_1082.jpg,1424,2021,1761,2318,object,3120,4160
train_1082.jpg,1083,1995,1429,2296,object,3120,4160
train_1082.jpg,151,1954,334,2175,object,3120,4160
train_1082.jpg,447,1894,670,2211,object,3120,4160
train_1082.jpg,675,1960,849,2186,object,3120,4160
train_1082.jpg,873,1990,1083,2234,object,3120,4160
train_1082.jpg,838,2229,1083,2490,object,3120,4160
train_1082.jpg,570,2217,835,2494,object,3120,4160
train_1082.jpg,324,2231,558,2490,object,3120,4160
train_1082.jpg,67,2167,328,2511,object,3120,4160
train_1082.jpg,393,1256,625,1379,object,3120,4160
train_1082.jpg,682,1290,977,1357,object,3120,4160
train_1082.jpg,1101,1079,1351,1128,object,3120,4160
train_1082.jpg,1350,1061,1603,1126,object,3120,4160
train_1082.jpg,2494,1982,2798,2248,object,3120,4160
train_1082.jpg,2084,2033,2490,2272,object,3120,4160
train_1082.jpg,1765,1990,2088,2287,object,3120,4160
train_1082.jpg,1318,1886,1642,1993,object,3120,4160
train_1082.jpg,314,304,547,363,object,3120,4160
train_1082.jpg,313,237,537,302,object,3120,4160
train_1082.jpg,553,240,759,285,object,3120,4160
train_1082.jpg,537,285,765,329,object,3120,4160
train_1082.jpg,542,329,759,370,object,3120,4160
train_1082.jpg,549,369,759,408,object,3120,4160
train_1082.jpg,168,61,380,117,object,3120,4160
train_1082.jpg,169,117,380,177,object,3120,4160
train_1082.jpg,168,179,381,240,object,3120,4160
train_1082.jpg,380,177,606,240,object,3120,4160
train_1082.jpg,1753,3306,2236,3350,object,3120,4160
train_1082.jpg,382,121,609,179,object,3120,4160
train_1082.jpg,603,50,818,120,object,3120,4160
train_1082.jpg,604,123,821,181,object,3120,4160
train_1082.jpg,603,179,815,243,object,3120,4160
train_1082.jpg,821,177,1039,240,object,3120,4160
train_1082.jpg,821,120,1039,179,object,3120,4160
train_1082.jpg,821,60,1039,123,object,3120,4160
train_1082.jpg,1040,92,1234,142,object,3120,4160
train_1082.jpg,1044,142,1219,190,object,3120,4160
train_1082.jpg,1037,188,1234,246,object,3120,4160
train_1082.jpg,825,240,1039,274,object,3120,4160
train_1082.jpg,380,53,602,123,object,3120,4160
train_1082.jpg,1681,272,1903,324,object,3120,4160
train_1083.jpg,1787,2007,1910,2302,object,2322,4128
train_1083.jpg,1230,1290,1340,1573,object,2322,4128
train_1083.jpg,1022,2816,1119,3066,object,2322,4128
train_1083.jpg,1126,2778,1260,3075,object,2322,4128
train_1083.jpg,1268,2805,1349,3073,object,2322,4128
train_1083.jpg,1356,2799,1454,3071,object,2322,4128
train_1083.jpg,1460,2909,1566,3015,object,2322,4128
train_1083.jpg,1597,2788,1715,3059,object,2322,4128
train_1083.jpg,1726,2952,1826,3051,object,2322,4128
train_1083.jpg,1837,2788,1910,3073,object,2322,4128
train_1083.jpg,1914,2788,1974,3069,object,2322,4128
train_1083.jpg,1979,2778,2031,3069,object,2322,4128
train_1083.jpg,2038,2784,2113,3067,object,2322,4128
train_1083.jpg,1993,2406,2121,2723,object,2322,4128
train_1083.jpg,1864,2400,1985,2723,object,2322,4128
train_1083.jpg,929,2838,1013,3082,object,2322,4128
train_1083.jpg,1741,2445,1859,2723,object,2322,4128
train_1083.jpg,1491,2433,1602,2728,object,2322,4128
train_1083.jpg,1377,2379,1485,2726,object,2322,4128
train_1083.jpg,1254,2372,1366,2727,object,2322,4128
train_1083.jpg,1126,2365,1242,2722,object,2322,4128
train_1083.jpg,999,2363,1115,2720,object,2322,4128
train_1083.jpg,882,2372,991,2729,object,2322,4128
train_1083.jpg,764,2440,870,2725,object,2322,4128
train_1083.jpg,643,2426,753,2720,object,2322,4128
train_1083.jpg,507,2434,623,2733,object,2322,4128
train_1083.jpg,395,2433,495,2737,object,2322,4128
train_1083.jpg,267,2622,376,2745,object,2322,4128
train_1083.jpg,130,2398,262,2744,object,2322,4128
train_1083.jpg,0,2391,122,2745,object,2322,4128
train_1083.jpg,1611,2382,1729,2725,object,2322,4128
train_1083.jpg,826,2963,917,3089,object,2322,4128
train_1083.jpg,727,2958,816,3081,object,2322,4128
train_1083.jpg,651,2887,718,3101,object,2322,4128
train_1083.jpg,1763,3304,1864,3434,object,2322,4128
train_1083.jpg,1689,3276,1760,3526,object,2322,4128
train_1083.jpg,1616,3357,1679,3532,object,2322,4128
train_1083.jpg,1507,3436,1604,3534,object,2322,4128
train_1083.jpg,1509,3330,1606,3428,object,2322,4128
train_1083.jpg,1427,3335,1501,3529,object,2322,4128
train_1083.jpg,1334,3275,1409,3529,object,2322,4128
train_1083.jpg,1236,3171,1294,3259,object,2322,4128
train_1083.jpg,1249,3372,1318,3538,object,2322,4128
train_1083.jpg,1120,3450,1235,3529,object,2322,4128
train_1083.jpg,1117,3349,1243,3443,object,2322,4128
train_1083.jpg,993,3459,1108,3537,object,2322,4128
train_1083.jpg,994,3354,1094,3455,object,2322,4128
train_1083.jpg,913,3270,987,3540,object,2322,4128
train_1083.jpg,827,3268,908,3532,object,2322,4128
train_1083.jpg,690,3430,809,3505,object,2322,4128
train_1083.jpg,683,3330,813,3427,object,2322,4128
train_1083.jpg,514,3281,662,3536,object,2322,4128
train_1083.jpg,410,3286,502,3550,object,2322,4128
train_1083.jpg,284,3302,377,3559,object,2322,4128
train_1083.jpg,134,3281,246,3548,object,2322,4128
train_1083.jpg,38,3324,123,3559,object,2322,4128
train_1083.jpg,0,2810,90,3101,object,2322,4128
train_1083.jpg,93,2805,197,3095,object,2322,4128
train_1083.jpg,284,2898,340,3070,object,2322,4128
train_1083.jpg,350,2914,421,3096,object,2322,4128
train_1083.jpg,443,2903,493,3086,object,2322,4128
train_1083.jpg,503,2892,565,3088,object,2322,4128
train_1083.jpg,590,2881,640,3091,object,2322,4128
train_1083.jpg,0,1998,66,2298,object,2322,4128
train_1083.jpg,77,1996,226,2295,object,2322,4128
train_1083.jpg,262,2078,355,2311,object,2322,4128
train_1083.jpg,361,2078,452,2305,object,2322,4128
train_1083.jpg,459,864,559,1178,object,2322,4128
train_1083.jpg,569,858,670,1178,object,2322,4128
train_1083.jpg,678,864,775,1180,object,2322,4128
train_1083.jpg,782,842,888,1177,object,2322,4128
train_1083.jpg,897,842,1005,1173,object,2322,4128
train_1083.jpg,1011,847,1124,1185,object,2322,4128
train_1083.jpg,1230,826,1353,1191,object,2322,4128
train_1083.jpg,1361,858,1432,1185,object,2322,4128
train_1083.jpg,1689,831,1787,1192,object,2322,4128
train_1083.jpg,1799,842,1900,1195,object,2322,4128
train_1083.jpg,1903,842,2019,1193,object,2322,4128
train_1083.jpg,2023,842,2117,1199,object,2322,4128
train_1083.jpg,2132,842,2238,1203,object,2322,4128
train_1083.jpg,2050,514,2257,644,object,2322,4128
train_1083.jpg,1878,508,2034,645,object,2322,4128
train_1083.jpg,1747,272,1870,640,object,2322,4128
train_1083.jpg,1620,312,1739,640,object,2322,4128
train_1083.jpg,1490,288,1613,634,object,2322,4128
train_1083.jpg,1418,453,1482,636,object,2322,4128
train_1083.jpg,1346,451,1411,634,object,2322,4128
train_1083.jpg,1243,399,1338,629,object,2322,4128
train_1083.jpg,1135,307,1223,627,object,2322,4128
train_1083.jpg,1036,303,1126,634,object,2322,4128
train_1083.jpg,798,312,996,626,object,2322,4128
train_1083.jpg,645,306,763,618,object,2322,4128
train_1083.jpg,377,361,627,612,object,2322,4128
train_1083.jpg,241,426,358,611,object,2322,4128
train_1083.jpg,60,257,190,604,object,2322,4128
train_1083.jpg,1121,1279,1217,1572,object,2322,4128
train_1083.jpg,344,853,451,1167,object,2322,4128
train_1083.jpg,1763,3439,1882,3532,object,2322,4128
train_1083.jpg,224,853,335,1163,object,2322,4128
train_1083.jpg,1011,1635,1133,1948,object,2322,4128
train_1083.jpg,465,2001,571,2305,object,2322,4128
train_1083.jpg,582,2001,689,2305,object,2322,4128
train_1083.jpg,826,2018,928,2302,object,2322,4128
train_1083.jpg,935,2028,1027,2306,object,2322,4128
train_1083.jpg,1050,2001,1125,2305,object,2322,4128
train_1083.jpg,1132,1996,1178,2283,object,2322,4128
train_1083.jpg,1186,2222,1300,2305,object,2322,4128
train_1083.jpg,1185,2133,1298,2215,object,2322,4128
train_1083.jpg,1187,2033,1296,2129,object,2322,4128
train_1083.jpg,1305,2218,1418,2301,object,2322,4128
train_1083.jpg,1303,2126,1416,2212,object,2322,4128
train_1083.jpg,1305,2030,1418,2122,object,2322,4128
train_1083.jpg,1420,2217,1536,2295,object,2322,4128
train_1083.jpg,1421,2136,1540,2213,object,2322,4128
train_1083.jpg,1421,2034,1540,2132,object,2322,4128
train_1083.jpg,1541,2219,1657,2301,object,2322,4128
train_1083.jpg,1544,2125,1655,2211,object,2322,4128
train_1083.jpg,1547,2034,1653,2120,object,2322,4128
train_1083.jpg,1662,2001,1778,2298,object,2322,4128
train_1083.jpg,1925,2023,2019,2299,object,2322,4128
train_1083.jpg,2030,2026,2127,2302,object,2322,4128
train_1083.jpg,457,1681,568,1943,object,2322,4128
train_1083.jpg,351,1679,448,1942,object,2322,4128
train_1083.jpg,109,1733,176,1934,object,2322,4128
train_1083.jpg,3,1733,93,1941,object,2322,4128
train_1083.jpg,660,1690,759,1946,object,2322,4128
train_1083.jpg,772,1689,868,1945,object,2322,4128
train_1083.jpg,875,1873,1003,1944,object,2322,4128
train_1083.jpg,880,1788,991,1870,object,2322,4128
train_1083.jpg,1230,1624,1346,1946,object,2322,4128
train_1083.jpg,1895,3192,2012,3527,object,2322,4128
train_1083.jpg,694,2018,804,2309,object,2322,4128
train_1083.jpg,182,1258,314,1986,object,2322,4128
train_1083.jpg,1361,1640,1479,1949,object,2322,4128
train_1083.jpg,2034,1285,2124,1571,object,2322,4128
train_1083.jpg,2132,1279,2229,1575,object,2322,4128
train_1083.jpg,1747,1281,1847,1576,object,2322,4128
train_1083.jpg,1656,1280,1741,1569,object,2322,4128
train_1083.jpg,2023,3182,2177,3518,object,2322,4128
train_1083.jpg,1936,1312,2018,1579,object,2322,4128
train_1083.jpg,2121,1635,2203,1946,object,2322,4128
train_1083.jpg,1558,1285,1643,1573,object,2322,4128
train_1083.jpg,1345,1296,1458,1572,object,2322,4128
train_1083.jpg,71,1443,164,1632,object,2322,4128
train_1083.jpg,344,1416,446,1554,object,2322,4128
train_1083.jpg,476,1412,588,1487,object,2322,4128
train_1083.jpg,476,1493,597,1559,object,2322,4128
train_1083.jpg,603,1342,673,1569,object,2322,4128
train_1083.jpg,875,1422,991,1487,object,2322,4128
train_1083.jpg,1463,1288,1547,1569,object,2322,4128
train_1083.jpg,868,1490,988,1575,object,2322,4128
train_1083.jpg,2034,1635,2115,1942,object,2322,4128
train_1083.jpg,1881,1635,1949,1942,object,2322,4128
train_1083.jpg,1957,1640,2026,1941,object,2322,4128
train_1083.jpg,1493,1635,1612,1951,object,2322,4128
train_1083.jpg,999,1281,1110,1569,object,2322,4128
train_1083.jpg,1729,1642,1797,1945,object,2322,4128
train_1083.jpg,1804,1640,1873,1944,object,2322,4128
train_1083.jpg,1618,1635,1724,1942,object,2322,4128
train_1084.jpg,220,1539,282,1678,object,2448,3264
train_1084.jpg,290,1531,375,1689,object,2448,3264
train_1084.jpg,375,1524,454,1678,object,2448,3264
train_1084.jpg,460,1570,545,1686,object,2448,3264
train_1084.jpg,545,1482,657,1686,object,2448,3264
train_1084.jpg,669,1470,766,1682,object,2448,3264
train_1084.jpg,777,1449,887,1678,object,2448,3264
train_1084.jpg,1141,1539,1192,1689,object,2448,3264
train_1084.jpg,1551,1462,1633,1682,object,2448,3264
train_1084.jpg,1210,1470,1319,1689,object,2448,3264
train_1084.jpg,1334,1508,1435,1682,object,2448,3264
train_1084.jpg,1431,1504,1550,1687,object,2448,3264
train_1084.jpg,905,1524,1019,1669,object,2448,3264
train_1084.jpg,1025,1431,1130,1671,object,2448,3264
train_1084.jpg,518,1763,596,1929,object,2448,3264
train_1084.jpg,31,557,101,903,object,2448,3264
train_1084.jpg,101,504,189,901,object,2448,3264
train_1084.jpg,209,534,343,916,object,2448,3264
train_1084.jpg,344,500,494,932,object,2448,3264
train_1084.jpg,588,596,738,942,object,2448,3264
train_1084.jpg,746,591,898,936,object,2448,3264
train_1084.jpg,913,596,1055,958,object,2448,3264
train_1084.jpg,611,1798,664,1948,object,2448,3264
train_1084.jpg,1064,483,1226,944,object,2448,3264
train_1084.jpg,2344,1516,2451,1620,object,2448,3264
train_1084.jpg,2208,1477,2332,1593,object,2448,3264
train_1084.jpg,2108,1501,2196,1576,object,2448,3264
train_1084.jpg,1914,1454,2069,1689,object,2448,3264
train_1084.jpg,147,1531,220,1682,object,2448,3264
train_1084.jpg,178,1477,261,1535,object,2448,3264
train_1084.jpg,166,1423,267,1473,object,2448,3264
train_1084.jpg,189,1772,244,1961,object,2448,3264
train_1084.jpg,4,1493,101,1686,object,2448,3264
train_1084.jpg,244,1771,360,1963,object,2448,3264
train_1084.jpg,360,1752,429,1961,object,2448,3264
train_1084.jpg,429,1752,504,1953,object,2448,3264
train_1084.jpg,599,2054,720,2235,object,2448,3264
train_1084.jpg,530,2054,599,2228,object,2448,3264
train_1084.jpg,456,2046,529,2224,object,2448,3264
train_1084.jpg,375,2042,456,2231,object,2448,3264
train_1084.jpg,232,2081,323,2146,object,2448,3264
train_1084.jpg,112,2054,205,2242,object,2448,3264
train_1084.jpg,2317,1713,2429,1917,object,2448,3264
train_1084.jpg,1636,1455,1698,1682,object,2448,3264
train_1084.jpg,2200,1725,2309,1903,object,2448,3264
train_1084.jpg,1891,1787,1999,1961,object,2448,3264
train_1084.jpg,1752,1775,1886,1964,object,2448,3264
train_1084.jpg,1636,1787,1732,1976,object,2448,3264
train_1084.jpg,1528,1767,1636,1987,object,2448,3264
train_1084.jpg,1404,1757,1520,1949,object,2448,3264
train_1084.jpg,1296,1771,1404,1948,object,2448,3264
train_1084.jpg,1183,1794,1264,1893,object,2448,3264
train_1084.jpg,1056,1814,1187,1961,object,2448,3264
train_1084.jpg,971,1798,1056,1961,object,2448,3264
train_1084.jpg,851,1791,934,1976,object,2448,3264
train_1084.jpg,746,1791,824,1972,object,2448,3264
train_1084.jpg,2146,1702,2200,1914,object,2448,3264
train_1084.jpg,669,1763,731,1921,object,2448,3264
train_1084.jpg,1705,1470,1767,1682,object,2448,3264
train_1084.jpg,135,1767,182,1948,object,2448,3264
train_1084.jpg,1907,1083,2046,1307,object,2448,3264
train_1084.jpg,1736,1083,1903,1315,object,2448,3264
train_1084.jpg,1597,1067,1736,1323,object,2448,3264
train_1084.jpg,1431,1091,1569,1315,object,2448,3264
train_1084.jpg,1326,1098,1422,1284,object,2448,3264
train_1084.jpg,1226,1122,1319,1307,object,2448,3264
train_1084.jpg,1048,1114,1207,1323,object,2448,3264
train_1084.jpg,804,1060,1047,1318,object,2448,3264
train_1084.jpg,715,1149,813,1323,object,2448,3264
train_1084.jpg,599,1176,711,1364,object,2448,3264
train_1084.jpg,410,1076,575,1342,object,2448,3264
train_1084.jpg,1783,1501,1899,1686,object,2448,3264
train_1084.jpg,217,1067,410,1341,object,2448,3264
train_1084.jpg,2197,944,2342,1253,object,2448,3264
train_1084.jpg,2371,518,2448,815,object,2448,3264
train_1084.jpg,2293,537,2368,820,object,2448,3264
train_1084.jpg,2170,596,2278,831,object,2448,3264
train_1084.jpg,1953,449,2100,920,object,2448,3264
train_1084.jpg,1760,439,1930,940,object,2448,3264
train_1084.jpg,1613,425,1744,939,object,2448,3264
train_1084.jpg,1427,496,1594,932,object,2448,3264
train_1084.jpg,1241,464,1419,931,object,2448,3264
train_1084.jpg,12,1760,123,1925,object,2448,3264
train_1084.jpg,2355,944,2448,1253,object,2448,3264
train_1085.jpg,1445,2275,1588,2358,object,1920,2560
train_1085.jpg,1588,2275,1730,2361,object,1920,2560
train_1085.jpg,1599,2188,1739,2274,object,1920,2560
train_1085.jpg,1179,2273,1307,2356,object,1920,2560
train_1085.jpg,1571,380,1727,767,object,1920,2560
train_1085.jpg,1311,2269,1443,2361,object,1920,2560
train_1085.jpg,1465,2183,1595,2274,object,1920,2560
train_1085.jpg,1440,397,1570,765,object,1920,2560
train_1085.jpg,1465,2096,1610,2182,object,1920,2560
train_1085.jpg,221,818,338,1190,object,1920,2560
train_1085.jpg,350,835,492,1190,object,1920,2560
train_1085.jpg,499,824,621,1185,object,1920,2560
train_1085.jpg,627,817,755,1188,object,1920,2560
train_1085.jpg,762,825,895,1196,object,1920,2560
train_1085.jpg,893,863,1002,1204,object,1920,2560
train_1085.jpg,1003,858,1121,1204,object,1920,2560
train_1085.jpg,1123,865,1232,1204,object,1920,2560
train_1085.jpg,1611,2094,1748,2187,object,1920,2560
train_1085.jpg,1353,874,1459,1206,object,1920,2560
train_1085.jpg,1465,882,1591,1213,object,1920,2560
train_1085.jpg,1594,864,1729,1207,object,1920,2560
train_1085.jpg,1731,854,1899,1216,object,1920,2560
train_1085.jpg,221,1312,377,1403,object,1920,2560
train_1085.jpg,230,1408,375,1501,object,1920,2560
train_1085.jpg,238,1504,377,1599,object,1920,2560
train_1085.jpg,429,1251,666,1412,object,1920,2560
train_1085.jpg,378,1443,648,1596,object,1920,2560
train_1085.jpg,669,1305,812,1406,object,1920,2560
train_1085.jpg,667,1412,808,1496,object,1920,2560
train_1085.jpg,667,1500,802,1599,object,1920,2560
train_1085.jpg,171,2162,229,2333,object,1920,2560
train_1085.jpg,812,1351,950,1456,object,1920,2560
train_1085.jpg,90,2157,156,2328,object,1920,2560
train_1085.jpg,165,1729,243,1947,object,1920,2560
train_1085.jpg,1347,446,1438,767,object,1920,2560
train_1085.jpg,1263,441,1349,767,object,1920,2560
train_1085.jpg,1182,441,1264,767,object,1920,2560
train_1085.jpg,1087,440,1179,773,object,1920,2560
train_1085.jpg,1008,438,1084,762,object,1920,2560
train_1085.jpg,919,438,1004,762,object,1920,2560
train_1085.jpg,770,350,911,762,object,1920,2560
train_1085.jpg,619,341,769,756,object,1920,2560
train_1085.jpg,59,763,188,980,object,1920,2560
train_1085.jpg,468,348,611,762,object,1920,2560
train_1085.jpg,322,339,467,756,object,1920,2560
train_1085.jpg,182,344,311,762,object,1920,2560
train_1085.jpg,42,348,159,605,object,1920,2560
train_1085.jpg,1725,399,1862,767,object,1920,2560
train_1085.jpg,34,1101,115,1325,object,1920,2560
train_1085.jpg,129,1099,201,1322,object,1920,2560
train_1085.jpg,3,1417,73,1633,object,1920,2560
train_1085.jpg,76,1426,156,1639,object,1920,2560
train_1085.jpg,160,1427,228,1636,object,1920,2560
train_1085.jpg,8,1758,83,1944,object,1920,2560
train_1085.jpg,87,1747,165,1941,object,1920,2560
train_1085.jpg,6,2143,81,2336,object,1920,2560
train_1085.jpg,955,1357,1094,1454,object,1920,2560
train_1085.jpg,1238,884,1344,1204,object,1920,2560
train_1085.jpg,1056,1753,1207,1843,object,1920,2560
train_1085.jpg,381,1807,652,1935,object,1920,2560
train_1085.jpg,653,1683,786,1756,object,1920,2560
train_1085.jpg,658,1771,783,1849,object,1920,2560
train_1085.jpg,658,1852,783,1935,object,1920,2560
train_1085.jpg,793,1666,1055,1804,object,1920,2560
train_1085.jpg,787,1804,1051,1938,object,1920,2560
train_1085.jpg,1064,1654,1200,1734,object,1920,2560
train_1085.jpg,1210,1654,1358,1737,object,1920,2560
train_1085.jpg,515,1723,646,1798,object,1920,2560
train_1085.jpg,1756,1849,1889,1949,object,1920,2560
train_1085.jpg,1053,1849,1194,1944,object,1920,2560
train_1085.jpg,1199,1855,1349,1944,object,1920,2560
train_1085.jpg,1602,1741,1754,1852,object,1920,2560
train_1085.jpg,1759,1739,1898,1846,object,1920,2560
train_1085.jpg,1616,1856,1745,1952,object,1920,2560
train_1085.jpg,255,2277,388,2356,object,1920,2560
train_1085.jpg,811,1458,1092,1601,object,1920,2560
train_1085.jpg,244,2199,377,2274,object,1920,2560
train_1085.jpg,1213,1751,1357,1840,object,1920,2560
train_1085.jpg,378,1725,509,1803,object,1920,2560
train_1085.jpg,230,2116,367,2199,object,1920,2560
train_1085.jpg,246,1768,374,1850,object,1920,2560
train_1085.jpg,252,1856,381,1930,object,1920,2560
train_1085.jpg,1190,2043,1319,2182,object,1920,2560
train_1085.jpg,1325,2183,1459,2266,object,1920,2560
train_1085.jpg,913,2238,1175,2358,object,1920,2560
train_1085.jpg,653,2231,909,2353,object,1920,2560
train_1085.jpg,910,2107,1180,2238,object,1920,2560
train_1085.jpg,641,2105,904,2221,object,1920,2560
train_1085.jpg,381,2103,636,2227,object,1920,2560
train_1085.jpg,392,2227,650,2353,object,1920,2560
train_1085.jpg,1185,2184,1319,2269,object,1920,2560
train_1085.jpg,1112,1410,1211,1521,object,1920,2560
train_1085.jpg,1232,1262,1386,1358,object,1920,2560
train_1085.jpg,1227,1367,1385,1498,object,1920,2560
train_1085.jpg,1227,1498,1383,1594,object,1920,2560
train_1085.jpg,1384,1346,1555,1605,object,1920,2560
train_1085.jpg,1566,1336,1700,1571,object,1920,2560
train_1085.jpg,1714,1341,1901,1619,object,1920,2560
train_1085.jpg,244,1687,370,1765,object,1920,2560
train_1086.jpg,389,2484,493,2578,object,2336,4160
train_1086.jpg,514,2474,617,2574,object,2336,4160
train_1086.jpg,628,2479,733,2575,object,2336,4160
train_1086.jpg,743,2484,848,2578,object,2336,4160
train_1086.jpg,1152,2788,1256,2889,object,2336,4160
train_1086.jpg,858,2479,955,2576,object,2336,4160
train_1086.jpg,1042,2793,1137,2888,object,2336,4160
train_1086.jpg,269,2474,379,2579,object,2336,4160
train_1086.jpg,1372,2793,1470,2887,object,2336,4160
train_1086.jpg,973,2489,1074,2586,object,2336,4160
train_1086.jpg,1147,3113,1237,3210,object,2336,4160
train_1086.jpg,1327,2609,1415,2694,object,2336,4160
train_1086.jpg,589,3103,688,3202,object,2336,4160
train_1086.jpg,703,3108,794,3204,object,2336,4160
train_1086.jpg,803,3118,913,3205,object,2336,4160
train_1086.jpg,923,3118,1020,3204,object,2336,4160
train_1086.jpg,1028,3108,1139,3205,object,2336,4160
train_1086.jpg,1247,3118,1349,3214,object,2336,4160
train_1086.jpg,1372,3122,1465,3219,object,2336,4160
train_1086.jpg,135,3217,236,3313,object,2336,4160
train_1086.jpg,364,3207,466,3302,object,2336,4160
train_1086.jpg,249,3212,354,3296,object,2336,4160
train_1086.jpg,150,2489,256,2579,object,2336,4160
train_1086.jpg,823,2788,915,2882,object,2336,4160
train_1086.jpg,359,3103,463,3207,object,2336,4160
train_1086.jpg,1087,2484,1195,2586,object,2336,4160
train_1086.jpg,803,3212,898,3295,object,2336,4160
train_1086.jpg,708,3212,793,3302,object,2336,4160
train_1086.jpg,599,3212,701,3292,object,2336,4160
train_1086.jpg,928,2783,1029,2878,object,2336,4160
train_1086.jpg,1052,2898,1146,2980,object,2336,4160
train_1086.jpg,1152,2898,1242,2980,object,2336,4160
train_1086.jpg,913,3207,1005,3296,object,2336,4160
train_1086.jpg,1257,2903,1362,2983,object,2336,4160
train_1086.jpg,135,2778,236,2876,object,2336,4160
train_1086.jpg,239,2783,349,2873,object,2336,4160
train_1086.jpg,359,2773,465,2877,object,2336,4160
train_1086.jpg,474,2783,586,2881,object,2336,4160
train_1086.jpg,594,2778,692,2877,object,2336,4160
train_1086.jpg,703,2783,807,2876,object,2336,4160
train_1086.jpg,1377,2903,1470,2993,object,2336,4160
train_1086.jpg,484,3207,585,3295,object,2336,4160
train_1086.jpg,1023,3207,1126,3305,object,2336,4160
train_1086.jpg,1142,3212,1226,3295,object,2336,4160
train_1086.jpg,1202,2484,1311,2593,object,2336,4160
train_1086.jpg,1322,2489,1427,2595,object,2336,4160
train_1086.jpg,140,2883,247,2980,object,2336,4160
train_1086.jpg,259,2883,355,2970,object,2336,4160
train_1086.jpg,369,2878,468,2964,object,2336,4160
train_1086.jpg,474,2888,577,2975,object,2336,4160
train_1086.jpg,933,2893,1038,2989,object,2336,4160
train_1086.jpg,594,2893,683,2985,object,2336,4160
train_1086.jpg,823,2893,920,2974,object,2336,4160
train_1086.jpg,474,3108,572,3195,object,2336,4160
train_1086.jpg,244,3113,350,3207,object,2336,4160
train_1086.jpg,135,3113,233,3207,object,2336,4160
train_1086.jpg,1362,3227,1459,3313,object,2336,4160
train_1086.jpg,1242,3217,1343,3303,object,2336,4160
train_1086.jpg,698,2883,812,2985,object,2336,4160
train_1086.jpg,1267,2798,1362,2891,object,2336,4160
train_1086.jpg,1047,1801,1167,1917,object,2336,4160
train_1086.jpg,1092,2599,1187,2687,object,2336,4160
train_1086.jpg,1172,1801,1288,1917,object,2336,4160
train_1086.jpg,928,1796,1044,1910,object,2336,4160
train_1086.jpg,808,1796,920,1908,object,2336,4160
train_1086.jpg,688,1791,801,1904,object,2336,4160
train_1086.jpg,565,1783,683,1897,object,2336,4160
train_1086.jpg,444,1786,561,1897,object,2336,4160
train_1086.jpg,454,1397,569,1508,object,2336,4160
train_1086.jpg,574,1402,681,1511,object,2336,4160
train_1086.jpg,688,1402,806,1521,object,2336,4160
train_1086.jpg,1716,1372,1793,1646,object,2336,4160
train_1086.jpg,329,1791,439,1902,object,2336,4160
train_1086.jpg,209,1786,322,1899,object,2336,4160
train_1086.jpg,85,1781,196,1892,object,2336,4160
train_1086.jpg,1407,1925,1511,2033,object,2336,4160
train_1086.jpg,1297,1801,1407,1919,object,2336,4160
train_1086.jpg,1292,1930,1400,2031,object,2336,4160
train_1086.jpg,933,1915,1039,2019,object,2336,4160
train_1086.jpg,808,1915,925,2025,object,2336,4160
train_1086.jpg,698,1910,802,2021,object,2336,4160
train_1086.jpg,579,1905,691,2021,object,2336,4160
train_1086.jpg,449,1905,564,2014,object,2336,4160
train_1086.jpg,334,1910,441,2016,object,2336,4160
train_1086.jpg,209,1905,327,2010,object,2336,4160
train_1086.jpg,85,1895,203,2004,object,2336,4160
train_1086.jpg,1412,1432,1519,1533,object,2336,4160
train_1086.jpg,1292,1422,1397,1535,object,2336,4160
train_1086.jpg,1172,1422,1284,1534,object,2336,4160
train_1086.jpg,1057,1427,1163,1535,object,2336,4160
train_1086.jpg,933,1414,1045,1526,object,2336,4160
train_1086.jpg,813,1407,929,1523,object,2336,4160
train_1086.jpg,1057,1920,1163,2026,object,2336,4160
train_1086.jpg,1207,2599,1301,2686,object,2336,4160
train_1086.jpg,1422,1816,1531,1918,object,2336,4160
train_1086.jpg,209,2230,317,2323,object,2336,4160
train_1086.jpg,973,2594,1082,2694,object,2336,4160
train_1086.jpg,858,2584,960,2682,object,2336,4160
train_1086.jpg,748,2584,844,2685,object,2336,4160
train_1086.jpg,633,2589,732,2681,object,2336,4160
train_1086.jpg,514,2584,621,2677,object,2336,4160
train_1086.jpg,394,2584,505,2680,object,2336,4160
train_1086.jpg,274,2589,382,2676,object,2336,4160
train_1086.jpg,155,2594,264,2676,object,2336,4160
train_1086.jpg,1387,2140,1488,2246,object,2336,4160
train_1086.jpg,1267,2135,1367,2233,object,2336,4160
train_1086.jpg,1142,2135,1249,2233,object,2336,4160
train_1086.jpg,1038,2135,1139,2228,object,2336,4160
train_1086.jpg,918,2130,1018,2225,object,2336,4160
train_1086.jpg,798,2130,902,2225,object,2336,4160
train_1086.jpg,85,2220,197,2324,object,2336,4160
train_1086.jpg,678,2125,784,2223,object,2336,4160
train_1086.jpg,439,2125,550,2227,object,2336,4160
train_1086.jpg,324,2125,428,2220,object,2336,4160
train_1086.jpg,205,2120,315,2220,object,2336,4160
train_1086.jpg,75,2110,196,2208,object,2336,4160
train_1086.jpg,1377,2255,1483,2348,object,2336,4160
train_1086.jpg,1267,2245,1364,2352,object,2336,4160
train_1086.jpg,1147,2245,1252,2334,object,2336,4160
train_1086.jpg,1038,2240,1137,2339,object,2336,4160
train_1086.jpg,923,2235,1026,2328,object,2336,4160
train_1086.jpg,803,2235,910,2336,object,2336,4160
train_1086.jpg,683,2230,798,2334,object,2336,4160
train_1086.jpg,569,2240,677,2319,object,2336,4160
train_1086.jpg,444,2240,561,2334,object,2336,4160
train_1086.jpg,329,2230,434,2327,object,2336,4160
train_1086.jpg,564,2125,667,2227,object,2336,4160
train_1086.jpg,1831,1372,1929,1685,object,2336,4160
train_1086.jpg,1172,1925,1282,2030,object,2336,4160
train_1086.jpg,1177,1536,1281,1650,object,2336,4160
train_1086.jpg,1915,2634,1970,2892,object,2336,4160
train_1086.jpg,1866,2684,1910,2899,object,2336,4160
train_1086.jpg,1781,2634,1859,2898,object,2336,4160
train_1086.jpg,1856,2250,1922,2503,object,2336,4160
train_1086.jpg,1656,2684,1695,2889,object,2336,4160
train_1086.jpg,1601,2619,1654,2887,object,2336,4160
train_1086.jpg,2130,2240,2196,2511,object,2336,4160
train_1086.jpg,2015,2255,2089,2523,object,2336,4160
train_1086.jpg,1965,2245,2011,2514,object,2336,4160
train_1086.jpg,1297,1541,1395,1650,object,2336,4160
train_1086.jpg,1960,1397,2030,1682,object,2336,4160
train_1086.jpg,2041,1387,2110,1678,object,2336,4160
train_1086.jpg,2115,1387,2181,1675,object,2336,4160
train_1086.jpg,2190,1397,2242,1678,object,2336,4160
train_1086.jpg,2270,1397,2321,1688,object,2336,4160
train_1086.jpg,1631,1816,1682,2109,object,2336,4160
train_1086.jpg,1741,1816,1808,2087,object,2336,4160
train_1086.jpg,1811,1831,1877,2097,object,2336,4160
train_1086.jpg,1929,1821,2001,2100,object,2336,4160
train_1086.jpg,2006,1836,2084,2106,object,2336,4160
train_1086.jpg,2120,1829,2184,2101,object,2336,4160
train_1086.jpg,2200,1816,2255,2099,object,2336,4160
train_1086.jpg,1641,2235,1727,2504,object,2336,4160
train_1086.jpg,1731,2299,1769,2506,object,2336,4160
train_1086.jpg,1776,2250,1844,2504,object,2336,4160
train_1086.jpg,1975,2629,2066,2906,object,2336,4160
train_1086.jpg,2070,2679,2120,2891,object,2336,4160
train_1086.jpg,1711,2634,1769,2896,object,2336,4160
train_1086.jpg,1596,3010,1654,3277,object,2336,4160
train_1086.jpg,329,1511,443,1632,object,2336,4160
train_1086.jpg,209,1511,318,1620,object,2336,4160
train_1086.jpg,200,1392,323,1506,object,2336,4160
train_1086.jpg,688,1526,813,1640,object,2336,4160
train_1086.jpg,818,1526,929,1644,object,2336,4160
train_1086.jpg,2125,2609,2182,2886,object,2336,4160
train_1086.jpg,933,1531,1045,1647,object,2336,4160
train_1086.jpg,1052,1536,1168,1645,object,2336,4160
train_1086.jpg,449,1516,565,1621,object,2336,4160
train_1086.jpg,329,1402,443,1503,object,2336,4160
train_1086.jpg,579,1521,686,1642,object,2336,4160
train_1086.jpg,75,1511,202,1621,object,2336,4160
train_1086.jpg,1925,2289,1960,2504,object,2336,4160
train_1086.jpg,2075,3008,2146,3263,object,2336,4160
train_1086.jpg,1980,3013,2044,3276,object,2336,4160
train_1086.jpg,1407,1546,1514,1657,object,2336,4160
train_1086.jpg,1905,3033,1968,3266,object,2336,4160
train_1086.jpg,1861,3068,1898,3258,object,2336,4160
train_1086.jpg,1781,3023,1849,3267,object,2336,4160
train_1086.jpg,1721,3023,1776,3273,object,2336,4160
train_1086.jpg,1659,3076,1715,3273,object,2336,4160
train_1086.jpg,65,1382,190,1503,object,2336,4160
train_1087.jpg,237,1092,292,1203,object,1920,2560
train_1087.jpg,300,1089,356,1206,object,1920,2560
train_1087.jpg,364,1092,397,1208,object,1920,2560
train_1087.jpg,417,1032,469,1206,object,1920,2560
train_1087.jpg,174,1087,224,1200,object,1920,2560
train_1087.jpg,262,952,311,1087,object,1920,2560
train_1087.jpg,185,946,228,1082,object,1920,2560
train_1087.jpg,337,946,369,1082,object,1920,2560
train_1087.jpg,379,940,415,1087,object,1920,2560
train_1087.jpg,443,937,494,1026,object,1920,2560
train_1087.jpg,504,949,542,1082,object,1920,2560
train_1087.jpg,549,958,590,1084,object,1920,2560
train_1087.jpg,601,955,650,1096,object,1920,2560
train_1087.jpg,525,1089,562,1206,object,1920,2560
train_1087.jpg,482,1089,519,1206,object,1920,2560
train_1087.jpg,1693,1259,1882,1320,object,1920,2560
train_1087.jpg,231,940,257,1087,object,1920,2560
train_1087.jpg,146,943,177,1086,object,1920,2560
train_1087.jpg,673,1128,720,1276,object,1920,2560
train_1087.jpg,565,1437,652,1660,object,1920,2560
train_1087.jpg,218,1743,441,1812,object,1920,2560
train_1087.jpg,446,1750,668,1812,object,1920,2560
train_1087.jpg,601,1820,656,2048,object,1920,2560
train_1087.jpg,538,1819,593,2052,object,1920,2560
train_1087.jpg,479,1816,532,2044,object,1920,2560
train_1087.jpg,435,1823,472,2043,object,1920,2560
train_1087.jpg,382,1822,431,2031,object,1920,2560
train_1087.jpg,306,1823,375,2027,object,1920,2560
train_1087.jpg,243,1817,301,2018,object,1920,2560
train_1087.jpg,161,1817,232,1993,object,1920,2560
train_1087.jpg,66,1866,140,1986,object,1920,2560
train_1087.jpg,667,1835,720,2084,object,1920,2560
train_1087.jpg,725,1838,785,2085,object,1920,2560
train_1087.jpg,795,1844,861,2084,object,1920,2560
train_1087.jpg,867,1844,913,2085,object,1920,2560
train_1087.jpg,1077,1829,1185,2078,object,1920,2560
train_1087.jpg,916,1984,987,2054,object,1920,2560
train_1087.jpg,231,1441,319,1663,object,1920,2560
train_1087.jpg,343,1467,496,1672,object,1920,2560
train_1087.jpg,504,1450,558,1657,object,1920,2560
train_1087.jpg,322,1381,497,1461,object,1920,2560
train_1087.jpg,670,1404,756,1669,object,1920,2560
train_1087.jpg,761,1432,799,1665,object,1920,2560
train_1087.jpg,100,962,143,1076,object,1920,2560
train_1087.jpg,804,1416,867,1669,object,1920,2560
train_1087.jpg,942,1434,1006,1697,object,1920,2560
train_1087.jpg,1019,1459,1081,1695,object,1920,2560
train_1087.jpg,1095,1463,1159,1691,object,1920,2560
train_1087.jpg,1169,1455,1233,1688,object,1920,2560
train_1087.jpg,1195,1838,1250,2070,object,1920,2560
train_1087.jpg,995,1835,1060,2078,object,1920,2560
train_1087.jpg,880,1435,934,1697,object,1920,2560
train_1087.jpg,121,1456,221,1665,object,1920,2560
train_1087.jpg,1295,1790,1466,1837,object,1920,2560
train_1087.jpg,1477,1729,1648,1784,object,1920,2560
train_1087.jpg,1488,1447,1685,1502,object,1920,2560
train_1087.jpg,1490,1375,1676,1433,object,1920,2560
train_1087.jpg,1312,1634,1499,1692,object,1920,2560
train_1087.jpg,1313,1571,1500,1629,object,1920,2560
train_1087.jpg,1297,1498,1484,1555,object,1920,2560
train_1087.jpg,1297,1437,1483,1495,object,1920,2560
train_1087.jpg,1295,1374,1482,1435,object,1920,2560
train_1087.jpg,1471,2016,1645,2065,object,1920,2560
train_1087.jpg,1292,2017,1466,2065,object,1920,2560
train_1087.jpg,1474,1961,1649,2010,object,1920,2560
train_1087.jpg,1292,1729,1470,1784,object,1920,2560
train_1087.jpg,1466,1900,1641,1948,object,1920,2560
train_1087.jpg,1291,1902,1465,1951,object,1920,2560
train_1087.jpg,1503,1512,1703,1571,object,1920,2560
train_1087.jpg,1470,1843,1644,1892,object,1920,2560
train_1087.jpg,1654,2016,1831,2064,object,1920,2560
train_1087.jpg,1654,1962,1830,2009,object,1920,2560
train_1087.jpg,1645,1894,1823,1942,object,1920,2560
train_1087.jpg,1652,1840,1830,1887,object,1920,2560
train_1087.jpg,1653,1787,1820,1831,object,1920,2560
train_1087.jpg,1468,1790,1645,1835,object,1920,2560
train_1087.jpg,743,1122,785,1281,object,1920,2560
train_1087.jpg,798,1116,842,1294,object,1920,2560
train_1087.jpg,864,1119,905,1302,object,1920,2560
train_1087.jpg,916,1128,949,1325,object,1920,2560
train_1087.jpg,958,1131,1007,1320,object,1920,2560
train_1087.jpg,1010,1119,1065,1322,object,1920,2560
train_1087.jpg,1089,1095,1127,1297,object,1920,2560
train_1087.jpg,1291,1846,1469,1898,object,1920,2560
train_1087.jpg,1134,1098,1175,1295,object,1920,2560
train_1087.jpg,1507,1575,1708,1628,object,1920,2560
train_1087.jpg,1686,1388,1727,1448,object,1920,2560
train_1087.jpg,1689,1204,1871,1253,object,1920,2560
train_1087.jpg,1693,1144,1893,1200,object,1920,2560
train_1087.jpg,1680,1071,1862,1131,object,1920,2560
train_1087.jpg,1671,1010,1856,1067,object,1920,2560
train_1087.jpg,1495,1271,1683,1325,object,1920,2560
train_1087.jpg,1495,1204,1683,1265,object,1920,2560
train_1087.jpg,1501,1156,1684,1202,object,1920,2560
train_1087.jpg,1495,1107,1673,1150,object,1920,2560
train_1087.jpg,1483,1071,1665,1103,object,1920,2560
train_1087.jpg,1483,1013,1667,1068,object,1920,2560
train_1087.jpg,1303,1267,1488,1321,object,1920,2560
train_1087.jpg,1305,1208,1489,1262,object,1920,2560
train_1087.jpg,1314,1159,1495,1197,object,1920,2560
train_1087.jpg,1504,1633,1711,1687,object,1920,2560
train_1087.jpg,1309,1115,1490,1154,object,1920,2560
train_1087.jpg,1296,1021,1477,1066,object,1920,2560
train_1087.jpg,1253,989,1419,1018,object,1920,2560
train_1087.jpg,1253,940,1417,981,object,1920,2560
train_1087.jpg,1250,877,1415,937,object,1920,2560
train_1087.jpg,1717,1623,1909,1680,object,1920,2560
train_1087.jpg,1711,1571,1905,1618,object,1920,2560
train_1087.jpg,1708,1511,1893,1567,object,1920,2560
train_1087.jpg,1783,1450,1825,1502,object,1920,2560
train_1087.jpg,1737,1451,1780,1504,object,1920,2560
train_1087.jpg,1688,1452,1736,1507,object,1920,2560
train_1087.jpg,1835,1456,1884,1506,object,1920,2560
train_1087.jpg,1779,1387,1822,1446,object,1920,2560
train_1087.jpg,1732,1388,1774,1448,object,1920,2560
train_1087.jpg,1297,1071,1478,1109,object,1920,2560
train_1087.jpg,1198,1095,1267,1290,object,1920,2560
train_1087.jpg,1296,1966,1471,2014,object,1920,2560
train_1087.jpg,1174,958,1232,1081,object,1920,2560
train_1087.jpg,1653,1729,1821,1779,object,1920,2560
train_1087.jpg,106,1089,158,1197,object,1920,2560
train_1087.jpg,813,952,873,1108,object,1920,2560
train_1087.jpg,27,1074,84,1203,object,1920,2560
train_1087.jpg,91,1208,271,1280,object,1920,2560
train_1087.jpg,1092,971,1161,1089,object,1920,2560
train_1087.jpg,472,1209,640,1275,object,1920,2560
train_1087.jpg,588,1101,652,1200,object,1920,2560
train_1087.jpg,1031,883,1213,939,object,1920,2560
train_1087.jpg,294,1210,459,1274,object,1920,2560
train_1087.jpg,892,825,960,946,object,1920,2560
train_1087.jpg,825,825,886,946,object,1920,2560
train_1087.jpg,752,825,819,949,object,1920,2560
train_1087.jpg,692,825,739,956,object,1920,2560
train_1087.jpg,958,952,1021,1114,object,1920,2560
train_1087.jpg,883,949,944,1115,object,1920,2560
train_1087.jpg,737,968,787,1112,object,1920,2560
train_1087.jpg,670,965,724,1114,object,1920,2560
train_1087.jpg,965,822,1024,947,object,1920,2560
train_1088.jpg,458,2700,494,3029,object,3120,4208
train_1088.jpg,499,2705,529,3042,object,3120,4208
train_1088.jpg,537,2707,570,3039,object,3120,4208
train_1088.jpg,598,2674,633,3000,object,3120,4208
train_1088.jpg,655,2684,693,3001,object,3120,4208
train_1088.jpg,104,2757,196,3156,object,3120,4208
train_1088.jpg,224,2741,285,3122,object,3120,4208
train_1088.jpg,0,3329,59,3739,object,3120,4208
train_1088.jpg,68,3324,134,3726,object,3120,4208
train_1088.jpg,2804,2492,3120,2602,object,3120,4208
train_1088.jpg,2798,2387,3121,2489,object,3120,4208
train_1088.jpg,1862,3237,1904,3547,object,3120,4208
train_1088.jpg,1805,3257,1852,3564,object,3120,4208
train_1088.jpg,1722,3293,1766,3611,object,3120,4208
train_1088.jpg,1664,3303,1716,3627,object,3120,4208
train_1088.jpg,1493,3235,1536,3573,object,3120,4208
train_1088.jpg,1420,3235,1466,3568,object,3120,4208
train_1088.jpg,1268,3196,1332,3553,object,3120,4208
train_1088.jpg,1202,3189,1251,3564,object,3120,4208
train_1088.jpg,1082,3204,1131,3536,object,3120,4208
train_1088.jpg,895,3272,944,3580,object,3120,4208
train_1088.jpg,837,3277,884,3594,object,3120,4208
train_1088.jpg,791,3277,832,3601,object,3120,4208
train_1088.jpg,666,3267,715,3606,object,3120,4208
train_1088.jpg,614,3267,661,3603,object,3120,4208
train_1088.jpg,447,3308,499,3689,object,3120,4208
train_1088.jpg,380,3319,442,3689,object,3120,4208
train_1088.jpg,307,3319,376,3706,object,3120,4208
train_1088.jpg,218,3319,296,3719,object,3120,4208
train_1088.jpg,140,3319,213,3722,object,3120,4208
train_1088.jpg,296,2736,363,3104,object,3120,4208
train_1088.jpg,1477,2086,1518,2449,object,3120,4208
train_1088.jpg,1680,2075,1796,2456,object,3120,4208
train_1088.jpg,1836,2101,1880,2438,object,3120,4208
train_1088.jpg,1644,2700,1683,3013,object,3120,4208
train_1088.jpg,1581,2684,1628,3013,object,3120,4208
train_1088.jpg,2351,3006,2510,3347,object,3120,4208
train_1088.jpg,2544,3006,2707,3342,object,3120,4208
train_1088.jpg,2720,3001,2831,3346,object,3120,4208
train_1088.jpg,2845,3012,2943,3352,object,3120,4208
train_1088.jpg,2954,3017,3084,3360,object,3120,4208
train_1088.jpg,1992,3542,2058,3791,object,3120,4208
train_1088.jpg,2081,3459,2200,3800,object,3120,4208
train_1088.jpg,1688,2696,1729,3013,object,3120,4208
train_1088.jpg,2221,3454,2333,3791,object,3120,4208
train_1088.jpg,2523,3454,2677,3800,object,3120,4208
train_1088.jpg,2700,3454,2857,3796,object,3120,4208
train_1088.jpg,2866,3459,3030,3784,object,3120,4208
train_1088.jpg,1207,2684,1254,3018,object,3120,4208
train_1088.jpg,1260,2683,1295,3022,object,3120,4208
train_1088.jpg,1316,2679,1358,3008,object,3120,4208
train_1088.jpg,1363,2679,1400,3008,object,3120,4208
train_1088.jpg,1441,2679,1492,3029,object,3120,4208
train_1088.jpg,1524,2689,1570,3029,object,3120,4208
train_1088.jpg,2361,3454,2486,3791,object,3120,4208
train_1088.jpg,1800,2866,1852,3222,object,3120,4208
train_1088.jpg,2159,3001,2326,3334,object,3120,4208
train_1088.jpg,1966,3001,2137,3342,object,3120,4208
train_1088.jpg,832,2814,891,3156,object,3120,4208
train_1088.jpg,775,2804,828,3179,object,3120,4208
train_1088.jpg,707,2804,771,3176,object,3120,4208
train_1088.jpg,1889,2105,1928,2441,object,3120,4208
train_1088.jpg,1940,2377,2225,2443,object,3120,4208
train_1088.jpg,1961,2455,2239,2524,object,3120,4208
train_1088.jpg,1966,2528,2244,2601,object,3120,4208
train_1088.jpg,2237,2382,2524,2450,object,3120,4208
train_1088.jpg,2252,2455,2538,2523,object,3120,4208
train_1088.jpg,2263,2538,2546,2602,object,3120,4208
train_1088.jpg,2549,2377,2761,2438,object,3120,4208
train_1088.jpg,2554,2450,2772,2524,object,3120,4208
train_1088.jpg,1934,2666,2221,2778,object,3120,4208
train_1088.jpg,1935,2783,2209,2901,object,3120,4208
train_1088.jpg,2247,2689,2527,2746,object,3120,4208
train_1088.jpg,2250,2766,2523,2830,object,3120,4208
train_1088.jpg,2257,2840,2527,2913,object,3120,4208
train_1088.jpg,2541,2696,2783,2762,object,3120,4208
train_1088.jpg,2528,2767,2778,2832,object,3120,4208
train_1088.jpg,2532,2841,2787,2917,object,3120,4208
train_1088.jpg,2793,2830,3088,2925,object,3120,4208
train_1088.jpg,1524,2086,1583,2459,object,3120,4208
train_1088.jpg,2554,2533,2797,2596,object,3120,4208
train_1088.jpg,557,3272,610,3614,object,3120,4208
train_1088.jpg,1308,2049,1342,2387,object,3120,4208
train_1088.jpg,2770,490,2856,905,object,3120,4208
train_1088.jpg,2876,489,2957,899,object,3120,4208
train_1088.jpg,2975,463,3053,895,object,3120,4208
train_1088.jpg,21,1030,77,1400,object,3120,4208
train_1088.jpg,82,1040,126,1404,object,3120,4208
train_1088.jpg,177,1092,221,1438,object,3120,4208
train_1088.jpg,2627,463,2729,905,object,3120,4208
train_1088.jpg,228,1087,270,1442,object,3120,4208
train_1088.jpg,390,999,481,1443,object,3120,4208
train_1088.jpg,520,993,597,1432,object,3120,4208
train_1088.jpg,609,999,700,1442,object,3120,4208
train_1088.jpg,733,1040,780,1429,object,3120,4208
train_1088.jpg,789,1047,848,1425,object,3120,4208
train_1088.jpg,874,1061,918,1442,object,3120,4208
train_1088.jpg,281,999,372,1442,object,3120,4208
train_1088.jpg,1004,1056,1081,1451,object,3120,4208
train_1088.jpg,2486,489,2554,904,object,3120,4208
train_1088.jpg,2242,453,2342,893,object,3120,4208
train_1088.jpg,999,2715,1053,3058,object,3120,4208
train_1088.jpg,931,2710,984,3070,object,3120,4208
train_1088.jpg,1857,2861,1909,3195,object,3120,4208
train_1088.jpg,640,369,731,828,object,3120,4208
train_1088.jpg,801,401,889,876,object,3120,4208
train_1088.jpg,931,401,1010,874,object,3120,4208
train_1088.jpg,2356,479,2423,910,object,3120,4208
train_1088.jpg,1051,364,1120,835,object,3120,4208
train_1088.jpg,1285,421,1359,858,object,3120,4208
train_1088.jpg,1384,380,1463,826,object,3120,4208
train_1088.jpg,1638,421,1709,883,object,3120,4208
train_1088.jpg,1769,395,1882,900,object,3120,4208
train_1088.jpg,1909,432,2027,910,object,3120,4208
train_1088.jpg,2065,427,2186,901,object,3120,4208
train_1088.jpg,1155,406,1215,845,object,3120,4208
train_1088.jpg,1129,1087,1192,1464,object,3120,4208
train_1088.jpg,1248,1025,1303,1440,object,3120,4208
train_1088.jpg,1389,1072,1443,1459,object,3120,4208
train_1088.jpg,2200,1690,2259,1977,object,3120,4208
train_1088.jpg,2268,1696,2322,1973,object,3120,4208
train_1088.jpg,1940,1997,2099,2283,object,3120,4208
train_1088.jpg,2112,2018,2165,2273,object,3120,4208
train_1088.jpg,2195,2039,2486,2155,object,3120,4208
train_1088.jpg,2205,2169,2492,2281,object,3120,4208
train_1088.jpg,2133,1690,2192,1986,object,3120,4208
train_1088.jpg,2497,2060,2740,2126,object,3120,4208
train_1088.jpg,2518,2221,2763,2283,object,3120,4208
train_1088.jpg,2772,2039,3064,2156,object,3120,4208
train_1088.jpg,2776,2172,3064,2294,object,3120,4208
train_1088.jpg,73,1586,117,1951,object,3120,4208
train_1088.jpg,125,1592,164,1943,object,3120,4208
train_1088.jpg,203,1576,265,1939,object,3120,4208
train_1088.jpg,2503,2142,2753,2208,object,3120,4208
train_1088.jpg,2377,1685,2429,1971,object,3120,4208
train_1088.jpg,2434,1685,2479,1984,object,3120,4208
train_1088.jpg,2486,1623,2559,1935,object,3120,4208
train_1088.jpg,1508,1019,1594,1473,object,3120,4208
train_1088.jpg,1633,1014,1705,1468,object,3120,4208
train_1088.jpg,1742,1019,1858,1458,object,3120,4208
train_1088.jpg,1899,1072,2000,1463,object,3120,4208
train_1088.jpg,2029,1025,2111,1449,object,3120,4208
train_1088.jpg,2221,1030,2291,1390,object,3120,4208
train_1088.jpg,2351,1030,2421,1454,object,3120,4208
train_1088.jpg,2450,1004,2529,1445,object,3120,4208
train_1088.jpg,2575,988,2658,1437,object,3120,4208
train_1088.jpg,2679,988,2827,1410,object,3120,4208
train_1088.jpg,2889,953,2944,1306,object,3120,4208
train_1088.jpg,2965,988,3045,1394,object,3120,4208
train_1088.jpg,2689,1597,2767,1945,object,3120,4208
train_1088.jpg,2830,1560,2908,1936,object,3120,4208
train_1088.jpg,2944,1566,3019,1930,object,3120,4208
train_1088.jpg,1066,2715,1116,3055,object,3120,4208
train_1088.jpg,1129,2715,1182,3065,object,3120,4208
train_1088.jpg,1514,411,1592,854,object,3120,4208
train_1088.jpg,276,2231,328,2547,object,3120,4208
train_1088.jpg,1560,1586,1633,1966,object,3120,4208
train_1088.jpg,1488,1607,1538,1967,object,3120,4208
train_1088.jpg,1382,1624,1425,1930,object,3120,4208
train_1088.jpg,1337,1581,1380,1939,object,3120,4208
train_1088.jpg,1207,1566,1252,1938,object,3120,4208
train_1088.jpg,1125,1577,1165,1925,object,3120,4208
train_1088.jpg,1072,1576,1118,1934,object,3120,4208
train_1088.jpg,1649,1581,1723,1974,object,3120,4208
train_1088.jpg,936,1488,988,1871,object,3120,4208
train_1088.jpg,822,1597,863,1951,object,3120,4208
train_1088.jpg,754,1597,791,1951,object,3120,4208
train_1088.jpg,775,2143,813,2482,object,3120,4208
train_1088.jpg,814,2142,853,2481,object,3120,4208
train_1088.jpg,858,2062,897,2403,object,3120,4208
train_1088.jpg,915,2062,962,2403,object,3120,4208
train_1088.jpg,1004,2091,1051,2428,object,3120,4208
train_1088.jpg,867,1594,905,1940,object,3120,4208
train_1088.jpg,1055,2090,1098,2429,object,3120,4208
train_1088.jpg,1753,1555,1854,1951,object,3120,4208
train_1088.jpg,1945,1607,1997,1947,object,3120,4208
train_1088.jpg,421,369,488,827,object,3120,4208
train_1088.jpg,317,463,393,883,object,3120,4208
train_1088.jpg,140,447,181,856,object,3120,4208
train_1088.jpg,73,442,127,847,object,3120,4208
train_1088.jpg,198,380,278,822,object,3120,4208
train_1088.jpg,494,2133,537,2492,object,3120,4208
train_1088.jpg,577,2117,610,2468,object,3120,4208
train_1088.jpg,1893,1602,1941,1954,object,3120,4208
train_1088.jpg,614,2114,650,2460,object,3120,4208
train_1088.jpg,453,2127,488,2494,object,3120,4208
train_1088.jpg,1425,2138,1464,2472,object,3120,4208
train_1088.jpg,348,2263,404,2572,object,3120,4208
train_1088.jpg,172,2185,224,2549,object,3120,4208
train_1088.jpg,114,2179,165,2547,object,3120,4208
train_1088.jpg,42,2179,109,2546,object,3120,4208
train_1088.jpg,2049,1618,2103,1965,object,3120,4208
train_1088.jpg,707,2117,745,2437,object,3120,4208
train_1088.jpg,1139,2133,1181,2469,object,3120,4208
train_1088.jpg,1186,2131,1222,2466,object,3120,4208
train_1088.jpg,1269,2049,1304,2387,object,3120,4208
train_1088.jpg,536,348,623,726,object,3120,4208
train_1088.jpg,707,1602,750,1965,object,3120,4208
train_1088.jpg,557,1576,607,1940,object,3120,4208
train_1088.jpg,432,1540,514,1940,object,3120,4208
train_1088.jpg,380,1597,417,1939,object,3120,4208
train_1088.jpg,322,1586,368,1938,object,3120,4208
train_1089.jpg,313,1169,429,1250,object,1920,2560
train_1089.jpg,309,1077,426,1162,object,1920,2560
train_1089.jpg,186,1164,309,1248,object,1920,2560
train_1089.jpg,181,1077,304,1160,object,1920,2560
train_1089.jpg,63,1179,183,1250,object,1920,2560
train_1089.jpg,63,1107,177,1177,object,1920,2560
train_1089.jpg,10,754,172,846,object,1920,2560
train_1089.jpg,9,853,174,939,object,1920,2560
train_1089.jpg,432,1089,542,1168,object,1920,2560
train_1089.jpg,176,853,293,942,object,1920,2560
train_1089.jpg,174,761,288,850,object,1920,2560
train_1089.jpg,295,855,418,942,object,1920,2560
train_1089.jpg,290,758,419,851,object,1920,2560
train_1089.jpg,58,1029,177,1104,object,1920,2560
train_1089.jpg,543,1083,659,1168,object,1920,2560
train_1089.jpg,896,1174,981,1214,object,1920,2560
train_1089.jpg,551,1173,659,1250,object,1920,2560
train_1089.jpg,1226,2079,1357,2163,object,1920,2560
train_1089.jpg,1365,2048,1477,2164,object,1920,2560
train_1089.jpg,1480,2036,1593,2162,object,1920,2560
train_1089.jpg,1599,2024,1706,2090,object,1920,2560
train_1089.jpg,1601,2094,1702,2159,object,1920,2560
train_1089.jpg,1710,2000,1824,2156,object,1920,2560
train_1089.jpg,435,1171,546,1252,object,1920,2560
train_1089.jpg,1828,1990,1920,2160,object,1920,2560
train_1089.jpg,1668,1164,1845,1198,object,1920,2560
train_1089.jpg,1495,997,1662,1263,object,1920,2560
train_1089.jpg,1309,985,1488,1262,object,1920,2560
train_1089.jpg,1101,985,1298,1256,object,1920,2560
train_1089.jpg,993,1154,1091,1209,object,1920,2560
train_1089.jpg,775,1157,875,1208,object,1920,2560
train_1089.jpg,1666,1200,1847,1226,object,1920,2560
train_1089.jpg,347,1725,472,1797,object,1920,2560
train_1089.jpg,741,1736,850,1800,object,1920,2560
train_1089.jpg,351,1801,478,1876,object,1920,2560
train_1089.jpg,217,1732,344,1799,object,1920,2560
train_1089.jpg,743,1395,822,1582,object,1920,2560
train_1089.jpg,824,1395,907,1582,object,1920,2560
train_1089.jpg,915,1401,1000,1579,object,1920,2560
train_1089.jpg,1007,1396,1084,1582,object,1920,2560
train_1089.jpg,483,1800,613,1874,object,1920,2560
train_1089.jpg,476,1715,614,1793,object,1920,2560
train_1089.jpg,621,1806,737,1870,object,1920,2560
train_1089.jpg,618,1749,736,1803,object,1920,2560
train_1089.jpg,618,1681,738,1747,object,1920,2560
train_1089.jpg,1092,1338,1252,1581,object,1920,2560
train_1089.jpg,1261,1413,1515,1582,object,1920,2560
train_1089.jpg,1524,1396,1721,1585,object,1920,2560
train_1089.jpg,1727,1401,1921,1582,object,1920,2560
train_1089.jpg,1712,1654,1920,1863,object,1920,2560
train_1089.jpg,1425,1654,1709,1873,object,1920,2560
train_1089.jpg,1205,1657,1422,1874,object,1920,2560
train_1089.jpg,1095,1726,1202,1799,object,1920,2560
train_1089.jpg,1090,1804,1200,1871,object,1920,2560
train_1089.jpg,984,1726,1091,1797,object,1920,2560
train_1089.jpg,987,1800,1088,1871,object,1920,2560
train_1089.jpg,853,1705,978,1786,object,1920,2560
train_1089.jpg,855,1790,982,1870,object,1920,2560
train_1089.jpg,1092,1990,1225,2070,object,1920,2560
train_1089.jpg,971,2065,1084,2152,object,1920,2560
train_1089.jpg,867,2024,965,2158,object,1920,2560
train_1089.jpg,755,2026,863,2158,object,1920,2560
train_1089.jpg,132,1660,212,1880,object,1920,2560
train_1089.jpg,29,1662,128,1884,object,1920,2560
train_1089.jpg,0,2026,77,2096,object,1920,2560
train_1089.jpg,0,2101,81,2167,object,1920,2560
train_1089.jpg,82,2036,203,2103,object,1920,2560
train_1089.jpg,85,2106,202,2168,object,1920,2560
train_1089.jpg,205,2038,321,2101,object,1920,2560
train_1089.jpg,205,2106,322,2169,object,1920,2560
train_1089.jpg,324,2041,427,2167,object,1920,2560
train_1089.jpg,435,2036,538,2162,object,1920,2560
train_1089.jpg,1232,1995,1363,2077,object,1920,2560
train_1089.jpg,215,1802,347,1877,object,1920,2560
train_1089.jpg,1092,2075,1223,2160,object,1920,2560
train_1089.jpg,1855,1060,1920,1271,object,1920,2560
train_1089.jpg,19,1348,138,1604,object,1920,2560
train_1089.jpg,144,1349,262,1589,object,1920,2560
train_1089.jpg,266,1374,356,1587,object,1920,2560
train_1089.jpg,362,1369,464,1587,object,1920,2560
train_1089.jpg,466,1374,551,1591,object,1920,2560
train_1089.jpg,555,1379,652,1589,object,1920,2560
train_1089.jpg,657,1394,737,1586,object,1920,2560
train_1089.jpg,423,867,541,939,object,1920,2560
train_1089.jpg,541,2034,641,2158,object,1920,2560
train_1089.jpg,645,2021,750,2157,object,1920,2560
train_1089.jpg,1666,1229,1842,1262,object,1920,2560
train_1089.jpg,420,780,534,864,object,1920,2560
train_1089.jpg,741,1804,850,1872,object,1920,2560
train_1089.jpg,772,395,940,483,object,1920,2560
train_1089.jpg,1003,727,1095,946,object,1920,2560
train_1089.jpg,1101,640,1302,907,object,1920,2560
train_1089.jpg,1427,645,1543,912,object,1920,2560
train_1089.jpg,1548,715,1766,908,object,1920,2560
train_1089.jpg,1773,717,1921,914,object,1920,2560
train_1089.jpg,1794,396,1920,586,object,1920,2560
train_1089.jpg,765,51,935,137,object,1920,2560
train_1089.jpg,767,143,937,230,object,1920,2560
train_1089.jpg,941,54,1111,141,object,1920,2560
train_1089.jpg,940,144,1110,231,object,1920,2560
train_1089.jpg,1118,4,1318,280,object,1920,2560
train_1089.jpg,1323,22,1525,281,object,1920,2560
train_1089.jpg,1534,12,1724,284,object,1920,2560
train_1089.jpg,898,715,995,945,object,1920,2560
train_1089.jpg,1736,0,1921,296,object,1920,2560
train_1089.jpg,1321,391,1549,576,object,1920,2560
train_1089.jpg,1118,403,1314,581,object,1920,2560
train_1089.jpg,943,487,1111,575,object,1920,2560
train_1089.jpg,945,392,1113,480,object,1920,2560
train_1089.jpg,772,485,937,574,object,1920,2560
train_1089.jpg,80,360,261,464,object,1920,2560
train_1089.jpg,81,472,263,576,object,1920,2560
train_1089.jpg,263,357,441,462,object,1920,2560
train_1089.jpg,267,467,441,570,object,1920,2560
train_1089.jpg,447,386,604,473,object,1920,2560
train_1089.jpg,448,477,606,564,object,1920,2560
train_1089.jpg,612,386,770,473,object,1920,2560
train_1089.jpg,611,479,769,566,object,1920,2560
train_1089.jpg,1553,396,1792,585,object,1920,2560
train_1089.jpg,785,703,886,946,object,1920,2560
train_1089.jpg,1309,638,1420,911,object,1920,2560
train_1089.jpg,663,863,783,947,object,1920,2560
train_1089.jpg,664,770,780,858,object,1920,2560
train_1089.jpg,46,14,225,118,object,1920,2560
train_1089.jpg,645,147,761,235,object,1920,2560
train_1089.jpg,648,57,764,145,object,1920,2560
train_1089.jpg,528,58,644,146,object,1920,2560
train_1089.jpg,407,147,523,235,object,1920,2560
train_1089.jpg,525,147,640,235,object,1920,2560
train_1089.jpg,46,121,225,234,object,1920,2560
train_1089.jpg,232,125,400,228,object,1920,2560
train_1089.jpg,408,56,524,143,object,1920,2560
train_1089.jpg,543,857,659,942,object,1920,2560
train_1089.jpg,539,761,659,853,object,1920,2560
train_1089.jpg,229,17,401,123,object,1920,2560
train_109.jpg,390,952,476,1193,object,1920,2560
train_109.jpg,424,2100,585,2238,object,1920,2560
train_109.jpg,494,909,571,1194,object,1920,2560
train_109.jpg,927,2035,988,2244,object,1920,2560
train_109.jpg,847,2020,917,2242,object,1920,2560
train_109.jpg,767,2038,844,2241,object,1920,2560
train_109.jpg,685,2038,763,2244,object,1920,2560
train_109.jpg,589,1995,667,2233,object,1920,2560
train_109.jpg,276,2047,415,2232,object,1920,2560
train_109.jpg,1437,700,1544,854,object,1920,2560
train_109.jpg,1321,532,1433,694,object,1920,2560
train_109.jpg,1219,553,1311,848,object,1920,2560
train_109.jpg,1157,599,1216,854,object,1920,2560
train_109.jpg,1550,617,1636,859,object,1920,2560
train_109.jpg,1651,642,1831,807,object,1920,2560
train_109.jpg,1658,807,1833,863,object,1920,2560
train_109.jpg,1839,657,1921,776,object,1920,2560
train_109.jpg,261,1038,374,1188,object,1920,2560
train_109.jpg,144,1031,256,1186,object,1920,2560
train_109.jpg,279,924,385,1027,object,1920,2560
train_109.jpg,157,912,271,1030,object,1920,2560
train_109.jpg,52,939,140,1186,object,1920,2560
train_109.jpg,1839,783,1919,863,object,1920,2560
train_109.jpg,574,961,674,1197,object,1920,2560
train_109.jpg,1320,703,1423,854,object,1920,2560
train_109.jpg,681,970,772,1194,object,1920,2560
train_109.jpg,565,1615,731,1758,object,1920,2560
train_109.jpg,893,1010,993,1200,object,1920,2560
train_109.jpg,0,2001,85,2226,object,1920,2560
train_109.jpg,1710,1768,1866,1921,object,1920,2560
train_109.jpg,1658,1658,1803,1737,object,1920,2560
train_109.jpg,1535,1744,1677,1919,object,1920,2560
train_109.jpg,1357,1765,1521,1925,object,1920,2560
train_109.jpg,1341,1688,1494,1749,object,1920,2560
train_109.jpg,1348,1627,1512,1682,object,1920,2560
train_109.jpg,1206,1673,1335,1920,object,1920,2560
train_109.jpg,1059,1753,1196,1918,object,1920,2560
train_109.jpg,1464,1286,1546,1549,object,1920,2560
train_109.jpg,1056,1615,1195,1731,object,1920,2560
train_109.jpg,721,1765,873,1926,object,1920,2560
train_109.jpg,559,1774,705,1916,object,1920,2560
train_109.jpg,1550,1329,1631,1549,object,1920,2560
train_109.jpg,381,1762,548,1908,object,1920,2560
train_109.jpg,221,1765,358,1912,object,1920,2560
train_109.jpg,101,1777,209,1911,object,1920,2560
train_109.jpg,98,1642,196,1774,object,1920,2560
train_109.jpg,0,1694,79,1914,object,1920,2560
train_109.jpg,1851,1301,1921,1558,object,1920,2560
train_109.jpg,890,1759,1046,1914,object,1920,2560
train_109.jpg,98,2007,182,2228,object,1920,2560
train_109.jpg,1200,1391,1364,1541,object,1920,2560
train_109.jpg,1384,1295,1460,1538,object,1920,2560
train_109.jpg,1001,1007,1102,1199,object,1920,2560
train_109.jpg,1111,998,1222,1205,object,1920,2560
train_109.jpg,1225,995,1298,1208,object,1920,2560
train_109.jpg,1311,995,1415,1214,object,1920,2560
train_109.jpg,1427,1019,1526,1214,object,1920,2560
train_109.jpg,1526,967,1621,1213,object,1920,2560
train_109.jpg,1621,964,1722,1213,object,1920,2560
train_109.jpg,1731,933,1823,1217,object,1920,2560
train_109.jpg,1829,939,1919,1221,object,1920,2560
train_109.jpg,998,2038,1065,2240,object,1920,2560
train_109.jpg,0,1387,97,1529,object,1920,2560
train_109.jpg,111,1394,218,1529,object,1920,2560
train_109.jpg,227,1378,332,1529,object,1920,2560
train_109.jpg,335,1387,416,1533,object,1920,2560
train_109.jpg,436,1354,602,1526,object,1920,2560
train_109.jpg,617,1265,712,1533,object,1920,2560
train_109.jpg,721,1308,823,1538,object,1920,2560
train_109.jpg,921,1301,1018,1529,object,1920,2560
train_109.jpg,1028,1375,1186,1535,object,1920,2560
train_109.jpg,1206,1308,1376,1378,object,1920,2560
train_109.jpg,190,1992,264,2246,object,1920,2560
train_109.jpg,783,939,887,1193,object,1920,2560
train_109.jpg,1074,1989,1163,2245,object,1920,2560
train_109.jpg,1654,1335,1744,1566,object,1920,2560
train_109.jpg,1268,1989,1390,2244,object,1920,2560
train_109.jpg,1120,2327,1207,2556,object,1920,2560
train_109.jpg,995,2327,1109,2548,object,1920,2560
train_109.jpg,847,2376,991,2558,object,1920,2560
train_109.jpg,685,2376,840,2556,object,1920,2560
train_109.jpg,516,2397,672,2549,object,1920,2560
train_109.jpg,371,2407,506,2549,object,1920,2560
train_109.jpg,196,2416,345,2552,object,1920,2560
train_109.jpg,55,2339,190,2550,object,1920,2560
train_109.jpg,1799,2204,1921,2252,object,1920,2560
train_109.jpg,1808,2047,1921,2199,object,1920,2560
train_109.jpg,1679,2201,1789,2253,object,1920,2560
train_109.jpg,1685,2093,1799,2196,object,1920,2560
train_109.jpg,1553,2167,1668,2251,object,1920,2560
train_109.jpg,1166,1983,1257,2247,object,1920,2560
train_109.jpg,967,209,1060,436,object,1920,2560
train_109.jpg,866,153,955,431,object,1920,2560
train_109.jpg,1080,270,1142,450,object,1920,2560
train_109.jpg,761,347,853,430,object,1920,2560
train_109.jpg,349,329,454,417,object,1920,2560
train_109.jpg,6,175,111,407,object,1920,2560
train_109.jpg,120,215,269,414,object,1920,2560
train_109.jpg,276,144,350,417,object,1920,2560
train_109.jpg,348,223,458,325,object,1920,2560
train_109.jpg,1734,2330,1829,2562,object,1920,2560
train_109.jpg,1645,2339,1731,2556,object,1920,2560
train_109.jpg,1292,2453,1395,2558,object,1920,2560
train_109.jpg,1562,2339,1642,2560,object,1920,2560
train_109.jpg,1480,2318,1557,2562,object,1920,2560
train_109.jpg,1409,2327,1480,2557,object,1920,2560
train_109.jpg,1298,2339,1404,2446,object,1920,2560
train_109.jpg,1219,2324,1290,2552,object,1920,2560
train_109.jpg,464,264,557,420,object,1920,2560
train_109.jpg,568,304,671,421,object,1920,2560
train_109.jpg,675,160,758,424,object,1920,2560
train_109.jpg,764,261,852,344,object,1920,2560
train_109.jpg,1148,181,1235,441,object,1920,2560
train_109.jpg,1397,2050,1545,2251,object,1920,2560
train_109.jpg,1326,236,1415,450,object,1920,2560
train_109.jpg,1240,190,1321,442,object,1920,2560
train_109.jpg,1756,1344,1839,1561,object,1920,2560
train_109.jpg,1068,577,1130,846,object,1920,2560
train_109.jpg,850,770,933,840,object,1920,2560
train_109.jpg,847,688,931,767,object,1920,2560
train_109.jpg,859,599,945,685,object,1920,2560
train_109.jpg,770,645,836,843,object,1920,2560
train_109.jpg,691,583,764,845,object,1920,2560
train_109.jpg,580,599,688,839,object,1920,2560
train_109.jpg,955,663,1066,851,object,1920,2560
train_109.jpg,261,672,375,831,object,1920,2560
train_109.jpg,1421,246,1511,450,object,1920,2560
train_109.jpg,384,672,562,833,object,1920,2560
train_109.jpg,1623,246,1710,459,object,1920,2560
train_109.jpg,1725,255,1823,361,object,1920,2560
train_109.jpg,1526,239,1610,455,object,1920,2560
train_109.jpg,1833,246,1919,460,object,1920,2560
train_109.jpg,18,675,127,825,object,1920,2560
train_109.jpg,141,678,250,825,object,1920,2560
train_109.jpg,1725,368,1827,467,object,1920,2560
train_1090.jpg,2161,2372,2297,2776,object,2448,3264
train_1090.jpg,1539,2362,1659,2738,object,2448,3264
train_1090.jpg,1426,2335,1532,2695,object,2448,3264
train_1090.jpg,1313,2303,1418,2680,object,2448,3264
train_1090.jpg,1191,2283,1304,2627,object,2448,3264
train_1090.jpg,1083,2274,1180,2620,object,2448,3264
train_1090.jpg,985,2247,1075,2568,object,2448,3264
train_1090.jpg,853,2220,979,2569,object,2448,3264
train_1090.jpg,2307,2408,2447,2813,object,2448,3264
train_1090.jpg,2181,1784,2401,2235,object,2448,3264
train_1090.jpg,1010,2651,1108,2950,object,2448,3264
train_1090.jpg,2201,1103,2432,1623,object,2448,3264
train_1090.jpg,2223,506,2447,1072,object,2448,3264
train_1090.jpg,1823,2883,1908,3230,object,2448,3264
train_1090.jpg,1691,2833,1806,3203,object,2448,3264
train_1090.jpg,2079,2893,2258,3253,object,2448,3264
train_1090.jpg,1558,2822,1680,3132,object,2448,3264
train_1090.jpg,1446,2774,1552,3117,object,2448,3264
train_1090.jpg,1323,2741,1435,3083,object,2448,3264
train_1090.jpg,1220,2710,1316,3039,object,2448,3264
train_1090.jpg,1706,1925,1853,2323,object,2448,3264
train_1090.jpg,2269,2936,2448,3264,object,2448,3264
train_1090.jpg,897,2612,995,2931,object,2448,3264
train_1090.jpg,1353,321,1480,848,object,2448,3264
train_1090.jpg,1794,2421,1914,2809,object,2448,3264
train_1090.jpg,843,956,953,1358,object,2448,3264
train_1090.jpg,1906,364,2002,784,object,2448,3264
train_1090.jpg,1759,392,1881,795,object,2448,3264
train_1090.jpg,1627,407,1739,816,object,2448,3264
train_1090.jpg,1501,425,1615,831,object,2448,3264
train_1090.jpg,1666,2394,1789,2784,object,2448,3264
train_1090.jpg,1235,353,1345,856,object,2448,3264
train_1090.jpg,809,123,904,361,object,2448,3264
train_1090.jpg,1010,372,1100,870,object,2448,3264
train_1090.jpg,912,412,1001,880,object,2448,3264
train_1090.jpg,804,421,907,885,object,2448,3264
train_1090.jpg,1813,5,1942,187,object,2448,3264
train_1090.jpg,1676,5,1785,223,object,2448,3264
train_1090.jpg,1524,10,1648,235,object,2448,3264
train_1090.jpg,1397,5,1497,249,object,2448,3264
train_1090.jpg,1269,15,1366,272,object,2448,3264
train_1090.jpg,1147,54,1249,298,object,2448,3264
train_1090.jpg,1024,74,1115,326,object,2448,3264
train_1090.jpg,916,103,1011,353,object,2448,3264
train_1090.jpg,965,961,1060,1356,object,2448,3264
train_1090.jpg,1068,951,1168,1359,object,2448,3264
train_1090.jpg,1122,360,1228,863,object,2448,3264
train_1090.jpg,1309,930,1426,1342,object,2448,3264
train_1090.jpg,1211,1861,1313,2215,object,2448,3264
train_1090.jpg,1328,1877,1431,2270,object,2448,3264
train_1090.jpg,1446,1898,1571,2269,object,2448,3264
train_1090.jpg,1176,946,1288,1349,object,2448,3264
train_1090.jpg,1568,1902,1686,2312,object,2448,3264
train_1090.jpg,1103,1848,1203,2218,object,2448,3264
train_1090.jpg,1000,1838,1092,2186,object,2448,3264
train_1090.jpg,1745,1432,1888,1848,object,2448,3264
train_1090.jpg,1617,1431,1736,1848,object,2448,3264
train_1090.jpg,887,1833,990,2167,object,2448,3264
train_1090.jpg,1348,1431,1467,1819,object,2448,3264
train_1090.jpg,1446,921,1566,1353,object,2448,3264
train_1090.jpg,1588,921,1728,1354,object,2448,3264
train_1090.jpg,1774,915,1876,1323,object,2448,3264
train_1090.jpg,1882,936,1971,1353,object,2448,3264
train_1090.jpg,1480,1429,1607,1823,object,2448,3264
train_1090.jpg,897,1402,999,1784,object,2448,3264
train_1090.jpg,1010,1415,1105,1779,object,2448,3264
train_1090.jpg,1122,1421,1220,1797,object,2448,3264
train_1090.jpg,1235,1431,1344,1794,object,2448,3264
train_1091.jpg,1029,2207,1161,2371,object,2448,3264
train_1091.jpg,1041,2066,1170,2201,object,2448,3264
train_1091.jpg,1354,2243,1590,2304,object,2448,3264
train_1091.jpg,1178,2133,1337,2299,object,2448,3264
train_1091.jpg,1188,2301,1338,2375,object,2448,3264
train_1091.jpg,892,2051,1035,2120,object,2448,3264
train_1091.jpg,1359,2301,1593,2360,object,2448,3264
train_1091.jpg,2274,2180,2326,2309,object,2448,3264
train_1091.jpg,1584,2309,1843,2363,object,2448,3264
train_1091.jpg,1796,2102,1880,2260,object,2448,3264
train_1091.jpg,1879,2155,1967,2262,object,2448,3264
train_1091.jpg,1976,2145,2051,2285,object,2448,3264
train_1091.jpg,2051,2134,2131,2286,object,2448,3264
train_1091.jpg,2192,2203,2274,2310,object,2448,3264
train_1091.jpg,2325,2176,2403,2301,object,2448,3264
train_1091.jpg,8,2571,268,2628,object,2448,3264
train_1091.jpg,7,2626,266,2673,object,2448,3264
train_1091.jpg,8,2673,268,2722,object,2448,3264
train_1091.jpg,1605,2258,1842,2312,object,2448,3264
train_1091.jpg,853,2188,1005,2378,object,2448,3264
train_1091.jpg,368,2102,504,2369,object,2448,3264
train_1091.jpg,505,2082,680,2389,object,2448,3264
train_1091.jpg,12,2156,183,2392,object,2448,3264
train_1091.jpg,2250,1722,2338,1908,object,2448,3264
train_1091.jpg,2164,1722,2233,1885,object,2448,3264
train_1091.jpg,8,2802,266,2839,object,2448,3264
train_1091.jpg,180,2126,349,2372,object,2448,3264
train_1091.jpg,33,2884,282,2910,object,2448,3264
train_1091.jpg,274,2599,545,2671,object,2448,3264
train_1091.jpg,270,2673,544,2707,object,2448,3264
train_1091.jpg,270,2708,540,2758,object,2448,3264
train_1091.jpg,283,2755,540,2782,object,2448,3264
train_1091.jpg,282,2783,545,2831,object,2448,3264
train_1091.jpg,305,2830,544,2874,object,2448,3264
train_1091.jpg,305,2877,570,2911,object,2448,3264
train_1091.jpg,544,2560,801,2620,object,2448,3264
train_1091.jpg,551,2622,798,2675,object,2448,3264
train_1091.jpg,548,2677,815,2709,object,2448,3264
train_1091.jpg,43,509,181,756,object,2448,3264
train_1091.jpg,2106,2665,2200,2912,object,2448,3264
train_1091.jpg,1988,2669,2105,2904,object,2448,3264
train_1091.jpg,716,2078,851,2311,object,2448,3264
train_1091.jpg,8,2837,282,2885,object,2448,3264
train_1091.jpg,1237,1021,1361,1187,object,2448,3264
train_1091.jpg,1706,1742,1955,1981,object,2448,3264
train_1091.jpg,1264,274,1400,702,object,2448,3264
train_1091.jpg,1401,284,1515,704,object,2448,3264
train_1091.jpg,1515,278,1649,689,object,2448,3264
train_1091.jpg,1648,273,1759,689,object,2448,3264
train_1091.jpg,1761,270,1895,676,object,2448,3264
train_1091.jpg,1894,225,2037,677,object,2448,3264
train_1091.jpg,2043,344,2207,663,object,2448,3264
train_1091.jpg,2211,432,2352,661,object,2448,3264
train_1091.jpg,1765,906,1906,1174,object,2448,3264
train_1091.jpg,1166,275,1265,716,object,2448,3264
train_1091.jpg,1984,892,2272,1072,object,2448,3264
train_1091.jpg,157,1425,292,1611,object,2448,3264
train_1091.jpg,23,1456,145,1601,object,2448,3264
train_1091.jpg,24,1312,141,1444,object,2448,3264
train_1091.jpg,215,1307,352,1406,object,2448,3264
train_1091.jpg,309,1452,436,1584,object,2448,3264
train_1091.jpg,431,1494,590,1589,object,2448,3264
train_1091.jpg,446,1425,592,1501,object,2448,3264
train_1091.jpg,477,1307,615,1414,object,2448,3264
train_1091.jpg,704,1385,810,1589,object,2448,3264
train_1091.jpg,2133,1076,2398,1144,object,2448,3264
train_1091.jpg,1025,286,1164,716,object,2448,3264
train_1091.jpg,920,291,1025,732,object,2448,3264
train_1091.jpg,794,301,921,729,object,2448,3264
train_1091.jpg,1362,975,1470,1186,object,2448,3264
train_1091.jpg,1483,1045,1583,1179,object,2448,3264
train_1091.jpg,1585,1049,1661,1182,object,2448,3264
train_1091.jpg,1659,1010,1763,1171,object,2448,3264
train_1091.jpg,1037,956,1141,1198,object,2448,3264
train_1091.jpg,939,955,1037,1199,object,2448,3264
train_1091.jpg,838,975,942,1209,object,2448,3264
train_1091.jpg,755,1025,838,1210,object,2448,3264
train_1091.jpg,649,982,736,1104,object,2448,3264
train_1091.jpg,654,1104,733,1213,object,2448,3264
train_1091.jpg,520,1080,650,1210,object,2448,3264
train_1091.jpg,517,963,651,1082,object,2448,3264
train_1091.jpg,359,960,509,1092,object,2448,3264
train_1091.jpg,380,1093,511,1221,object,2448,3264
train_1091.jpg,235,1096,378,1220,object,2448,3264
train_1091.jpg,125,1058,243,1233,object,2448,3264
train_1091.jpg,4,1065,127,1231,object,2448,3264
train_1091.jpg,2352,434,2449,653,object,2448,3264
train_1091.jpg,352,348,505,748,object,2448,3264
train_1091.jpg,505,324,670,748,object,2448,3264
train_1091.jpg,669,325,794,732,object,2448,3264
train_1091.jpg,810,1376,884,1589,object,2448,3264
train_1091.jpg,1969,1753,2164,1916,object,2448,3264
train_1091.jpg,888,1397,1054,1587,object,2448,3264
train_1091.jpg,1174,1319,1275,1578,object,2448,3264
train_1091.jpg,1902,2653,1989,2902,object,2448,3264
train_1091.jpg,2055,1237,2236,1549,object,2448,3264
train_1091.jpg,2239,1374,2329,1550,object,2448,3264
train_1091.jpg,2329,1370,2440,1543,object,2448,3264
train_1091.jpg,2,1855,90,2016,object,2448,3264
train_1091.jpg,3,1693,59,1832,object,2448,3264
train_1091.jpg,113,1710,249,1861,object,2448,3264
train_1091.jpg,98,1863,250,2027,object,2448,3264
train_1091.jpg,317,1832,407,1947,object,2448,3264
train_1091.jpg,411,1832,568,2010,object,2448,3264
train_1091.jpg,567,1836,743,2008,object,2448,3264
train_1091.jpg,571,1652,757,1822,object,2448,3264
train_1091.jpg,759,1816,903,1966,object,2448,3264
train_1091.jpg,916,1816,1015,1992,object,2448,3264
train_1091.jpg,1021,1749,1124,2006,object,2448,3264
train_1091.jpg,939,1652,1019,1809,object,2448,3264
train_1091.jpg,1127,1839,1203,1991,object,2448,3264
train_1091.jpg,1201,1828,1277,1969,object,2448,3264
train_1091.jpg,1276,1730,1368,1960,object,2448,3264
train_1091.jpg,1366,1773,1457,1986,object,2448,3264
train_1091.jpg,1456,1679,1666,1888,object,2448,3264
train_1091.jpg,1808,2660,1901,2912,object,2448,3264
train_1091.jpg,1057,1423,1166,1589,object,2448,3264
train_1091.jpg,1710,2669,1807,2913,object,2448,3264
train_1091.jpg,1620,2669,1703,2907,object,2448,3264
train_1091.jpg,1280,1381,1354,1542,object,2448,3264
train_1091.jpg,1350,1331,1445,1572,object,2448,3264
train_1091.jpg,1444,1292,1550,1573,object,2448,3264
train_1091.jpg,1550,1284,1653,1542,object,2448,3264
train_1091.jpg,1655,1252,1768,1556,object,2448,3264
train_1091.jpg,1769,1245,1869,1558,object,2448,3264
train_1091.jpg,1875,1350,2053,1528,object,2448,3264
train_1091.jpg,6,2724,266,2768,object,2448,3264
train_1091.jpg,1139,955,1229,1194,object,2448,3264
train_1091.jpg,555,2708,814,2757,object,2448,3264
train_1091.jpg,556,2759,840,2796,object,2448,3264
train_1091.jpg,557,2794,841,2839,object,2448,3264
train_1091.jpg,556,2841,845,2878,object,2448,3264
train_1091.jpg,580,2877,845,2926,object,2448,3264
train_1091.jpg,869,2540,1015,2748,object,2448,3264
train_1091.jpg,871,2747,1014,2911,object,2448,3264
train_1091.jpg,1049,2563,1201,2905,object,2448,3264
train_1091.jpg,1213,2685,1300,2906,object,2448,3264
train_1091.jpg,1299,2675,1397,2904,object,2448,3264
train_1091.jpg,1397,2673,1487,2904,object,2448,3264
train_1091.jpg,1491,2666,1586,2896,object,2448,3264
train_1091.jpg,8,2767,268,2802,object,2448,3264
train_1092.jpg,1564,1872,1705,2160,object,3120,4208
train_1092.jpg,1705,1862,1839,2160,object,3120,4208
train_1092.jpg,933,1574,1077,1771,object,3120,4208
train_1092.jpg,598,2930,656,3118,object,3120,4208
train_1092.jpg,653,2930,711,3123,object,3120,4208
train_1092.jpg,716,2935,762,3138,object,3120,4208
train_1092.jpg,761,2920,816,3133,object,3120,4208
train_1092.jpg,817,2896,1115,3184,object,3120,4208
train_1092.jpg,1120,2921,1206,3159,object,3120,4208
train_1092.jpg,1205,2928,1256,3164,object,3120,4208
train_1092.jpg,1255,2929,1332,3169,object,3120,4208
train_1092.jpg,1332,2939,1408,3169,object,3120,4208
train_1092.jpg,1411,2937,1473,3179,object,3120,4208
train_1092.jpg,1473,2886,1579,3184,object,3120,4208
train_1092.jpg,1582,2897,1670,3184,object,3120,4208
train_1092.jpg,527,2916,590,3128,object,3120,4208
train_1092.jpg,1673,2902,1791,3194,object,3120,4208
train_1092.jpg,1900,2894,2003,3199,object,3120,4208
train_1092.jpg,2003,2913,2118,3179,object,3120,4208
train_1092.jpg,2124,2930,2245,3219,object,3120,4208
train_1092.jpg,2149,2537,2292,2841,object,3120,4208
train_1092.jpg,2013,2543,2148,2843,object,3120,4208
train_1092.jpg,1882,2534,2009,2836,object,3120,4208
train_1092.jpg,1732,2552,1877,2836,object,3120,4208
train_1092.jpg,1593,2554,1731,2841,object,3120,4208
train_1092.jpg,1442,2559,1594,2841,object,3120,4208
train_1092.jpg,1288,2562,1443,2836,object,3120,4208
train_1092.jpg,1139,2563,1292,2836,object,3120,4208
train_1092.jpg,994,2562,1135,2841,object,3120,4208
train_1092.jpg,1790,2904,1897,3199,object,3120,4208
train_1092.jpg,941,2548,989,2815,object,3120,4208
train_1092.jpg,472,2920,530,3128,object,3120,4208
train_1092.jpg,365,2914,419,3123,object,3120,4208
train_1092.jpg,1837,1862,1992,2137,object,3120,4208
train_1092.jpg,0,938,69,1105,object,3120,4208
train_1092.jpg,76,941,143,1120,object,3120,4208
train_1092.jpg,212,425,354,646,object,3120,4208
train_1092.jpg,353,424,531,648,object,3120,4208
train_1092.jpg,537,441,614,624,object,3120,4208
train_1092.jpg,621,430,753,626,object,3120,4208
train_1092.jpg,833,409,962,626,object,3120,4208
train_1092.jpg,1014,389,1128,626,object,3120,4208
train_1092.jpg,1140,396,1326,631,object,3120,4208
train_1092.jpg,1347,395,1526,621,object,3120,4208
train_1092.jpg,1528,377,1721,611,object,3120,4208
train_1092.jpg,425,2924,469,3123,object,3120,4208
train_1092.jpg,1721,372,1902,600,object,3120,4208
train_1092.jpg,2094,332,2302,590,object,3120,4208
train_1092.jpg,2134,753,2334,1009,object,3120,4208
train_1092.jpg,1961,757,2134,1004,object,3120,4208
train_1092.jpg,1777,766,1958,1004,object,3120,4208
train_1092.jpg,1411,768,1589,1029,object,3120,4208
train_1092.jpg,1203,805,1398,1034,object,3120,4208
train_1092.jpg,1066,841,1171,1034,object,3120,4208
train_1092.jpg,848,824,979,1024,object,3120,4208
train_1092.jpg,674,814,802,1034,object,3120,4208
train_1092.jpg,488,825,611,1019,object,3120,4208
train_1092.jpg,400,851,484,1024,object,3120,4208
train_1092.jpg,1000,831,1060,1019,object,3120,4208
train_1092.jpg,1905,371,2089,595,object,3120,4208
train_1092.jpg,854,2581,938,2836,object,3120,4208
train_1092.jpg,1589,776,1767,1024,object,3120,4208
train_1092.jpg,685,2573,757,2836,object,3120,4208
train_1092.jpg,1463,2382,1599,2508,object,3120,4208
train_1092.jpg,1350,2379,1463,2508,object,3120,4208
train_1092.jpg,1352,2218,1462,2376,object,3120,4208
train_1092.jpg,1213,2230,1346,2380,object,3120,4208
train_1092.jpg,1216,2380,1345,2503,object,3120,4208
train_1092.jpg,1080,2375,1215,2501,object,3120,4208
train_1092.jpg,1085,2233,1210,2376,object,3120,4208
train_1092.jpg,819,2239,1075,2493,object,3120,4208
train_1092.jpg,1423,1872,1565,2144,object,3120,4208
train_1092.jpg,1211,1912,1403,2152,object,3120,4208
train_1092.jpg,1024,1914,1211,2139,object,3120,4208
train_1092.jpg,883,1927,1022,2153,object,3120,4208
train_1092.jpg,1468,2224,1599,2382,object,3120,4208
train_1092.jpg,747,1922,875,2134,object,3120,4208
train_1092.jpg,469,1930,604,2119,object,3120,4208
train_1092.jpg,330,1929,434,2124,object,3120,4208
train_1092.jpg,305,1536,459,1766,object,3120,4208
train_1092.jpg,474,1584,550,1784,object,3120,4208
train_1092.jpg,552,1570,691,1766,object,3120,4208
train_1092.jpg,695,1567,838,1771,object,3120,4208
train_1092.jpg,839,1575,933,1771,object,3120,4208
train_1092.jpg,1876,1549,2048,1775,object,3120,4208
train_1092.jpg,1699,1558,1872,1776,object,3120,4208
train_1092.jpg,1524,1559,1700,1785,object,3120,4208
train_1092.jpg,758,2580,853,2831,object,3120,4208
train_1092.jpg,1311,1549,1504,1781,object,3120,4208
train_1092.jpg,611,1925,747,2127,object,3120,4208
train_1092.jpg,1599,2210,1745,2371,object,3120,4208
train_1092.jpg,1115,1564,1297,1791,object,3120,4208
train_1092.jpg,1747,2385,1892,2508,object,3120,4208
train_1092.jpg,425,2635,510,2820,object,3120,4208
train_1092.jpg,1598,2375,1741,2508,object,3120,4208
train_1092.jpg,336,2638,419,2826,object,3120,4208
train_1092.jpg,301,2210,560,2482,object,3120,4208
train_1092.jpg,561,2231,807,2482,object,3120,4208
train_1092.jpg,246,788,363,1004,object,3120,4208
train_1092.jpg,312,1200,394,1408,object,3120,4208
train_1092.jpg,515,2633,600,2831,object,3120,4208
train_1092.jpg,530,1187,650,1406,object,3120,4208
train_1092.jpg,686,1186,810,1408,object,3120,4208
train_1092.jpg,807,1186,952,1418,object,3120,4208
train_1092.jpg,954,1191,1110,1418,object,3120,4208
train_1092.jpg,1110,1191,1221,1418,object,3120,4208
train_1092.jpg,1221,1177,1405,1418,object,3120,4208
train_1092.jpg,425,1200,530,1393,object,3120,4208
train_1092.jpg,1998,1854,2130,2134,object,3120,4208
train_1092.jpg,1745,2223,1892,2387,object,3120,4208
train_1092.jpg,1408,1176,1577,1417,object,3120,4208
train_1092.jpg,1906,2387,2064,2498,object,3120,4208
train_1092.jpg,2074,2379,2207,2508,object,3120,4208
train_1092.jpg,2129,1857,2292,2141,object,3120,4208
train_1092.jpg,2050,1550,2245,1761,object,3120,4208
train_1092.jpg,2055,2206,2205,2382,object,3120,4208
train_1092.jpg,1932,1164,2118,1398,object,3120,4208
train_1092.jpg,1761,1171,1932,1399,object,3120,4208
train_1092.jpg,1574,1172,1760,1418,object,3120,4208
train_1092.jpg,2119,1166,2323,1384,object,3120,4208
train_1092.jpg,1902,2199,2047,2387,object,3120,4208
train_1093.jpg,1114,1906,1210,2221,object,2448,3264
train_1093.jpg,1495,1875,1591,2170,object,2448,3264
train_1093.jpg,1209,1879,1290,2223,object,2448,3264
train_1093.jpg,1290,1879,1389,2188,object,2448,3264
train_1093.jpg,1014,1879,1106,2223,object,2448,3264
train_1093.jpg,1397,1877,1490,2193,object,2448,3264
train_1093.jpg,2304,1829,2385,2128,object,2448,3264
train_1093.jpg,1687,1864,1804,2162,object,2448,3264
train_1093.jpg,1990,1829,2080,2126,object,2448,3264
train_1093.jpg,2093,1842,2190,2124,object,2448,3264
train_1093.jpg,2208,1844,2304,2128,object,2448,3264
train_1093.jpg,2392,1833,2450,2087,object,2448,3264
train_1093.jpg,1978,1496,2079,1811,object,2448,3264
train_1093.jpg,2196,1511,2281,1796,object,2448,3264
train_1093.jpg,2097,1511,2195,1810,object,2448,3264
train_1093.jpg,1596,1860,1674,2166,object,2448,3264
train_1093.jpg,907,1894,1005,2225,object,2448,3264
train_1093.jpg,1955,1156,2059,1451,object,2448,3264
train_1093.jpg,593,1814,706,2105,object,2448,3264
train_1093.jpg,1121,1393,1216,1798,object,2448,3264
train_1093.jpg,1213,1399,1320,1798,object,2448,3264
train_1093.jpg,1328,1446,1412,1785,object,2448,3264
train_1093.jpg,1416,1449,1517,1795,object,2448,3264
train_1093.jpg,1523,1446,1607,1809,object,2448,3264
train_1093.jpg,1607,1462,1696,1810,object,2448,3264
train_1093.jpg,1710,1462,1799,1786,object,2448,3264
train_1093.jpg,2284,1502,2399,1795,object,2448,3264
train_1093.jpg,2066,1166,2177,1458,object,2448,3264
train_1093.jpg,2177,1163,2277,1456,object,2448,3264
train_1093.jpg,2277,1159,2366,1458,object,2448,3264
train_1093.jpg,2372,1159,2449,1438,object,2448,3264
train_1093.jpg,31,1798,148,2146,object,2448,3264
train_1093.jpg,157,1826,264,2143,object,2448,3264
train_1093.jpg,264,1825,383,2125,object,2448,3264
train_1093.jpg,394,1824,480,2120,object,2448,3264
train_1093.jpg,482,1825,594,2105,object,2448,3264
train_1093.jpg,708,1814,787,2092,object,2448,3264
train_1093.jpg,2399,1504,2448,1782,object,2448,3264
train_1093.jpg,1557,2244,1649,2472,object,2448,3264
train_1093.jpg,194,2244,302,2613,object,2448,3264
train_1093.jpg,1190,2591,1270,2840,object,2448,3264
train_1093.jpg,1278,2552,1374,2839,object,2448,3264
train_1093.jpg,1374,2564,1458,2833,object,2448,3264
train_1093.jpg,1458,2547,1537,2832,object,2448,3264
train_1093.jpg,1634,2532,1724,2767,object,2448,3264
train_1093.jpg,1726,2533,1813,2767,object,2448,3264
train_1093.jpg,1978,2483,2069,2788,object,2448,3264
train_1093.jpg,2070,2477,2174,2786,object,2448,3264
train_1093.jpg,2177,2476,2278,2759,object,2448,3264
train_1093.jpg,2277,2453,2378,2759,object,2448,3264
train_1093.jpg,2376,2453,2448,2742,object,2448,3264
train_1093.jpg,1971,2166,2082,2455,object,2448,3264
train_1093.jpg,2085,2166,2170,2457,object,2448,3264
train_1093.jpg,2170,2166,2274,2428,object,2448,3264
train_1093.jpg,2277,2160,2384,2426,object,2448,3264
train_1093.jpg,2384,2158,2450,2426,object,2448,3264
train_1093.jpg,1010,1396,1113,1814,object,2448,3264
train_1093.jpg,1098,2589,1184,2866,object,2448,3264
train_1093.jpg,38,2261,191,2610,object,2448,3264
train_1093.jpg,1003,2617,1094,2867,object,2448,3264
train_1093.jpg,578,2621,693,2973,object,2448,3264
train_1093.jpg,310,2238,442,2597,object,2448,3264
train_1093.jpg,452,2198,572,2602,object,2448,3264
train_1093.jpg,587,2212,693,2566,object,2448,3264
train_1093.jpg,693,2216,800,2568,object,2448,3264
train_1093.jpg,945,2311,1016,2527,object,2448,3264
train_1093.jpg,1014,2294,1097,2525,object,2448,3264
train_1093.jpg,1098,2296,1198,2506,object,2448,3264
train_1093.jpg,1198,2289,1294,2506,object,2448,3264
train_1093.jpg,1297,2288,1394,2486,object,2448,3264
train_1093.jpg,1393,2270,1477,2487,object,2448,3264
train_1093.jpg,1477,2269,1558,2473,object,2448,3264
train_1093.jpg,1649,2246,1747,2465,object,2448,3264
train_1093.jpg,1749,2222,1827,2464,object,2448,3264
train_1093.jpg,34,2663,178,3029,object,2448,3264
train_1093.jpg,180,2657,302,3031,object,2448,3264
train_1093.jpg,302,2656,448,3012,object,2448,3264
train_1093.jpg,448,2620,575,3015,object,2448,3264
train_1093.jpg,693,2603,818,2973,object,2448,3264
train_1093.jpg,1538,2545,1627,2779,object,2448,3264
train_1093.jpg,321,1108,419,1339,object,2448,3264
train_1093.jpg,4,1496,83,1736,object,2448,3264
train_1093.jpg,562,792,653,1022,object,2448,3264
train_1093.jpg,654,804,732,1022,object,2448,3264
train_1093.jpg,884,964,983,1295,object,2448,3264
train_1093.jpg,991,977,1083,1293,object,2448,3264
train_1093.jpg,1083,980,1198,1296,object,2448,3264
train_1093.jpg,1198,963,1297,1293,object,2448,3264
train_1093.jpg,1297,972,1389,1298,object,2448,3264
train_1093.jpg,1389,978,1498,1301,object,2448,3264
train_1093.jpg,1496,976,1596,1279,object,2448,3264
train_1093.jpg,1596,970,1695,1278,object,2448,3264
train_1093.jpg,1695,972,1790,1293,object,2448,3264
train_1093.jpg,15,1136,135,1355,object,2448,3264
train_1093.jpg,134,1123,218,1355,object,2448,3264
train_1093.jpg,226,1125,321,1342,object,2448,3264
train_1093.jpg,425,1114,503,1332,object,2448,3264
train_1093.jpg,501,1128,592,1339,object,2448,3264
train_1093.jpg,907,1412,1009,1813,object,2448,3264
train_1093.jpg,685,1447,783,1726,object,2448,3264
train_1093.jpg,593,1458,685,1724,object,2448,3264
train_1093.jpg,486,1471,579,1722,object,2448,3264
train_1093.jpg,394,1504,487,1724,object,2448,3264
train_1093.jpg,295,1491,380,1714,object,2448,3264
train_1093.jpg,195,1489,295,1715,object,2448,3264
train_1093.jpg,88,1489,195,1737,object,2448,3264
train_1093.jpg,601,1133,685,1338,object,2448,3264
train_1093.jpg,2385,834,2450,1128,object,2448,3264
train_1093.jpg,2281,804,2374,1117,object,2448,3264
train_1093.jpg,2185,819,2283,1119,object,2448,3264
train_1093.jpg,2062,819,2176,1110,object,2448,3264
train_1093.jpg,490,792,565,1029,object,2448,3264
train_1093.jpg,1971,811,2062,1108,object,2448,3264
train_1093.jpg,390,796,488,1033,object,2448,3264
train_1093.jpg,199,792,291,1017,object,2448,3264
train_1093.jpg,61,471,144,676,object,2448,3264
train_1093.jpg,149,471,224,686,object,2448,3264
train_1093.jpg,226,468,318,685,object,2448,3264
train_1093.jpg,318,467,414,684,object,2448,3264
train_1093.jpg,417,476,486,689,object,2448,3264
train_1093.jpg,486,474,575,680,object,2448,3264
train_1093.jpg,578,501,657,681,object,2448,3264
train_1093.jpg,654,501,732,680,object,2448,3264
train_1093.jpg,869,532,980,873,object,2448,3264
train_1093.jpg,302,797,388,1018,object,2448,3264
train_1093.jpg,983,546,1091,872,object,2448,3264
train_1093.jpg,1091,547,1185,881,object,2448,3264
train_1093.jpg,685,1127,751,1339,object,2448,3264
train_1093.jpg,1305,551,1406,882,object,2448,3264
train_1093.jpg,115,792,194,1014,object,2448,3264
train_1093.jpg,19,781,112,1016,object,2448,3264
train_1093.jpg,1198,548,1305,880,object,2448,3264
train_1093.jpg,2242,475,2320,761,object,2448,3264
train_1093.jpg,2150,467,2242,764,object,2448,3264
train_1093.jpg,2323,474,2436,747,object,2448,3264
train_1093.jpg,1955,467,2046,756,object,2448,3264
train_1093.jpg,1697,559,1799,871,object,2448,3264
train_1093.jpg,1603,562,1698,876,object,2448,3264
train_1093.jpg,1504,562,1602,875,object,2448,3264
train_1093.jpg,1404,562,1501,880,object,2448,3264
train_1093.jpg,2051,467,2150,758,object,2448,3264
train_1094.jpg,2328,2844,2411,2965,object,2448,3264
train_1094.jpg,334,1592,450,1918,object,2448,3264
train_1094.jpg,453,1598,588,1922,object,2448,3264
train_1094.jpg,589,1601,706,1921,object,2448,3264
train_1094.jpg,708,1612,826,1922,object,2448,3264
train_1094.jpg,831,1614,938,1932,object,2448,3264
train_1094.jpg,941,1614,1046,1938,object,2448,3264
train_1094.jpg,80,2820,194,2893,object,2448,3264
train_1094.jpg,2250,2859,2323,2967,object,2448,3264
train_1094.jpg,1191,2002,1342,2253,object,2448,3264
train_1094.jpg,1344,2007,1601,2270,object,2448,3264
train_1094.jpg,1617,2024,1861,2267,object,2448,3264
train_1094.jpg,1871,2028,2015,2292,object,2448,3264
train_1094.jpg,2017,2059,2182,2297,object,2448,3264
train_1094.jpg,2186,2050,2437,2280,object,2448,3264
train_1094.jpg,2346,2392,2450,2622,object,2448,3264
train_1094.jpg,2204,2384,2334,2629,object,2448,3264
train_1094.jpg,2063,2419,2195,2626,object,2448,3264
train_1094.jpg,1936,2402,2059,2623,object,2448,3264
train_1094.jpg,321,2807,444,2896,object,2448,3264
train_1094.jpg,1619,2364,1760,2609,object,2448,3264
train_1094.jpg,1465,2358,1603,2612,object,2448,3264
train_1094.jpg,1306,2356,1455,2600,object,2448,3264
train_1094.jpg,1161,2345,1301,2602,object,2448,3264
train_1094.jpg,1012,2340,1151,2589,object,2448,3264
train_1094.jpg,867,2337,1007,2582,object,2448,3264
train_1094.jpg,708,2336,857,2588,object,2448,3264
train_1094.jpg,572,2349,702,2582,object,2448,3264
train_1094.jpg,431,2350,567,2578,object,2448,3264
train_1094.jpg,264,2345,420,2569,object,2448,3264
train_1094.jpg,123,2342,253,2565,object,2448,3264
train_1094.jpg,13,2340,114,2560,object,2448,3264
train_1094.jpg,1039,1994,1188,2252,object,2448,3264
train_1094.jpg,201,2815,321,2899,object,2448,3264
train_1094.jpg,898,2006,1038,2247,object,2448,3264
train_1094.jpg,618,2010,752,2238,object,2448,3264
train_1094.jpg,2181,2845,2243,2974,object,2448,3264
train_1094.jpg,2059,2824,2169,2965,object,2448,3264
train_1094.jpg,1944,2824,2054,2949,object,2448,3264
train_1094.jpg,1812,2834,1931,2934,object,2448,3264
train_1094.jpg,1677,2785,1812,2921,object,2448,3264
train_1094.jpg,1600,2803,1672,2916,object,2448,3264
train_1094.jpg,1469,2842,1597,2924,object,2448,3264
train_1094.jpg,1350,2838,1465,2925,object,2448,3264
train_1094.jpg,1220,2837,1346,2921,object,2448,3264
train_1094.jpg,1095,2833,1214,2921,object,2448,3264
train_1094.jpg,962,2833,1091,2926,object,2448,3264
train_1094.jpg,831,2821,959,2912,object,2448,3264
train_1094.jpg,701,2820,827,2907,object,2448,3264
train_1094.jpg,576,2813,695,2903,object,2448,3264
train_1094.jpg,701,2679,831,2776,object,2448,3264
train_1094.jpg,578,2679,699,2766,object,2448,3264
train_1094.jpg,453,2809,572,2899,object,2448,3264
train_1094.jpg,84,1597,213,1917,object,2448,3264
train_1094.jpg,0,1597,78,1912,object,2448,3264
train_1094.jpg,38,1997,176,2227,object,2448,3264
train_1094.jpg,190,1997,321,2238,object,2448,3264
train_1094.jpg,326,2000,471,2243,object,2448,3264
train_1094.jpg,476,2010,611,2240,object,2448,3264
train_1094.jpg,751,2014,893,2252,object,2448,3264
train_1094.jpg,1051,1611,1177,1936,object,2448,3264
train_1094.jpg,1768,2362,1910,2615,object,2448,3264
train_1094.jpg,1289,1620,1400,1918,object,2448,3264
train_1094.jpg,510,349,655,743,object,2448,3264
train_1094.jpg,253,459,374,607,object,2448,3264
train_1094.jpg,356,251,497,394,object,2448,3264
train_1094.jpg,229,249,345,444,object,2448,3264
train_1094.jpg,87,286,224,460,object,2448,3264
train_1094.jpg,88,797,211,1153,object,2448,3264
train_1094.jpg,221,814,374,1154,object,2448,3264
train_1094.jpg,382,809,510,1161,object,2448,3264
train_1094.jpg,519,814,616,1164,object,2448,3264
train_1094.jpg,621,811,757,1170,object,2448,3264
train_1094.jpg,763,814,889,1167,object,2448,3264
train_1094.jpg,895,818,1003,1175,object,2448,3264
train_1094.jpg,1005,835,1126,1170,object,2448,3264
train_1094.jpg,1127,836,1271,1172,object,2448,3264
train_1094.jpg,1276,815,1434,1179,object,2448,3264
train_1094.jpg,1584,845,1698,1182,object,2448,3264
train_1094.jpg,1702,834,1799,1179,object,2448,3264
train_1094.jpg,2341,837,2450,1188,object,2448,3264
train_1094.jpg,1844,901,1936,1038,object,2448,3264
train_1094.jpg,1940,991,2096,1091,object,2448,3264
train_1094.jpg,2120,915,2225,1045,object,2448,3264
train_1094.jpg,664,378,783,739,object,2448,3264
train_1094.jpg,796,392,898,739,object,2448,3264
train_1094.jpg,906,361,1043,739,object,2448,3264
train_1094.jpg,1047,355,1204,752,object,2448,3264
train_1094.jpg,1188,1619,1288,1939,object,2448,3264
train_1094.jpg,487,4,625,245,object,2448,3264
train_1094.jpg,637,2,770,277,object,2448,3264
train_1094.jpg,778,1,924,277,object,2448,3264
train_1094.jpg,931,4,1047,272,object,2448,3264
train_1094.jpg,1060,2,1161,277,object,2448,3264
train_1094.jpg,1173,9,1302,277,object,2448,3264
train_1094.jpg,1304,0,1460,272,object,2448,3264
train_1094.jpg,1545,3,1667,273,object,2448,3264
train_1094.jpg,1687,9,1808,274,object,2448,3264
train_1094.jpg,2261,1636,2342,1791,object,2448,3264
train_1094.jpg,1815,8,1940,282,object,2448,3264
train_1094.jpg,2120,3,2446,282,object,2448,3264
train_1094.jpg,2353,375,2446,748,object,2448,3264
train_1094.jpg,2219,374,2347,751,object,2448,3264
train_1094.jpg,2072,372,2213,752,object,2448,3264
train_1094.jpg,1984,378,2067,748,object,2448,3264
train_1094.jpg,1856,366,1977,748,object,2448,3264
train_1094.jpg,1751,374,1850,746,object,2448,3264
train_1094.jpg,1623,375,1752,748,object,2448,3264
train_1094.jpg,1281,501,1408,670,object,2448,3264
train_1094.jpg,1410,356,1592,541,object,2448,3264
train_1094.jpg,1944,9,2094,274,object,2448,3264
train_1094.jpg,2015,1668,2121,1958,object,2448,3264
train_1094.jpg,1437,841,1575,1183,object,2448,3264
train_1094.jpg,1548,1629,1667,1940,object,2448,3264
train_1094.jpg,1425,1628,1535,1937,object,2448,3264
train_1094.jpg,1905,1628,2007,1951,object,2448,3264
train_1094.jpg,1786,1627,1899,1949,object,2448,3264
train_1094.jpg,1676,1632,1778,1942,object,2448,3264
train_1095.jpg,1273,1168,1374,1515,object,2448,3264
train_1095.jpg,1377,1174,1503,1517,object,2448,3264
train_1095.jpg,1512,1173,1618,1527,object,2448,3264
train_1095.jpg,1627,1173,1766,1507,object,2448,3264
train_1095.jpg,1777,1188,1885,1527,object,2448,3264
train_1095.jpg,1902,1189,2010,1529,object,2448,3264
train_1095.jpg,2015,1186,2124,1530,object,2448,3264
train_1095.jpg,2131,1203,2241,1531,object,2448,3264
train_1095.jpg,2242,1176,2361,1530,object,2448,3264
train_1095.jpg,619,1557,735,1895,object,2448,3264
train_1095.jpg,1353,2001,1490,2263,object,2448,3264
train_1095.jpg,898,1158,1019,1503,object,2448,3264
train_1095.jpg,125,2895,260,2978,object,2448,3264
train_1095.jpg,265,2895,406,2983,object,2448,3264
train_1095.jpg,724,2860,818,2988,object,2448,3264
train_1095.jpg,818,2865,918,2987,object,2448,3264
train_1095.jpg,923,2865,1018,2991,object,2448,3264
train_1095.jpg,1048,2835,1140,2966,object,2448,3264
train_1095.jpg,1148,2830,1233,2952,object,2448,3264
train_1095.jpg,1243,2845,1330,2972,object,2448,3264
train_1095.jpg,1338,2850,1429,2977,object,2448,3264
train_1095.jpg,739,1557,847,1902,object,2448,3264
train_1095.jpg,779,1163,895,1492,object,2448,3264
train_1095.jpg,629,1143,761,1500,object,2448,3264
train_1095.jpg,504,1148,619,1498,object,2448,3264
train_1095.jpg,205,250,351,624,object,2448,3264
train_1095.jpg,411,274,538,638,object,2448,3264
train_1095.jpg,744,264,879,655,object,2448,3264
train_1095.jpg,904,325,1030,664,object,2448,3264
train_1095.jpg,1052,296,1210,671,object,2448,3264
train_1095.jpg,1212,314,1367,679,object,2448,3264
train_1095.jpg,1372,309,1767,691,object,2448,3264
train_1095.jpg,1981,374,2084,705,object,2448,3264
train_1095.jpg,2089,372,2191,703,object,2448,3264
train_1095.jpg,2197,373,2283,703,object,2448,3264
train_1095.jpg,2292,341,2448,706,object,2448,3264
train_1095.jpg,1063,2660,1154,2796,object,2448,3264
train_1095.jpg,15,814,117,1079,object,2448,3264
train_1095.jpg,574,734,717,1092,object,2448,3264
train_1095.jpg,721,754,846,1094,object,2448,3264
train_1095.jpg,853,734,1013,1107,object,2448,3264
train_1095.jpg,1027,755,1160,1113,object,2448,3264
train_1095.jpg,1163,774,1290,1115,object,2448,3264
train_1095.jpg,1298,784,1419,1113,object,2448,3264
train_1095.jpg,1422,764,1923,1124,object,2448,3264
train_1095.jpg,1931,805,2047,1128,object,2448,3264
train_1095.jpg,2171,776,2319,1128,object,2448,3264
train_1095.jpg,474,735,574,1086,object,2448,3264
train_1095.jpg,5,1148,256,1484,object,2448,3264
train_1095.jpg,126,724,252,1078,object,2448,3264
train_1095.jpg,1492,1996,1731,2243,object,2448,3264
train_1095.jpg,1153,2670,1248,2794,object,2448,3264
train_1095.jpg,1637,2820,1754,2965,object,2448,3264
train_1095.jpg,2261,1994,2404,2251,object,2448,3264
train_1095.jpg,2061,1981,2250,2250,object,2448,3264
train_1095.jpg,1762,1991,2015,2251,object,2448,3264
train_1095.jpg,858,1557,964,1900,object,2448,3264
train_1095.jpg,968,1552,1074,1899,object,2448,3264
train_1095.jpg,1083,1552,1223,1894,object,2448,3264
train_1095.jpg,1233,1557,1366,1894,object,2448,3264
train_1095.jpg,1377,1566,1479,1908,object,2448,3264
train_1095.jpg,1487,1567,1592,1904,object,2448,3264
train_1095.jpg,1602,1567,1716,1911,object,2448,3264
train_1095.jpg,1722,1591,1848,1911,object,2448,3264
train_1095.jpg,0,2352,99,2614,object,2448,3264
train_1095.jpg,1847,1582,1961,1916,object,2448,3264
train_1095.jpg,2076,1603,2172,1916,object,2448,3264
train_1095.jpg,2181,1607,2268,1920,object,2448,3264
train_1095.jpg,2271,1598,2347,1897,object,2448,3264
train_1095.jpg,2352,1607,2448,1915,object,2448,3264
train_1095.jpg,50,2006,255,2277,object,2448,3264
train_1095.jpg,260,2011,450,2268,object,2448,3264
train_1095.jpg,454,2016,646,2256,object,2448,3264
train_1095.jpg,659,2001,827,2256,object,2448,3264
train_1095.jpg,838,2001,1026,2256,object,2448,3264
train_1095.jpg,1033,2001,1199,2258,object,2448,3264
train_1095.jpg,1198,1986,1348,2256,object,2448,3264
train_1095.jpg,1971,1582,2065,1913,object,2448,3264
train_1095.jpg,102,2348,250,2608,object,2448,3264
train_1095.jpg,255,2343,411,2607,object,2448,3264
train_1095.jpg,416,2340,575,2613,object,2448,3264
train_1095.jpg,1767,2825,1892,2972,object,2448,3264
train_1095.jpg,1906,2835,2029,2972,object,2448,3264
train_1095.jpg,2041,2680,2122,2791,object,2448,3264
train_1095.jpg,2131,2675,2222,2790,object,2448,3264
train_1095.jpg,2071,2845,2149,2963,object,2448,3264
train_1095.jpg,2156,2840,2231,2960,object,2448,3264
train_1095.jpg,2236,2840,2316,2961,object,2448,3264
train_1095.jpg,2316,2815,2389,2940,object,2448,3264
train_1095.jpg,279,794,467,913,object,2448,3264
train_1095.jpg,324,1602,539,1855,object,2448,3264
train_1095.jpg,15,2875,116,2992,object,2448,3264
train_1095.jpg,314,2695,450,2790,object,2448,3264
train_1095.jpg,185,2705,307,2797,object,2448,3264
train_1095.jpg,2196,2361,2378,2613,object,2448,3264
train_1095.jpg,1971,2470,2174,2590,object,2448,3264
train_1095.jpg,1767,2470,1959,2586,object,2448,3264
train_1095.jpg,1971,2331,2181,2467,object,2448,3264
train_1095.jpg,1757,2341,1966,2460,object,2448,3264
train_1095.jpg,1542,2465,1759,2595,object,2448,3264
train_1095.jpg,1338,2465,1543,2599,object,2448,3264
train_1095.jpg,1036,2356,1185,2606,object,2448,3264
train_1095.jpg,886,2355,1035,2605,object,2448,3264
train_1095.jpg,735,2360,884,2609,object,2448,3264
train_1095.jpg,82,300,162,625,object,2448,3264
train_1095.jpg,581,2357,727,2622,object,2448,3264
train_1095.jpg,1258,2675,1351,2801,object,2448,3264
train_1095.jpg,1,302,81,628,object,2448,3264
train_1095.jpg,2049,804,2159,1132,object,2448,3264
train_1096.jpg,1,2289,48,2425,object,2448,3264
train_1096.jpg,1192,1738,1239,1859,object,2448,3264
train_1096.jpg,1250,1749,1316,1867,object,2448,3264
train_1096.jpg,1314,1653,1469,1897,object,2448,3264
train_1096.jpg,1500,1764,1559,1943,object,2448,3264
train_1096.jpg,1563,1775,1629,1938,object,2448,3264
train_1096.jpg,1636,1784,1696,1938,object,2448,3264
train_1096.jpg,1701,1807,1769,1966,object,2448,3264
train_1096.jpg,1134,1717,1183,1848,object,2448,3264
train_1096.jpg,1780,1807,1857,1985,object,2448,3264
train_1096.jpg,1966,1844,2040,2005,object,2448,3264
train_1096.jpg,1923,2077,2065,2370,object,2448,3264
train_1096.jpg,1759,2061,1895,2358,object,2448,3264
train_1096.jpg,1606,2077,1733,2306,object,2448,3264
train_1096.jpg,1489,2045,1597,2274,object,2448,3264
train_1096.jpg,1383,2040,1478,2269,object,2448,3264
train_1096.jpg,1245,2008,1360,2237,object,2448,3264
train_1096.jpg,1870,1807,1949,2002,object,2448,3264
train_1096.jpg,1070,1706,1125,1846,object,2448,3264
train_1096.jpg,1007,1711,1064,1847,object,2448,3264
train_1096.jpg,948,1701,1006,1834,object,2448,3264
train_1096.jpg,1664,1372,1746,1540,object,2448,3264
train_1096.jpg,1764,1367,1832,1554,object,2448,3264
train_1096.jpg,1833,1372,1914,1563,object,2448,3264
train_1096.jpg,1929,1288,2016,1355,object,2448,3264
train_1096.jpg,1288,2671,1430,2908,object,2448,3264
train_1096.jpg,2000,1377,2089,1569,object,2448,3264
train_1096.jpg,2135,1526,2450,1664,object,2448,3264
train_1096.jpg,2236,800,2450,1245,object,2448,3264
train_1096.jpg,2204,2872,2416,3192,object,2448,3264
train_1096.jpg,1844,2856,2050,3119,object,2448,3264
train_1096.jpg,244,1494,572,1706,object,2448,3264
train_1096.jpg,101,1478,266,1669,object,2448,3264
train_1096.jpg,4,1542,101,1642,object,2448,3264
train_1096.jpg,615,1542,716,1777,object,2448,3264
train_1096.jpg,737,1669,777,1798,object,2448,3264
train_1096.jpg,790,1674,828,1804,object,2448,3264
train_1096.jpg,880,1690,939,1830,object,2448,3264
train_1096.jpg,1145,1987,1240,2210,object,2448,3264
train_1096.jpg,1017,1966,1138,2148,object,2448,3264
train_1096.jpg,848,1886,986,2143,object,2448,3264
train_1096.jpg,673,1881,834,2110,object,2448,3264
train_1096.jpg,1658,2406,1817,2571,object,2448,3264
train_1096.jpg,1833,2448,2030,2726,object,2448,3264
train_1096.jpg,2104,2512,2296,2721,object,2448,3264
train_1096.jpg,2104,2273,2362,2500,object,2448,3264
train_1096.jpg,2210,2109,2402,2268,object,2448,3264
train_1096.jpg,58,2310,122,2463,object,2448,3264
train_1096.jpg,1648,2851,1837,3020,object,2448,3264
train_1096.jpg,132,2331,194,2435,object,2448,3264
train_1096.jpg,154,2448,279,2495,object,2448,3264
train_1096.jpg,291,2384,361,2520,object,2448,3264
train_1096.jpg,382,2384,454,2562,object,2448,3264
train_1096.jpg,509,2422,591,2593,object,2448,3264
train_1096.jpg,595,2447,698,2633,object,2448,3264
train_1096.jpg,721,2480,797,2696,object,2448,3264
train_1096.jpg,821,2586,938,2673,object,2448,3264
train_1096.jpg,964,2596,1100,2810,object,2448,3264
train_1096.jpg,1102,2607,1255,2834,object,2448,3264
train_1096.jpg,1574,2369,1629,2570,object,2448,3264
train_1096.jpg,1595,1378,1658,1532,object,2448,3264
train_1096.jpg,1129,2278,1245,2410,object,2448,3264
train_1096.jpg,646,2236,729,2399,object,2448,3264
train_1096.jpg,519,1802,629,1958,object,2448,3264
train_1096.jpg,434,1775,521,1932,object,2448,3264
train_1096.jpg,350,1770,447,1933,object,2448,3264
train_1096.jpg,164,1764,349,1913,object,2448,3264
train_1096.jpg,16,1711,164,1873,object,2448,3264
train_1096.jpg,64,1945,123,2070,object,2448,3264
train_1096.jpg,138,1923,208,2089,object,2448,3264
train_1096.jpg,223,1971,259,2092,object,2448,3264
train_1096.jpg,260,1982,349,2113,object,2448,3264
train_1096.jpg,366,1987,442,2144,object,2448,3264
train_1096.jpg,440,1992,531,2160,object,2448,3264
train_1096.jpg,546,2024,664,2192,object,2448,3264
train_1096.jpg,16,2098,88,2223,object,2448,3264
train_1096.jpg,244,2162,369,2300,object,2448,3264
train_1096.jpg,387,2178,469,2328,object,2448,3264
train_1096.jpg,477,2210,555,2360,object,2448,3264
train_1096.jpg,572,2231,638,2390,object,2448,3264
train_1096.jpg,927,2220,1074,2394,object,2448,3264
train_1096.jpg,1452,1256,1592,1514,object,2448,3264
train_1096.jpg,1447,2718,1646,2962,object,2448,3264
train_1096.jpg,1160,1256,1275,1512,object,2448,3264
train_1096.jpg,1070,895,1193,1158,object,2448,3264
train_1096.jpg,1192,911,1317,1161,object,2448,3264
train_1096.jpg,1415,885,1559,1171,object,2448,3264
train_1096.jpg,1817,864,1970,1177,object,2448,3264
train_1096.jpg,1966,864,2104,1179,object,2448,3264
train_1096.jpg,132,578,224,849,object,2448,3264
train_1096.jpg,232,557,327,844,object,2448,3264
train_1096.jpg,350,450,443,851,object,2448,3264
train_1096.jpg,440,434,586,835,object,2448,3264
train_1096.jpg,588,366,734,823,object,2448,3264
train_1096.jpg,731,440,986,796,object,2448,3264
train_1096.jpg,986,927,1068,1169,object,2448,3264
train_1096.jpg,986,408,1255,781,object,2448,3264
train_1096.jpg,1420,487,1560,791,object,2448,3264
train_1096.jpg,1563,466,1678,774,object,2448,3264
train_1096.jpg,1664,281,1893,775,object,2448,3264
train_1096.jpg,1921,238,2151,771,object,2448,3264
train_1096.jpg,1288,1261,1425,1515,object,2448,3264
train_1096.jpg,917,1266,1035,1500,object,2448,3264
train_1096.jpg,827,1245,920,1468,object,2448,3264
train_1096.jpg,705,1235,823,1457,object,2448,3264
train_1096.jpg,578,1213,705,1453,object,2448,3264
train_1096.jpg,461,1224,569,1436,object,2448,3264
train_1096.jpg,376,1224,455,1436,object,2448,3264
train_1096.jpg,1282,498,1418,795,object,2448,3264
train_1096.jpg,784,911,899,1170,object,2448,3264
train_1096.jpg,1553,880,1671,1191,object,2448,3264
train_1096.jpg,540,954,672,1157,object,2448,3264
train_1096.jpg,106,933,189,1155,object,2448,3264
train_1096.jpg,678,922,782,1174,object,2448,3264
train_1096.jpg,69,1213,209,1423,object,2448,3264
train_1096.jpg,207,1219,298,1420,object,2448,3264
train_1096.jpg,297,1229,365,1429,object,2448,3264
train_1096.jpg,15,938,95,1156,object,2448,3264
train_1096.jpg,196,917,308,1150,object,2448,3264
train_1096.jpg,329,917,500,1171,object,2448,3264
train_1096.jpg,1028,1256,1149,1483,object,2448,3264
train_1097.jpg,1367,1126,1402,1221,object,2560,1920
train_1097.jpg,1319,1176,1365,1251,object,2560,1920
train_1097.jpg,1312,1354,1354,1470,object,2560,1920
train_1097.jpg,1400,1120,1432,1220,object,2560,1920
train_1097.jpg,1457,1082,1497,1169,object,2560,1920
train_1097.jpg,1494,1068,1526,1146,object,2560,1920
train_1097.jpg,1526,1062,1563,1146,object,2560,1920
train_1097.jpg,633,1830,684,1921,object,2560,1920
train_1097.jpg,688,1819,731,1922,object,2560,1920
train_1097.jpg,732,1773,778,1898,object,2560,1920
train_1097.jpg,1266,1386,1305,1524,object,2560,1920
train_1097.jpg,1211,1423,1264,1526,object,2560,1920
train_1097.jpg,1179,1465,1206,1584,object,2560,1920
train_1097.jpg,1384,1308,1425,1403,object,2560,1920
train_1097.jpg,1425,1290,1456,1402,object,2560,1920
train_1097.jpg,1274,1184,1319,1290,object,2560,1920
train_1097.jpg,1354,1317,1387,1428,object,2560,1920
train_1097.jpg,778,1754,822,1859,object,2560,1920
train_